-8536,-6312,3898
-7622,-4696,-3336
-7408,-4574,-3140
-7718,-3140,-6930
2250,-3272,3538
10488,3868,-1608
9502,-2482,6244
10330,4230,-1600
-7796,-3056,-6728
9424,-2330,6074
-4396,-8366,150
-2576,-3612,11176
10118,4274,-1440
-2692,-5476,-7118
-2530,-5128,9992
-5188,-4270,-6138
-5206,3122,-9256
3424,1844,-2748
-5274,-4036,3398
-7116,-4536,-926
-7430,-4510,-814
-6982,-4378,-1006
-5622,2894,-9128
254,-3056,11302
-7518,-4226,-946
-6712,2978,-7602
7848,-4988,-4316
-3600,-4964,8308
-4796,-3372,-7002
-5008,1252,-9454
-3624,-4976,8120
-1822,-2728,-6302
-3686,-4858,7954
-1998,3628,1030
-8006,-3496,5916
-2430,854,2532
-1566,2962,10686
-834,-4976,-8570
-4758,1056,-9486
-2374,972,2354
-8080,-3496,5592
-1780,-2662,-6408
5682,-7448,-4522
-730,-5096,-8512
-1708,-4828,4152
6378,70,8994
3572,2264,-2772
10308,-318,-3764
7746,-4696,-4412
-4776,-5496,-6066
-1312,-5622,10138
2096,2276,2596
8392,-6524,864
-6536,3048,-7418
7918,-4562,-4398
-2028,1186,2262
-3504,-6176,-2108
1708,3698,-2072
-5048,2666,-8862
-5258,-780,3352
-228,-6182,9654
5650,4186,-6266
3972,1540,834
4424,442,3100
-826,1802,2038
-1738,-4876,4290
-4966,2576,-8796
-1190,-5552,10082
-3290,-6112,-1514
-8216,-3230,5712
5586,-7270,-4604
-5788,1798,-8200
-3020,-8706,-2442
1572,-6580,9734
-5224,-3252,-6652
2020,-6434,10014
-5536,-4970,3436
-4332,-6132,8292
3488,-1086,-10404
8550,2008,6020
-3418,-5868,-4786
-1690,-9044,-3272
-6232,3278,-7698
1954,-6420,9996
-2368,-6882,-2444
-4380,-5702,-5712
7874,-7274,3252
-7454,-2068,6724
8346,-6846,2876
7864,-3086,7264
9218,-3542,2982
-8598,-3368,2874
-1860,4086,-2652
2364,4844,-8202
10608,-660,-3920
-4482,-5644,-5908
-5430,-5114,3570
2014,2642,2878
5634,-7200,-4194
6522,342,8426
-4464,-2034,3472
-2914,-6234,-1416
-1508,3198,10452
10006,1262,-3278
8552,202,-6926
-5010,-2830,-6952
-2228,-6606,-2236
3600,-1176,-10294
-778,-4764,-8266
8766,1928,5696
-3234,-3892,-7274
5316,-9450,1352
1200,-4570,-4904
336,6906,-7154
-6832,-3170,-266
2018,5262,8636
8058,-2652,5464
2412,5186,-7954
472,7016,-6980
-5056,-7422,-2368
8148,-6674,778
10592,-2006,-3360
3726,3030,9572
-3138,6620,-6134
4358,-488,-2980
-2412,1128,12366
4038,766,3572
-5898,3088,-7644
-3244,-4374,4962
2216,2584,2830
-6588,-5526,4216
-2230,898,12352
-7764,-3140,5582
-7778,-3120,5522
-5906,3206,-7438
-4840,3094,-7186
-4670,5166,-6938
9066,-3652,3502
10488,-442,-1844
-676,-2936,11362
5372,3346,-7692
-4106,-5556,-6062
588,2214,-4912
1690,-4120,4788
4562,704,-2242
3406,-5886,9382
-2172,-3356,10568
-610,-9528,-3886
-4498,-2304,3562
-6602,4888,6338
5120,-1504,-9056
6220,1102,-9826
2120,5164,8594
10362,-666,-4086
-3262,-5816,-4518
8882,-3516,3212
4340,-1150,-2582
-4236,-7374,-2146
-2066,2548,-3402
6996,-4246,7660
-182,2848,1842
5146,-3286,-1768
-6864,-3042,62
4596,-312,-3014
3602,3506,9456
-6766,-2858,-34
-230,2856,1934
7010,1594,-7424
-954,-8404,7706
4422,1074,-2202
-4230,-3506,4166
5170,-9002,1384
7194,-7038,-3334
1730,-3808,4838
7096,-7046,-3442
9954,1310,-2980
-2234,2818,-3264
4022,-2948,-4928
-2308,790,12250
1666,-5864,9910
-9402,-2356,1590
-4098,-5322,-6156
3108,-7486,-6054
8002,-6798,3382
-8954,1208,5188
808,-6002,-8238
-3140,-6250,-3148
-10020,-1714,4020
8340,-2714,5104
7244,-6618,-3272
-5134,-8398,2892
-2698,-6514,-1862
-8554,-3016,2634
5252,-4946,7320
2166,5094,8504
-5952,1000,9040
206,2914,-9440
842,2846,-9334
4892,-6056,-3782
-3480,-6238,8834
-2328,-6932,-1888
-462,-2816,11494
-2302,-2258,-9712
8064,-1276,6820
1364,1796,-9400
-5356,1496,-224
-5870,1366,-7738
8392,-5610,-420
-8142,4036,3582
-6326,-350,-964
-10032,-1678,3964
-4926,-1340,-5814
5082,-4702,7498
5042,-9208,1546
1448,3246,1342
-2726,988,12120
-4148,-3542,4264
6674,4740,4606
-4024,-6604,8372
9094,-4028,3362
-3190,4422,-420
5916,1360,-9834
1028,-2264,-6500
5366,3724,-7520
4460,-4830,8548
244,3420,-2740
7008,6598,-122
8344,6,-7292
2606,920,-9756
-4510,-6688,-1040
-3574,2496,414
-3798,-3860,-6014
-3270,-7350,-948
-4812,3478,-240
5168,574,3300
798,2162,-5108
3966,-6312,-4534
-5910,-648,3592
-4618,2854,-896
-808,-6784,2152
1530,2948,1668
3822,5776,6192
4712,-5840,-3332
-1060,1892,3242
-4812,-1666,3776
5088,-5534,-5542
8322,-6786,-728
1804,-7164,-7046
10182,594,-628
-5800,1042,-7394
-296,-5906,-6640
4364,4848,-7688
-6000,-4452,4298
7142,-6850,-3122
-8338,4146,2472
10366,-1764,-3248
-5396,1790,-904
9290,-2024,2790
-2572,-3918,8740
-3916,410,-9964
-5076,-7394,-1692
-5626,666,-8598
-4428,-1026,4960
5022,-5574,-3388
-106,-2926,-8818
-4630,-7318,-2158
-1026,3420,1220
6666,-1604,-7142
-10830,1498,2846
202,3266,-2572
-344,-6470,-6704
9822,1270,-2866
-3314,-7414,-666
3898,-5450,998
-10726,1590,2980
-3654,2786,428
4032,-2556,-5336
8730,-2412,4640
-5614,1090,-8554
3668,5602,6574
8040,56,-7728
5660,2212,-8308
3234,-608,-10002
2896,3576,-654
-8064,-3112,1176
-140,-2796,-8864
-8452,20,-3640
9838,-1592,-2900
3806,-8274,6740
-3228,4496,-814
3020,-664,4690
7550,-4814,5310
-3654,5306,7122
-2230,2532,-4312
-1420,8028,-4050
-5934,-374,3764
4388,-6562,-4454
2620,-758,10548
-5620,786,38
8590,-2410,4834
-1304,-1832,-6462
-6286,3142,-5880
-8022,4026,3542
-2298,2842,-3448
-4272,-3180,4400
-3940,-5346,3422
6146,-2110,-436
-636,2226,3372
5004,-5508,-2130
7216,-5934,6594
4324,1914,884
5314,874,-10184
1186,-9926,778
10342,-278,3440
-2392,-9390,3494
-9150,-356,-1020
5104,-5676,-2362
-3186,-4364,-6970
-4024,-1012,10920
-5620,-6580,5010
-3654,356,-9790
2382,3948,1862
1748,-2332,4888
-4252,-204,-9224
-8344,-2366,4440
-8364,-2836,2478
-8426,-2462,4018
-3604,-4190,-5868
-4550,-7030,-838
-2830,1032,11732
5490,-5108,7064
-10644,1584,2992
3128,-7884,6648
-1082,1942,3908
4826,-1768,-2816
5766,-3432,8172
6772,2922,-6038
7466,-3244,7044
-7260,3256,-4502
2468,904,4386
-7964,-3290,3238
6698,-804,-6408
-7006,5138,-2690
-2088,-7222,1944
-3970,-6976,-966
-3398,-4220,-7006
2764,-9620,-126
-1284,2918,-5212
-6756,5774,-732
3576,-8392,6708
-5986,-6602,4480
-5506,1076,6
-1028,-2478,6384
4908,1758,-372
-8126,-1068,-6190
1930,-5980,9108
892,6116,-7770
-4436,1186,2618
3454,-5910,1036
-1002,-1540,5416
-496,-3448,-8032
-6370,-400,-1312
-2766,-2298,-7924
3790,3246,9092
-1808,-3428,10222
-4354,-7252,-784
-6606,-2410,-5902
1978,-9374,5500
5510,-5858,-2862
6658,-388,-7922
-7648,-2842,70
-5176,3888,-6808
5376,-6932,6264
-4018,2006,-2946
-5862,800,-7754
-7834,4646,-554
-8022,1228,5904
4554,-980,-2912
2060,-884,10726
-8450,-2964,768
4516,1478,1136
-3324,2526,754
-6284,372,-2288
-7574,-1628,5478
7900,382,-7690
-1402,8030,-3760
5434,-3194,-1614
3458,-1938,-9240
-7310,-2916,130
5176,-4944,-2250
2452,-8594,-5304
-6524,-908,-1690
-4224,-142,3186
8720,-2490,-5674
7758,-6880,2842
-6660,4504,6026
5564,1292,-9732
-3912,2296,-2764
-7088,-1784,6578
-6062,-850,4022
-4622,-7394,-2012
-3792,-380,-9362
-1870,4608,-1452
6600,-6860,-3250
-2262,-3610,5044
-9008,2302,2152
-3742,-1456,9840
8624,-2434,4470
2654,874,4146
4856,-5960,-412
4254,1786,2978
5630,-3582,8022
-3802,-198,-9058
-8268,-338,-3640
3154,1956,10084
4410,-4932,8214
-6644,-1410,7358
-4064,-4788,6394
-4858,-960,5042
-3496,7478,-1842
-128,3118,-2284
-5020,1894,9700
5822,-3334,4800
6536,-6976,-3200
-2712,2040,2802
2954,3954,1908
7450,-6790,2576
-7556,-2790,250
-9188,564,-1462
4684,-6618,-5548
1476,3318,1540
-6894,5048,-3372
10152,-1298,-4236
1688,-8628,6202
-2966,-7710,-1204
9200,2872,2018
-4282,-7060,-806
6572,-3110,902
5740,2314,-7648
-5978,-8260,4820
-3614,-3696,4618
5624,1816,8182
1448,4814,-120
5280,-976,-3046
4908,-5440,-5666
5804,-1284,8758
8368,-4150,3652
-8318,-952,-6050
-8254,-2400,4036
5640,1758,1024
-7962,3394,-328
5374,-5814,-3252
4120,-5754,-7372
4900,-9284,1346
6330,622,956
5360,-5902,-3270
6948,-436,-7702
4970,4386,-7538
-3546,-3730,5174
4480,-178,-9226
3174,-6094,8884
4006,-5496,1388
2044,-4012,-5510
8348,-2318,4042
3480,-1844,-9280
-2626,-3774,8624
-5240,2286,-680
7086,-2930,8446
6242,-2580,-826
-3640,-4006,-6050
6694,-4520,7284
-2074,-5124,5564
622,-6054,-7864
968,4114,-4016
5168,6892,-3872
-996,-6292,-5894
-2890,-7234,8634
-4956,4022,-6962
-9382,-588,1924
1080,5468,8038
3960,-7996,-2872
926,7272,5300
-3246,-8600,-3656
3354,-898,4436
5958,-1668,1448
5914,-1814,3514
4800,-1724,-2948
-302,-6610,-4052
10298,-170,3846
4086,4684,-7426
10318,-962,-582
-8328,-1474,-6314
-5584,-1958,-6044
2946,8430,-1816
-450,2810,10192
5406,26,-9254
-4408,94,3070
3066,-6308,1112
-8078,-2104,54
5550,2472,-1396
2358,-6076,8286
5798,-1202,8780
-3750,4914,7484
-2410,-9530,988
-1462,-1768,6276
-10450,1556,2914
-292,1768,-5974
3612,2800,-3946
-976,-6226,-5610
-6952,-2184,6148
-3608,-6590,8688
602,-7166,-3922
-1948,-462,11384
5832,810,-10012
6454,7080,-1124
-576,1680,4580
-8998,-1060,-5650
3002,4286,1182
9886,1456,1290
6580,4012,-4838
4904,-2218,-3632
4270,-5460,1250
2942,-716,5650
-7264,-1808,-5808
-5412,-2658,-6008
4550,4414,-7834
5442,5374,4970
3064,-1814,10314
3538,-7962,6240
-8900,-1344,-5036
1266,6516,-7078
-438,3138,10082
3734,3710,1236
-10192,878,2288
-7748,3092,-4414
5246,1788,752
-3284,-8576,3710
-3212,-2480,5646
6648,-3102,7344
7024,-3884,-3750
-1596,-5690,4666
3012,2080,3266
5902,-3828,-6690
-6374,-680,-3460
-8154,2372,3942
-972,-6266,-5604
8118,-4902,-3046
-8506,-2026,3842
-580,-3204,-8024
2246,-1152,10490
6946,360,7346
-3506,2846,-3718
4552,-3396,9194
-194,2190,11334
-5736,-6374,4714
5048,-1146,3720
-8478,-2444,-996
3388,-4800,5138
4870,-1328,-2874
5738,-5208,540
7106,-5904,5782
-3198,-158,4564
-5904,1660,-6132
9250,2842,3734
-3538,6132,-4078
-2466,-1022,10900
-2298,2862,-3890
3210,4792,7402
5702,2468,-7158
3664,2716,-4768
4512,-3558,9248
-5478,3856,-4204
9210,-2014,2450
8574,3942,-2496
-2248,-4424,6296
8422,-2444,4438
9130,3376,790
-3266,-5360,3948
1580,682,5122
970,-3346,10004
8990,3212,3000
4860,6842,2158
-6380,1224,8176
4218,1324,-8888
7932,5494,1292
3768,-7182,-5132
-1476,-5562,4940
-8226,3612,2456
-1946,5018,1780
-8824,-1230,-5058
-234,3486,-1812
8304,1622,5712
-4990,1322,9804
-5870,-8302,4790
4338,1816,3198
4122,-5440,-7442
9142,-3642,366
1126,-5254,9366
-4350,6200,3616
2804,-4962,9052
6646,-1898,8284
-6056,-1422,8016
1550,3446,1782
-480,-2404,11222
-3280,-3186,4864
6508,-4594,1360
5828,404,8250
3902,-1892,-9260
8002,-7222,-642
2476,5554,-7390
-4298,6902,682
-892,4362,-1428
4786,4470,-7316
-6718,5564,-164
4336,2020,2790
-4348,-6334,2342
1664,3426,-5152
-1920,2810,-4214
1652,5362,7638
-2722,-2264,9570
-10550,1254,2848
8416,1230,5740
-736,3554,-1914
-154,2514,-6030
3652,-1442,-5472
5142,2220,-8406
5268,10,1862
-3988,3666,-8044
4832,-6538,5976
8008,-4228,2932
-736,3578,-2104
-9790,-650,2436
-2240,-4232,6274
4326,-4376,3744
7780,4476,2874
3306,3436,-2662
-2016,1364,-8754
-4494,-7342,4268
-4792,-7326,-1652
-8416,2280,2964
-710,2536,1490
-782,5336,-7832
530,3984,-796
-150,-4550,-6134
1082,1644,-9406
-6544,5388,-2568
7200,-3460,20
3900,-1478,-9420
5254,2066,-8624
-686,-8170,7848
-5446,-34,-7088
-5224,-6388,-4496
3142,3558,-820
6494,-3058,8432
3306,-6688,-5268
-8268,-1646,-6028
-3468,-4468,-6146
7782,-5434,3650
5020,2078,3836
9628,-520,4274
7906,-5310,3592
9972,104,-1464
4094,6754,-5242
-5342,-2374,-5664
1168,4150,-1554
2800,738,4914
4590,7024,484
-9918,1258,870
6246,-1460,-1928
-3704,-4418,6630
7360,-5400,-1240
-7492,-2524,1602
-8394,-1020,2090
-6686,3064,6846
-882,-5266,5482
3152,3942,8338
-7382,1954,5128
-8402,1044,-3174
-6982,-1384,-174
-3352,-590,11528
5260,-158,4054
-5376,-2546,-5844
-1190,3230,1276
-3112,3506,1314
3690,654,-4076
-4006,-150,-9620
6802,-6468,6072
9116,-2072,-4690
-282,-5776,-4572
928,-5186,9198
150,578,-6754
-4396,5236,-6248
2184,-8810,6884
230,864,11666
1628,5768,7148
7416,-3698,-3672
-3514,-6530,8560
-8152,2902,-4056
-544,4124,2762
-8198,2370,3700
1510,-2742,10198
4992,1910,1674
-5272,-6290,3306
-8966,-1606,-5898
-884,6344,6058
-5524,-6038,6290
9224,2720,2172
-5606,3784,7268
3800,-9944,444
4476,-6236,7522
5510,1100,-9946
-2124,-9598,838
-5402,-6398,-4430
-3282,-8676,-4080
4274,-2346,-8460
2488,-7460,-6284
-4876,-728,-7114
-8128,-334,-3576
5926,156,-1792
-1080,-4650,9104
-6828,-3276,3320
10994,-138,-656
-7766,-2996,3600
-3758,-5716,3058
5616,1096,2686
-3820,2312,886
-1410,10,-5984
-4084,-168,-8046
-4254,-3380,7648
-4834,1804,-2790
-6462,2000,-86
-1694,5360,-8510
2976,6866,5452
9254,-1774,-1666
10778,432,-852
-5092,-4938,5164
-1214,2408,1790
3028,1202,3758
-7486,-1510,-5644
-4672,-6294,3312
-588,-668,4322
3254,-6150,2332
-6174,-5456,4620
6916,340,-8014
-4976,3490,-626
-660,1206,5486
4580,2644,4608
6500,-7484,-1326
5104,-5718,-316
-5216,-6682,4510
8104,4422,2266
-208,-4786,-6246
-2718,-1672,-7690
4294,-4602,3662
4146,-9772,134
2800,2886,-1596
-3338,-3424,4810
-1022,-5156,5764
-3846,-3854,5670
7206,3838,-4660
7482,-6006,3912
-4382,-7520,4154
-6000,970,720
7112,-5580,-1078
-6910,230,4422
-3444,3218,-3402
-8556,894,3374
-7716,-1880,248
-4382,2206,2638
5148,-3130,-7622
-1024,2692,-5862
-2990,6882,2822
516,-2480,-7302
4786,-8558,-1870
-9024,734,2116
8094,-4820,-450
6946,-3564,7350
-3862,-3974,6854
306,-2212,-7242
-4410,-6476,-3320
1076,-6212,3456
1728,1520,-5840
-7580,-282,820
-28,3350,-2442
4648,-1342,-4890
-5910,48,-3696
-1000,1544,-9128
-9720,1506,2192
-4578,-6250,-3468
6342,-2432,8580
-3430,3934,-1900
9886,-846,3890
8418,4618,-962
-7432,-1786,1106
-4104,-6460,7242
-7722,4586,-362
390,-4700,-8268
6394,-2710,3228
-4198,1884,2688
5446,-4966,-2188
-6554,-4926,6052
-7222,560,-5160
-6758,-580,-1958
-1854,-398,-9294
-4596,1340,2814
-212,-2764,-7670
-4090,-594,10942
-5270,5736,3722
6876,-6814,5374
-6302,2208,7042
6304,-2028,18
48,-6428,3102
956,3312,2836
-3334,-4136,-6708
-3536,5488,6306
-1136,-4276,6422
-3566,4438,-1610
2244,-5960,8696
2608,-6600,892
-5276,482,-8410
-4764,5570,5184
604,4754,702
3554,-716,4420
-1918,6264,-7970
6232,-1618,46
-6,-7370,-3110
3752,-9910,724
1704,2516,4016
2880,-6416,1930
-6578,2996,-5632
-4872,-7192,-3700
-5216,-6022,5754
-3900,-6636,1542
5372,-3686,7740
-1006,-4256,-7212
2130,-2912,5028
-6118,5334,-3504
-6844,-1374,-2456
-1582,-6068,4678
-1564,2840,1808
-5416,-4468,5718
-866,7932,-3490
-5780,-8298,4726
-996,-5862,4576
5178,452,-9574
4698,1710,8274
-3606,-4394,-6146
2686,5260,492
9178,2112,3946
7692,-5382,-1054
-1820,-6132,3216
-6638,4502,5816
-3746,184,-9578
-8132,3948,126
4038,4080,-7556
-2470,1786,3360
-3252,-6792,8266
-6868,4920,-2896
-7778,-1182,1290
-4302,2798,2136
-2574,-2574,-9088
-7210,-1684,-16
-692,-6574,-4608
-1632,5416,-8396
6024,-7572,4906
4232,-28,-4724
1006,2620,4252
-6294,-1556,-3578
3260,7652,2282
-2910,6214,-5544
-2040,-1970,-9396
-3986,6148,-5568
-9816,-1430,3742
5874,-854,364
4144,-4742,6604
5502,1818,1584
4546,5236,-6560
-6122,-622,-6188
-10070,1204,2112
3334,3260,9142
-1688,-9470,-1918
2694,6830,5492
-376,-6130,-6456
7126,-5582,-2596
2576,-9102,-2694
1626,424,-5862
-1454,-2648,-8926
2022,1886,4508
-9534,766,1378
6430,6218,-3018
9880,184,1432
8086,-4402,3752
2732,-8990,-3860
-3482,7078,1838
-602,-9482,-3324
-4564,2012,-3384
4768,2164,968
-5220,2384,-2618
4938,-6200,-1534
-1968,-2748,5548
9444,-2270,-1198
-2876,1338,3922
7140,-2758,8094
4140,-8042,6374
-8358,1088,3312
8716,-2068,-4690
-978,-3654,7958
-3778,22,-9648
-2660,-8744,3092
7904,24,-7218
5956,-3144,-2582
778,-3452,-8762
-7520,-386,536
7496,88,-6856
4844,-7722,2358
854,-6002,-7894
2546,-6076,2646
-8472,-2680,1988
-5592,-6442,4642
238,182,-9538
-3146,-4940,5982
2666,1194,10120
4364,-6352,7452
5022,202,-9200
4324,-9276,1208
1924,486,10930
-1880,-3380,8938
-8832,2076,-2276
1916,-2726,4970
254,-1398,11284
1320,3466,1858
2322,-9118,4946
7818,-534,6658
-5768,2612,-5384
2186,-6470,1930
7428,-4488,-1692
-1738,6176,-6902
-1560,3144,-5566
7798,356,-7216
608,4154,1726
2766,-8694,6428
-2084,-7070,8462
-5550,2750,-2498
5320,504,-9498
-916,-7026,898
8860,3078,-1238
6328,-5276,-2468
5040,-5742,1154
7236,-7140,1220
4074,-3248,4456
4038,-5286,3214
7234,3592,-4736
5850,316,8062
-8036,892,-2332
1974,-1590,-6194
4226,878,-3602
7860,-5570,412
-4318,-3316,7608
1912,-1762,-6062
3488,-674,-9096
5772,-1456,-1040
4922,3646,-5044
1180,3800,9722
-4070,-5188,5410
3616,1318,-4702
-7512,4810,2884
-5856,2480,292
-6874,-2628,-5378
5928,-1014,-3012
-1220,2412,3958
-5506,2116,-3274
-656,-1396,-6690
4806,3870,5876
5142,-3202,-4276
-1156,1514,-9010
-6584,2310,6924
4500,-6220,-6156
7424,-3072,1274
5546,-3882,2900
-1622,-2952,6294
-1902,-2590,10552
-5804,1014,42
-6922,4070,-2642
7078,-3588,-4064
-5946,2272,-3456
756,672,4528
-2104,2116,3182
9464,6,3894
2232,-4408,5450
7626,-1004,6708
4160,6560,-5450
-5608,5324,5350
1484,-3806,5912
-1448,-356,5318
-2604,2558,2862
-5940,500,-3438
4326,-3190,-5382
-8554,-2164,-1062
1548,-1526,5354
6370,-4378,7276
2732,-2260,-6876
-4714,-1712,8474
4272,-6282,6920
-518,3652,-1796
1196,1958,10682
-2142,-2640,5432
1852,-4218,10140
-7422,-2734,2528
5608,342,8226
-2938,514,-7742
604,-7014,-5872
-1852,-6074,3480
4220,-7672,-3734
-6822,114,-1260
-4838,-398,-6752
9900,-34,3558
3372,-5240,8338
6854,2798,-5748
2886,-7054,6028
510,8870,-1114
3558,-2228,-6208
1902,976,10450
-3240,754,10032
4212,-5572,7806
-530,-5712,9088
-4430,-6240,2838
7060,6054,1932
-6170,5532,-2364
4380,-6634,-5518
-3004,7026,3754
-2054,4920,-1210
-922,2630,3408
-6370,5156,-3596
-1260,540,-9806
-1780,-10080,-344
-4468,-5070,5402
-2096,3060,3908
5182,-680,9204
-2540,4864,-1644
1834,-8802,-4070
4438,-4500,8190
-8578,492,4242
-552,-2830,6686
-5064,-6226,3412
4260,1096,-8938
6318,-1362,-7652
7006,656,-7366
-2754,-5526,3602
-496,-1096,-6588
-8894,-1522,4586
-4008,908,-8016
148,-3944,-7378
5170,-5724,6218
1002,2486,-5462
2094,-9116,-2680
-8896,-1596,-5734
10008,-1670,-4198
1054,-8854,-4470
6784,6188,1480
-762,-1090,-9350
7304,2738,4704
8568,1430,-3702
-1888,-3806,-6848
5946,-4694,-2978
-4438,-5806,6188
3906,3356,2148
4136,-692,-9106
5880,6728,-972
-1512,-6352,4984
7064,-3270,6714
66,-1994,-7270
3606,-5878,-7452
-790,-5928,4528
-6218,-2490,6550
8474,-3536,770
6054,-3606,-1836
4918,7136,-3520
374,2618,-9252
7114,-2564,5534
7310,-2824,-5300
-4846,5260,-4912
4048,932,4194
-2000,3120,-4318
-9866,254,2914
1686,7952,-4098
980,-7688,-5200
-8486,2304,-2634
4352,7922,-702
-3842,-450,11278
386,734,-9674
4068,-4592,8088
7472,-5880,-628
48,5662,7548
-4052,-598,10354
7608,3472,-4132
-5794,-7346,4164
-2726,848,11194
8624,3148,1236
-5470,2426,-526
-8580,100,5910
-9038,-444,5020
9488,-234,-1052
160,-3886,6052
3454,-5992,-5182
-1962,1394,-5988
4652,-2292,-5080
-1702,-624,11400
-4,284,10716
214,4760,954
5870,-1022,-3134
-3234,-1690,9570
1792,3514,8664
506,1116,-7090
-4276,-7478,3942
-2818,3044,-5218
-4282,4572,-150
6172,-1176,-5772
8048,3932,-3000
8228,3386,1342
-5948,2174,8092
4478,3966,4318
-316,-1046,5560
6316,-4302,7186
-4936,1478,2396
2648,5266,6558
-5402,-6566,3622
4746,3586,-7246
6962,2430,5776
5692,-2220,884
-2146,3060,-4722
-1178,1400,10182
-4244,3458,-2704
-6466,5960,-418
-1790,560,11080
3244,-6838,-2316
-6026,1996,-1076
6226,-1788,7658
-9506,636,1706
7000,-4096,3916
-5058,4686,-4242
7482,-1032,-6082
5642,2750,7524
-9378,-30,3230
-3286,-162,11304
-5250,3790,7580
7000,1072,6366
-6816,422,-378
6666,-7312,2104
-7540,1702,-4660
-982,-4388,-6944
-3668,2880,-4044
-840,-9678,2736
-320,1978,-6152
-1688,1018,-8284
560,-9882,924
1714,4504,2376
4874,1740,-3978
1262,3038,-4694
7042,-520,-7024
1242,3530,-8098
-3634,-7698,1754
4506,-3554,8580
9570,-34,272
1784,-7432,-6156
-2606,6376,5378
6602,-4706,-3126
-50,4906,922
5328,-328,-8512
6648,3658,4732
-8346,-1622,5232
-3324,6056,-3700
5432,-7426,-832
6254,-5190,-2458
6024,646,-90
-4290,2834,3904
-1868,6384,-7876
-5598,-1942,7386
3806,-7468,-2808
8796,3912,-528
-4364,-3786,6066
-7582,2766,5540
6550,-2698,-854
6218,-3252,3734
-6066,1918,-1628
3006,4328,-7208
-3300,752,-5164
2210,-8142,3324
-5048,-1054,5492
-6644,1870,-160
6378,3362,-1390
3618,3062,-2038
-1762,4804,318
-5084,4592,7180
-3018,-5546,6798
5908,4404,5544
-3940,2486,1054
3862,-9300,1034
-4550,1594,3398
1152,2980,-3896
4040,-2526,5158
3948,-2300,-6112
-664,-1634,11872
-4340,-5578,5184
-4448,2636,1636
-682,-9536,-2760
916,-2530,9856
-1588,-3476,6838
9096,1784,-1934
140,-588,4228
-2508,2544,-9092
9706,2348,-314
6996,6264,-690
7118,-4274,662
3500,-3458,5672
-2854,-9162,1798
8796,3914,-434
-2786,-1894,6112
7648,-26,-5876
2754,-8376,-4072
-7556,3886,3464
-6318,-258,-6598
3530,-8438,5394
5342,-6442,6598
-2820,-308,-6120
3278,-7148,6018
6412,5714,-3434
8400,478,5992
9866,990,1054
-6592,-296,-6206
-5398,2980,-3616
8258,-4854,3412
1320,-9364,1268
4256,5742,-6562
-4106,3172,-2722
8786,-54,-3956
-6592,3124,6704
2234,-6082,2576
-2188,-4260,-6922
-6028,-2006,-5170
3100,-5842,3270
7900,2718,-4528
2648,2046,3958
-2866,5082,7390
4384,3248,358
0,-570,4128
5186,-2474,-3918
1640,-5090,4606
4960,4150,-4130
536,352,-9550
-88,5276,-400
-8048,1288,4328
4016,3712,-2802
5206,-7766,1632
6374,-2794,-2780
8708,-4804,1052
-6484,5274,-3210
3624,-914,4608
6958,-6134,4514
2498,1412,4084
-8378,532,-1646
8002,-1080,6080
7312,-6186,-382
-4424,5732,-5516
-5520,-6844,3726
-3064,6996,3682
7656,-5312,-970
-8194,-1216,1888
3000,1246,10008
3556,-1128,9718
7406,-3610,76
-7076,4220,3278
2440,1896,10724
5006,2136,-2146
738,-4752,-8274
-5972,5094,2946
7290,-4400,276
-3574,6384,3336
4886,-5764,6234
7148,-6070,104
-5940,1584,-4048
-1904,3798,2748
-4076,-6276,-3994
518,40,4764
7230,-7034,-462
2784,6916,5230
-4074,-776,5258
-4568,6132,-4102
-7506,2336,-3812
-4246,5572,-4218
-7372,2752,-4624
660,-2266,-7620
6776,-4302,6032
1708,-1002,10458
-2436,-8112,-4320
-7586,1332,5756
-6098,-1842,3766
6550,6866,-1022
966,1646,-6110
-5536,-336,-4240
1524,-2876,5250
-5270,-522,9010
4180,-5184,7380
-7202,-642,-3716
2504,-7294,-5472
4964,-4710,2568
9362,542,130
10082,-1042,178
8484,-5238,1070
-2404,-7376,1962
-9064,2374,-360
7274,-3470,-2306
-4958,5482,4922
1008,3308,2392
4778,-8464,22
8474,-2914,2012
-1442,-4078,10138
-5036,1796,9484
3182,2518,3556
7090,-6260,1690
7656,-2762,1360
-9020,1786,2268
2060,2094,4712
5436,-7992,3334
2470,792,-9454
-332,-9664,-770
-5344,600,-5192
2294,-7432,6680
-692,-3140,9060
-5542,5272,-5034
6156,4708,-3870
1608,-2222,-8914
6074,-2504,528
-4676,1822,-3232
-2486,4518,-4522
9094,-3526,-1884
-906,-4224,6458
-6684,4406,-2306
-5476,3924,734
4232,7082,834
-7648,3662,3482
-2638,-8334,-1894
9140,1648,3716
4046,-3278,9392
4642,-8324,-1364
-7278,922,6936
-3276,3798,-2728
8190,-4792,3128
-1638,7128,4928
7650,-5170,8
6098,-5312,5062
7274,-7202,476
8380,-5246,1962
2604,-5938,7702
-802,-7502,-1686
-2072,-4404,7042
-4674,866,-5780
-564,2444,9972
-14,3684,-7270
2770,2334,4346
-4886,1342,9696
-6492,-2850,-4778
-2492,-6144,2946
6782,-5056,-2812
3150,-2668,10118
-5288,-6632,3610
3334,-6884,5146
-3230,-8600,736
2000,-9070,2682
6300,-1682,-1234
4336,7528,-330
5010,-4814,4208
-394,3132,4008
-1898,-7450,7022
-9624,-294,3370
5144,6594,682
-8766,-2042,866
-7816,4300,-204
5364,1138,-602
-3842,5234,-3514
6904,5496,2932
-3774,-794,9932
5674,6230,-3946
5350,-4476,-1854
1656,6974,-5700
5156,2132,2042
772,1336,-7002
-6058,268,3290
-1776,-2726,-8678
5524,276,2144
-3128,-2488,9164
4768,6850,-3832
-304,-2910,-7852
-2414,4858,-2156
3768,-4954,-6954
2818,2798,4420
776,-3902,-7234
6894,-5402,-2506
-5030,-762,5554
-1568,-2538,-8356
5626,-1624,4012
634,-7470,-3930
-1216,2822,2618
7800,-3146,-4580
1794,632,-5808
1258,-84,-5786
5580,5070,-5968
-2798,-7242,2534
510,3820,-4514
-1652,5318,-8422
3518,6336,4426
2618,-8694,6386
-6230,-1496,7556
-1826,-4906,8086
574,-6000,-4192
5712,-192,-2972
5770,-2936,-1990
4232,-2690,5104
-1430,-1828,-7282
10850,-254,-1066
1554,4512,-4736
4054,-6872,-2246
10064,-134,-1450
-3904,2220,1452
3684,-5322,5886
7512,-4964,-2954
5882,2366,-328
5708,-320,-3400
2518,-8316,-4092
-6564,1490,-2138
-1336,2446,3416
-6004,-1992,-5710
5030,3444,1692
-9320,2424,-304
8650,-1874,-6532
6018,-3358,3514
8558,4176,-582
-1092,-2172,-8984
-2358,4818,-1970
-156,4228,2734
-218,2062,11234
6850,-7064,4844
6464,-1760,6792
918,6238,-7388
-2866,-8102,-552
8408,2938,-558
212,7328,-4944
1882,-3452,6696
6376,-5184,1962
7692,-3640,-2506
-1948,-4506,-6692
5214,-2092,-3534
3444,-6924,-2708
1882,-8586,-4996
-4070,3672,-7184
4834,-3212,-5304
8768,-4916,-114
-5812,-8112,4750
-516,-9674,-1634
1640,-5538,9052
-6506,-2560,5168
1084,-5916,-7770
9060,548,-90
400,122,-6356
4220,7134,742
9488,2818,52
6634,-3398,6272
-536,-7988,6048
2280,-8574,6970
-3344,4156,1576
-1750,-7078,5678
-3936,2488,-5656
1662,3920,-5666
-2358,2310,2548
-1376,-5440,9132
5110,130,-8950
-2192,7068,4472
-2188,1614,-8432
-2706,952,4768
8992,-1006,-2536
-4368,5842,4228
1286,-4570,-8348
2722,-2976,9484
-7290,-2430,3204
5106,-2398,8212
7096,-4332,-1556
2800,-5234,8918
6466,3052,-898
5520,4858,-5390
3614,3298,-3590
-1138,-9214,-2948
4020,1122,4348
6128,-5914,4934
-3986,2998,-6360
1028,-5838,-4334
4458,3702,6098
6276,-6520,-1622
-4780,-6156,5858
5308,-5844,-564
8348,-3882,-2928
3206,-7942,3742
4242,4562,94
7530,3608,-3860
4996,1384,7462
-432,-6670,-5530
2724,-1976,6052
-4114,-1094,-7696
1982,3860,-8214
-8440,2236,-3212
-1242,2644,1928
-706,-2212,11344
980,-8862,-4346
390,298,5146
2032,-3028,-6270
-5536,-1178,8736
-9310,-688,4206
-82,-1996,9914
-2010,112,5380
892,-5342,5100
-7346,-770,7062
4700,-1752,-8518
-6694,814,8058
9524,2204,-146
4448,-7138,-4412
-1260,-7020,4550
4566,3068,-4396
-3572,-3828,6134
-5882,-2032,7088
4972,3712,-6604
5818,-2870,-5136
-1170,-4500,-7210
-2062,-7782,-1460
-328,-2694,7738
178,4362,-3520
-3118,-8292,-694
-3160,3118,-8742
5540,3054,1090
-6896,792,1086
7310,-5858,4056
-3740,-6494,3248
-1668,-254,-9388
-1308,3192,4888
-1940,-2058,-9320
8460,2772,1128
-2528,2088,3504
1662,3048,-4186
-1958,2708,3104
3408,4970,6998
3686,-1452,-9168
4670,-2334,5108
-234,-6910,8468
5198,-918,-8636
-8000,4440,948
6242,2394,8158
1848,4626,-2836
3784,-5404,-5398
-486,416,10764
4230,-3560,5624
3904,3398,-1908
-8222,-1638,-3596
270,-9422,-3106
2520,-6382,-5818
10026,-574,-966
5242,-578,9108
-7174,412,-1976
-3268,3292,-4730
-4918,6424,2068
-2470,7078,2622
-2352,-7624,1762
4184,3786,8072
-2142,5642,6928
2840,-5560,-5724
1088,4666,-3664
7946,-1846,538
-386,3576,-7780
-8822,-1492,4564
-3958,-624,10806
7172,-5836,-466
10100,-744,-414
6050,-6412,6830
-1202,1564,-6078
-7822,3148,468
-3110,-1338,5346
1446,8088,-4036
-5092,2994,-2512
-3936,-6142,6622
-7610,3566,-8
4878,-8290,-2160
4864,-4586,3498
-4268,3950,-1390
-7686,-3028,3454
5340,64,8394
1452,-258,-6908
-3764,-5628,3872
-1598,-4038,7400
7020,5520,-1792
1134,1546,-8566
4484,-266,-5208
7162,-3666,-566
4870,-1644,-5906
-5926,-2656,3856
-6374,1038,0
2796,-8036,5206
790,-5756,-5900
548,5186,8422
2796,-324,-6098
9466,2896,-112
-4190,1108,9588
2224,-5196,4626
6542,170,2876
-3878,-6254,5168
7024,-846,-586
1090,-2670,-7320
-7962,-2192,2014
6226,-6962,5428
-8106,-1530,-2500
-2242,-2706,-8756
-2050,5226,932
3410,-2924,10068
-3886,-5806,3384
310,-5394,8332
7438,-4740,-1010
4230,-5380,7010
1800,-6126,3142
8100,-1902,-5496
978,-9568,1564
-5570,-744,-5174
7850,-2486,3464
2760,1210,3962
-198,-3986,9538
-4008,-7806,3708
5842,6220,-478
918,-6794,104
-6346,836,-5922
-2342,-3244,4892
5848,582,-2998
8776,1404,-4024
9784,-1580,-3336
5076,1582,-498
5196,3636,5826
-8096,-2358,-1252
8256,3328,1428
-2940,-856,9558
7020,-3564,2912
-6286,-960,4318
6610,-3544,3198
4028,-7762,-2720
4948,2810,2520
4168,-5312,6950
6282,1670,760
8578,2188,1824
-7940,-1286,-4774
4194,-6534,-5864
4528,-2064,-5214
-696,-7688,-3134
-3000,-728,11052
7030,-2810,-2638
6546,-5794,6614
2230,1736,-5160
814,-1968,6032
7780,-4302,1314
-2170,-9316,1870
-6914,-1444,-2902
3126,-270,-9492
7062,-1622,-748
-2676,7596,-2390
6056,-1304,8078
5106,-3948,6634
-1822,-8600,4510
-1120,-72,4292
8592,-4726,2674
-3014,-7302,268
8426,2628,-3828
6782,4794,-3488
8640,-4962,2328
1974,-6328,-4000
3884,5202,-6462
-6702,1342,-2294
-630,-1196,-9260
-6312,714,-3874
-4616,1916,3702
-7794,3748,720
2848,1760,5094
-5734,-784,-5318
1088,-1830,8246
8456,3482,-1220
3582,-2714,5704
-798,780,-8392
-7408,1640,3888
-7082,518,7968
2910,-6564,408
3038,4836,2562
-266,-9190,4030
5850,-918,492
5382,-6036,1982
5378,2424,4184
-5250,202,-5800
-3038,4802,7434
-2038,1226,6524
9650,1410,1314
-750,-5308,8516
1774,-4936,5468
-6718,-1844,-5602
-2070,-2258,9670
4076,-7290,5324
-7162,2964,44
-4,-7234,-690
-4242,6748,1256
5004,4372,5292
-7898,1430,-1894
7190,-1928,5844
-6474,1664,-1264
6694,5006,-3538
-4220,-596,5404
4156,6824,3424
-4948,-4380,5884
6018,-7274,1276
9146,638,3674
3990,7318,2214
-4746,6380,-1314
-6704,2230,-4790
-234,5420,7848
2310,-8664,3806
-8082,1852,-4302
-1384,788,5552
3874,-5982,1218
2448,4336,1866
6706,-2400,-1076
-5562,5106,-2784
-918,5208,408
5292,-4448,2654
80,5592,-6852
-5894,346,4436
4422,4062,-7430
3950,-7210,-2752
-822,-5936,7914
6774,-3904,-1138
6388,-3286,3668
-5646,3938,-3078
3288,-8190,-2816
-6226,-1280,-5348
-3782,492,3504
7772,-2926,-4924
8880,-1270,-2852
5598,4782,-4714
8672,-1494,-2934
4250,3634,7408
-1590,-4612,8856
1976,-3840,6216
-4264,4054,8224
4878,2956,-5494
-3374,-244,11326
766,416,-6286
-834,3926,-4942
7194,4616,-2234
-3444,-5892,-3950
6706,-2534,-2760
4508,-2390,5184
-4398,6192,2370
7504,-2324,1764
-1672,-4966,7108
7766,1594,-3270
-318,-932,11584
1780,1560,5050
6632,356,-7888
9278,-1614,-554
-612,5306,656
-5128,-5212,5462
5404,3942,-3882
-4598,3198,-2392
-4286,-7180,6436
3062,168,6026
5098,2584,-2566
-1022,-2422,-8570
4936,3548,1348
6090,136,-658
4800,-7280,-3786
-6878,-1340,2906
6590,-958,-2894
1820,-5904,3330
1550,-4412,-5486
6052,-2074,-3520
548,-9374,-4010
7014,-3500,7028
5582,-876,-1088
1816,2396,4160
1620,-4116,6960
-7304,-2546,2240
4132,-8174,5142
832,-6070,-7050
5944,108,-7510
2400,-2164,9752
-1186,5978,-6244
-936,-6264,6776
3880,3590,-3460
1040,-2640,-7382
2326,286,-9660
3102,6320,5588
-186,-1396,-7138
5482,3718,4812
2698,-2032,6044
9134,1500,3526
2032,-4192,7514
702,-9552,1884
8090,-3646,-1602
5478,1614,3142
6786,-3520,7018
5458,-6582,5460
4184,-4738,-6152
-8022,216,-1600
7934,4016,-232
-6052,-442,-6468
2410,7112,4290
8464,612,4374
4918,3322,-658
1110,3236,3986
-5470,5044,4612
4582,-2516,8540
-5534,-1652,4516
-1108,5746,46
6590,-3148,-1058
8968,1414,-3002
-8158,2554,-3328
6580,6026,-16
104,2590,-8434
-210,-3936,6526
-2288,-8614,3260
3446,-5508,6660
914,-2858,-8602
-9774,630,2214
-6244,-4790,5186
2492,-2364,6680
-132,-5926,-4468
-6924,-78,7152
5030,1708,-1858
-1826,-552,6940
7896,-1950,3324
6918,388,-7812
8962,3010,2768
-7682,-1742,-2038
9032,-2098,-6120
-992,-6576,7142
6430,-3304,-2610
-168,8732,-1284
-8266,2966,638
-2592,-7856,1250
142,-9764,2362
-5274,346,-6832
1854,-2310,7030
3500,-4362,5182
-1728,2734,3810
-6174,3376,4468
864,6032,5750
3398,-3546,9350
-220,1978,-6272
-7290,-30,2894
-4792,4974,6262
9866,-1518,474
898,-8536,-4778
5584,-1054,3412
3128,-3018,7748
3554,3518,-6072
-4040,3856,8506
7004,-6508,4184
9466,-2246,72
-544,5086,1046
-5742,6426,2066
3326,-7780,4162
-240,3222,-7078
976,3192,9888
3422,-6330,2434
1690,-8388,-5552
6342,-114,-238
3284,3910,3258
5522,-1228,-5842
-7938,1332,4286
-6428,2578,-3982
5708,-260,-3050
3418,-8374,4592
6710,-3050,2050
4900,-6168,1204
3880,3264,-7026
6588,6428,-560
6878,708,6890
-8514,-1082,3092
6586,-3500,5968
2586,-4314,8724
8568,2470,-3724
-4604,4212,-3550
-958,-9718,794
-4316,-7178,6352
5732,-6372,5886
7952,-3628,478
8918,-1450,-6018
9724,-2360,-2050
1032,-5460,-6580
550,-7166,-1416
-3766,1196,-4610
34,3092,-5826
5772,-486,7288
-6982,1036,7134
-1590,-7204,6586
-7480,-1974,-4202
5272,-1900,-3916
5126,1864,-1566
9916,-768,-230
1674,-5714,5870
1156,3764,4466
-2976,5914,-7174
5176,3080,1160
-998,2940,1312
4870,6638,-1222
-8032,-1914,-382
2986,-8558,-3162
-5354,1038,8974
-2656,-3506,6454
2052,2634,-4784
7908,4248,-1230
6244,-6428,2764
-5910,3748,-4014
5124,4946,5460
-3402,-872,5252
7058,418,-6886
-736,7438,-4726
2920,2576,8656
-5564,1406,1558
3798,-5244,7466
-712,-6982,8354
-6914,2380,-3458
-598,116,5538
-5020,1862,-3292
3092,-5822,8720
4854,6262,4332
3166,-770,-6272
714,3584,-5510
3602,5366,6040
-2690,4148,2836
-2570,2264,-8480
-7260,448,-4638
3650,6084,2456
428,4730,-4066
-5986,-2366,-5854
1030,6138,5220
-9390,300,2746
-950,-4202,6958
-5754,5724,-2574
-2604,6506,-2442
4082,-4976,4646
-1686,-4532,8022
6050,-2998,-5820
5706,-6052,310
460,4448,-3108
1638,-6242,-7166
-4612,-2238,-7766
-2644,724,-6894
5390,-1900,-3834
-984,3158,-8660
-5904,-1522,-4128
-3918,-6678,2716
1370,-6904,-32
7174,-5318,2982
7582,-6162,2582
9080,-2200,-352
-4734,-2910,4792
8106,3048,-2194
-6484,2422,2230
4336,-5992,1238
6948,-1808,-1522
4220,-7894,6098
9200,-3166,-196
944,3358,2484
6380,-106,2176
-3874,-2388,8652
-526,-8698,4674
5856,-5786,2112
94,-1308,12180
-1814,-3994,9250
-3800,4510,1778
2396,-7664,6914
7770,-5674,2092
9692,-1330,3096
9594,2,2234
2206,-1340,-9276
66,-1968,9108
-926,5516,-7226
-2882,3420,-5518
3436,2704,-8158
-574,-2252,6442
6472,906,1562
-1314,-6122,7352
660,-3344,-7980
-7728,3568,4700
3538,-4268,8760
-8454,-1224,-1954
-2878,2492,-7242
5556,-838,-6750
3212,2742,3304
1370,2110,-6200
8600,-1384,-6254
-8574,-1460,-4564
-8128,2506,2914
6816,-6274,6168
160,5072,8536
-1498,3386,2366
2200,7410,3938
-8966,102,4946
-4642,-974,7790
-8060,-82,7706
44,3160,-7108
8326,96,-5438
1128,5904,2178
7218,4434,-1770
-4190,76,5036
-1234,-186,-9450
5916,-4790,7010
-2684,-7234,1926
2682,-6686,-4580
-374,-6776,-4402
4170,-5118,6202
696,-2374,-8696
9554,-742,3510
5560,-7970,2926
-9674,-1022,3322
-4216,-7194,1776
-4566,-6892,1904
-5716,6346,-356
-4210,2876,4272
-6732,1092,7456
-2536,7010,3596
-5396,2506,-3334
-1406,7110,-4944
298,-7348,-144
-2640,-564,5644
2752,-242,5872
2678,2066,-4990
860,-2864,9918
-6124,2994,-5056
-2818,-7036,8352
-234,1678,-6566
6424,-546,2684
4774,-3740,7434
1908,-3478,7400
8536,-4994,2070
3200,-6930,-2462
3352,8102,-88
-5550,-870,5288
6406,1500,1920
1908,3330,4714
-1202,3086,-5826
7900,2308,-4742
7810,3586,-252
-4076,-6334,-3296
3644,6526,3768
-5306,1202,8750
-1392,3064,-8732
2610,4428,-1680
2450,6452,-6608
2786,-1654,10074
3198,6338,-6436
708,1698,10210
4422,-8630,-566
6858,-248,-1878
8252,-1650,-502
-3862,6590,-2786
-4632,2392,3770
1052,-6994,1540
8644,-3490,-774
1312,-3200,-8458
1944,932,-6610
-3016,654,-6154
3226,3512,5780
-8964,-796,4798
5906,6592,-1314
-4246,-5998,-3646
-1102,-434,5648
2586,2654,-5966
-2664,6758,-4302
-414,3806,4820
6898,-6474,3536
720,4820,892
-4018,3052,-6070
3926,4680,-5570
9582,1146,640
-6524,-2118,6012
-4144,2518,8262
2416,8400,-2866
1046,-1976,5872
8490,-3564,-1414
4918,-3538,-4532
3148,4322,1784
-566,-5142,8408
-2152,7462,2734
154,-2906,8502
-8096,2702,-3574
4486,1364,5082
550,5116,-448
5732,2632,-5982
-3482,-6756,7256
-6280,3864,-4460
-2702,70,5454
-4382,674,9630
4974,-90,8640
-8994,-582,2316
-6164,1996,-1202
1566,-6956,192
-2952,-3254,6282
-2958,-1740,5722
-5750,-2360,-5502
6260,-7480,-1010
-8438,-22,-1922
2756,3586,-1090
8538,-214,-5304
2262,8598,1128
4804,70,-8170
2326,-7288,-2828
1182,3464,-3930
1592,3876,-8208
7606,-1492,-5164
-5830,414,-4374
1406,-1226,-9222
-1238,5080,-56
-1776,6204,5816
-6084,2370,-5872
-8360,-1770,4254
4052,4006,2646
-1102,6278,-7030
-9394,-1062,4118
-5822,4818,-2018
-2706,-7062,8320
9884,-1640,984
-7580,-448,-2938
-4036,-1316,-7368
294,3000,-8242
4862,7184,-2954
-6004,-5094,4342
2298,-7296,-6342
3574,-4376,6028
6388,2058,7884
-5242,-7228,-3910
1642,-564,5940
8356,2414,2986
1532,-7114,-3076
-3086,-1894,6368
344,-2132,8172
8514,1690,70
4530,-7460,3716
1578,-5344,4308
-7162,2168,-4756
8438,-2342,2508
4844,-4060,3100
9804,-3364,1614
-9248,-390,2118
2884,-844,-9348
3380,1778,3842
-1680,-4424,8218
-5360,-7824,4212
3750,3856,-1106
-5402,-7632,4246
-6642,3288,-3968
3868,3660,3552
2212,6350,-6294
-2452,-9378,2994
-4728,4540,-5578
-4858,3108,3670
2490,5036,-7176
2494,-9158,-3334
6484,2646,1052
6458,-1396,1980
8000,-4520,3652
5464,-4570,3664
9286,-1260,3466
1826,-3252,-8596
-330,184,4354
-7074,4408,3818
-4718,2234,-2796
2588,-1004,-8192
6646,-5122,-580
-3660,-716,5920
-7654,134,1780
5422,6030,-4532
1032,6246,5060
4904,1432,-8566
-6628,2994,6696
-3598,5778,-5294
-278,-1154,-6898
-3564,-6640,1356
3280,-5372,7430
-1656,-2762,8008
-5740,4820,-2730
-622,3156,9678
-4884,2826,-2322
-5180,1638,2716
-9734,-896,3746
-6148,3208,1664
-506,182,-9496
3204,-6002,5068
-4736,-1346,-6598
6608,-4158,4240
7780,3798,-752
-3174,6034,-4856
-1068,-8350,4952
1756,-4170,7434
8834,2484,2990
-2952,-1460,5974
-3022,5568,-500
-3064,-6902,4344
9576,1924,-578
-1172,-3162,8630
-3688,-6588,6016
-7254,570,-1870
7980,-3578,-556
-4170,2948,-2706
-4552,4624,-1854
3778,4222,-2890
-960,2770,3734
-1426,-8712,4530
-618,8446,2382
-7504,-1380,3846
6822,-2498,-1756
6266,2952,6932
-7756,-2146,2018
440,3026,-7378
5798,-3260,6508
4528,3192,3460
2156,-8144,5266
2034,-1760,5756
-3912,-6454,7196
3686,-5746,8418
498,2552,-6824
-7044,1008,-2372
970,3614,-6322
-4840,-7636,3160
-9498,1012,484
5922,-5950,470
8590,-1016,3512
6666,-2240,6316
7230,4278,-2632
6338,-6732,5338
-9668,1598,728
4840,2160,7714
5026,-6658,1186
3700,-3684,-7050
7964,-2024,1440
7284,312,2112
6956,-336,-7164
-6066,2916,-186
-9024,2122,-342
2960,1184,-8378
912,-8606,5210
8558,3854,-392
4808,3448,-3712
5100,-1200,-4472
5062,1018,-2544
6356,-3020,2930
-2348,-6738,6434
1148,1550,-7178
5648,-5086,-1782
-4560,5036,-5146
3858,-1000,-8724
-1852,-8424,3366
9194,734,-2828
6546,3596,-3702
-6946,2092,-4158
164,-7664,6606
-1242,-7072,8480
334,8790,1548
7498,4054,2556
-1114,-602,5928
3516,7064,-3004
-2980,2230,-9398
-2072,-5460,7014
5002,1152,7510
3462,-5838,7114
2532,-2562,6378
4778,2944,4034
5736,-3646,4632
7796,-4340,-2404
-2756,-3406,5224
-7580,3298,-1896
-2416,-8284,-1860
2100,-7808,7232
-7110,2352,5708
-322,-2764,-8324
-2586,5652,6200
4214,-9184,92
5046,1170,4540
-6544,-2156,6104
5372,-4030,3590
3288,3752,-1282
-9556,328,2536
2298,5024,1072
-8312,728,-1358
-5436,-134,-6060
6864,-5514,6240
-846,1268,-9042
-7230,-710,-4084
5234,-3044,7562
-2040,-7358,2884
112,-7982,-3762
-5102,2220,-3538
1836,3572,8022
-930,6132,-7220
3858,-7706,-4468
6038,2820,-2032
2326,4402,-3454
2100,-3362,5614
2702,-8438,6634
-2562,6706,2280
5386,-6602,5440
-2608,1868,3784
-7406,-512,-2626
-4014,2668,4854
-4892,-7052,-4198
3410,1664,4698
-6466,3260,-424
-1902,1944,5664
-4732,3792,474
5494,6150,4308
5666,3822,-3454
-4030,6758,478
-5554,2208,1956
-886,-4726,6208
-7426,3442,4026
5714,-5882,5850
-1452,-5408,7768
-8516,2572,-144
-6334,2634,4496
1024,1232,4598
-6550,-182,-3700
-616,4344,-4350
2612,-7192,-2040
-1708,-5430,8046
5828,-1168,638
-3054,-8584,-1404
9032,1462,-1352
-5488,4220,-408
3592,4270,-970
-540,-8264,-3484
-4916,-6390,4556
-7842,3982,-154
-4762,798,-6146
6470,2476,-6122
4648,4548,4804
-6908,-1628,2194
-450,-240,-6820
7054,-4962,-388
-1594,-3034,8258
-3444,3524,3914
-8172,-752,192
10004,-2400,1082
7584,-2992,-2870
5474,-2590,7864
-6664,-1112,-3630
1692,-1690,-6960
-2256,-6036,3770
2188,488,-9530
996,-7778,6466
-1898,-5674,8422
5118,-3030,8228
-9532,940,582
-4484,4610,-6394
-1588,6396,-7768
-58,-6326,6590
854,-906,11418
-2392,1260,-8532
6400,-3330,6474
864,-5262,5544
6660,1644,5868
-6914,2526,-828
7906,1816,2234
-4928,4602,-5408
8738,2458,-3566
4676,-2154,6456
-5372,-212,-4780
5198,-422,-8646
810,-5772,-7136
4328,-6846,1852
1182,-7702,7368
6734,-2506,7784
5550,-4926,-884
-1404,-1390,6520
-5578,2648,-1744
7114,4816,-2716
3756,1394,9102
334,-2444,6344
5798,-5128,4468
3334,4856,-3986
3424,7876,1456
3104,4548,3318
9402,858,1756
6024,1936,1980
5206,-918,3660
-384,-470,10444
5644,-2892,5698
7920,114,-5482
3974,-3832,6810
1734,-4570,9328
4640,-308,9084
-5772,4148,-5678
-632,-7228,620
-2552,6416,-5088
2682,-4510,8540
-2758,3584,-6052
-2192,-6648,8226
5092,-1540,8192
2346,-1774,-7350
-8144,-1568,-728
8784,872,172
3444,-3410,9600
2750,-2692,-6424
-5318,-5454,6268
-8492,606,-488
8762,2514,4164
5514,5290,-5080
1226,-5486,4790
6640,-2300,-4944
942,4446,1922
4930,-3736,-4678
-514,3146,-7424
-4418,-6560,2960
3436,2662,2536
-2128,-7938,4224
-1828,-7530,4684
-1774,-1380,10346
10000,-2792,1684
5558,-2330,7950
5410,-3536,-3998
3240,-6542,7420
-2604,3478,4158
-6178,-416,8254
3998,2570,2432
6162,62,-1602
-7914,310,5850
812,-5698,7452
-4642,3992,-3060
-1480,4160,8406
-1056,5316,88
-1080,1014,-8210
5900,3624,-4846
2998,-5686,4332
3982,3800,5840
2494,3398,-1630
-3980,-4486,6146
1800,-5306,5528
-2026,-7380,7232
4038,3732,-1668
5408,-452,8092
-4806,-1220,-6552
2292,-6080,3260
2496,6172,-5022
-1666,-4096,9888
-3360,6056,4610
9106,1202,-2138
-650,-30,4166
-970,5976,-7442
-7026,-1050,4140
8892,2866,2310
244,-6922,8470
5170,-2004,6750
818,-1374,5548
4666,-3754,5740
1736,-6030,-5402
1252,-5898,-4574
-3600,-5818,-3748
-706,2784,-8224
-4434,-1212,-8310
-6864,2876,3138
1122,-6384,7402
4418,-3726,-5320
5734,-2206,-4330
8698,704,-2528
6800,-2508,-5228
5150,988,-2648
584,-9232,-2120
-1524,5320,-7230
2614,-6664,-5280
-4418,2570,-2430
-3894,3456,-8048
-8108,-92,-514
-2300,4746,7586
7610,5230,-906
7206,740,856
-220,8684,1902
-6872,-168,8010
-2020,4776,2196
2544,-3450,8290
-3508,-6352,6498
-4458,5382,-5324
5104,4300,4792
138,2256,-9314
6082,2622,7800
-4790,-1194,-7656
-7478,3692,2522
-7644,-2098,1068
-5922,40,-6616
676,-9432,-3814
2038,-2672,-6930
-2026,-6624,6156
-3448,-8254,-3894
-8290,426,2832
-7566,3080,3340
2892,3282,4062
-3564,3768,-2406
-994,-2718,8258
1476,318,-7454
3104,5098,7046
2934,2496,-8088
6492,446,-7156
4658,-1654,-5048
-3996,3014,8564
-3092,-556,5108
7618,-1990,54
7424,3652,-742
-104,-4214,5982
-2166,6090,-7272
-3734,-5286,5592
3254,2968,-5636
-4822,4468,-5042
-976,4462,2888
3860,4180,-6758
-3984,3800,3406
-7116,-2178,3902
6190,-4604,3320
3702,1532,-5328
3122,-4592,7296
4290,2504,2898
6366,-5490,1764
4824,6430,4028
-8276,1088,-2928
3588,-4126,5768
3044,3802,-7464
3712,3192,-7292
888,-2458,-8760
2880,-7434,-5374
-3118,-2398,9096
-3590,5054,-2954
8266,2966,3658
-5274,742,-8166
-2664,-3092,4920
1862,-3144,5248
7356,-1468,-598
3978,-386,9196
-222,-2098,-7830
7516,626,6834
-8472,-1942,516
5796,-4154,4010
3784,7550,356
-8380,-10,7034
3832,1570,5178
-2758,5838,-84
214,818,10350
-5318,5076,-4540
-1618,1552,-6330
268,530,10252
-1584,1390,-6178
3090,4302,4798
-6282,-2292,-4546
-3144,2268,9764
5190,3220,-1024
630,4670,-4832
6856,-3544,-1302
6042,-4,3678
5820,4188,5158
-6438,3632,-4472
-6452,-4830,5508
8224,-2120,2618
-2312,-5244,6592
4718,-6364,5540
3712,4854,3202
5750,-3384,6158
9020,-3208,-2846
4028,5196,-6344
1210,2890,4152
7216,-2904,-3384
3698,6738,3300
2204,-1362,6474
-1608,-5198,6642
-2906,3946,-6324
-4750,-5544,4772
-4688,-5994,4162
2160,-8354,-5582
-1026,-4668,7510
7664,-1164,6396
3344,4794,-484
-70,7518,-4542
-2360,-786,-7294
3038,-6794,972
-4252,2006,1658
-7140,5246,2792
9684,-1330,48
992,3688,3036
-4716,-7444,2942
806,6904,-5658
2808,4164,-1498
3986,2024,-5764
6,2444,9680
2410,-6980,-3758
6036,2510,1480
1614,-1150,-8394
-2596,2326,-7210
1970,-5106,4874
-6526,2134,-5920
-6036,-2554,4696
3674,-7488,3738
1028,-6800,2584
8088,-6882,-406
368,3372,4616
-4118,6430,948
-7392,254,164
-2084,8360,1716
-2928,-7562,5526
-7208,-942,-4888
5214,-3902,2896
-7594,168,8054
618,-6582,8128
-184,5842,2
-5656,2404,8314
2716,4446,-1778
5758,-4800,3018
-6414,-5382,6056
4050,-3972,4694
-8366,88,1956
5042,2322,3840
1284,7560,-4884
-6190,2032,-4836
488,5562,7922
-5288,-1034,8946
2144,2546,10312
948,6466,-6264
-2504,-6952,8394
-1418,-280,10778
-1296,-9250,2390
-938,-8496,-2890
-2676,3682,-7980
1190,2890,-4432
-6344,2930,3954
-234,-1798,-7630
-74,-5804,7626
-716,-3662,8354
-4820,4130,-3306
7140,-5902,1478
-2976,6628,2864
4150,-6808,-778
-4890,-5788,4790
9152,-2614,-2522
-2230,-3164,6102
8864,3396,-138
7560,-4818,3900
2226,-654,10004
-70,-3962,6298
-5434,-1638,4340
-4248,4268,-2052
-7692,-1624,2618
-4118,-1982,-7652
-6992,2420,-4118
-6542,3664,-1310
2486,-4348,-7260
5854,-5364,5822
6374,878,-6788
1278,-3676,7592
7478,-3114,2814
-4296,1276,9408
-5988,-2438,6578
1604,-932,-8630
-1434,234,-6028
7810,-2444,-5742
5860,416,-7374
-4198,4722,-6656
-4500,-1246,7852
4888,3528,-4616
8384,3938,-2340
632,2852,-7858
-6560,3508,3618
-7816,-1344,-2996
-2804,-1300,5584
3354,-8496,5138
-4442,466,-5570
8384,-4464,2648
830,130,5662
-4808,2052,8762
5620,-2320,-6866
4656,1580,-5696
6626,-6272,6422
1964,-6652,2820
-2668,-672,-8088
4494,-6638,5116
1788,5696,-340
-86,-6088,7732
4192,-674,-8806
1842,5896,6170
4838,-1328,4788
7982,-5184,1496
6518,3224,4302
5160,-6880,4802
4602,-6822,2922
4728,198,-8076
-6784,-48,-5640
4342,-6156,5966
-8564,-1390,3558
-2532,828,-8266
-4830,2760,2794
-6376,5432,5548
-1984,8748,2068
6550,-334,1968
394,-5564,7954
1946,-2702,9886
-3046,4416,2576
4864,3308,-1884
-2166,1124,5104
-2464,5138,-2228
-4428,4206,-4380
5342,942,-3226
-1764,3222,-8114
-758,3188,3928
1044,3546,-4140
7392,-6602,-76
6278,5006,-3574
1398,-4758,-7778
2092,-9090,1214
664,4616,-2538
5072,1470,-3228
-4644,5564,4214
8022,-4344,-1912
-5346,-7162,-3944
9282,-2894,-1084
5050,-1970,5520
4796,-4324,5542
-516,2962,-5988
1384,-5094,9200
-688,4188,3576
4516,-512,8956
-6186,3072,2116
-2546,2428,4580
6226,2188,8144
4626,3492,2478
8454,-2762,2104
-2970,-7794,-3758
3788,2050,4978
-4830,2656,4122
1846,6500,2076
3874,-6380,2910
7478,1254,-5174
1584,884,9982
4304,208,8532
6964,-2436,-1746
-2450,-1816,9116
684,2362,-8706
-3906,4230,-3152
-1450,-1420,-6712
-1728,338,-6934
5860,4968,5276
3006,6704,3970
9588,-2700,-3034
-6622,2960,6458
376,4486,-3234
6804,-6992,5128
-7050,-418,-1102
-8708,-1306,-5958
4094,-4756,-6406
-3052,4922,-7022
7508,584,-5206
3666,-6720,1386
1946,-5088,5294
224,-3564,-7906
2010,2442,4688
-6846,-2020,-4304
-5126,2414,-4148
6054,-3732,3928
2022,-3152,10476
-1994,2864,2466
1666,-5744,-4344
-4330,3808,-3878
-2322,6264,-848
4544,7228,-1724
5178,-3848,3266
3156,-5246,8594
-1448,5782,-1662
3576,2632,8074
5548,-5276,-1148
-4380,1752,2274
-40,7686,-3718
-106,-152,5930
3094,-2918,10318
-8096,1768,-4172
-4706,-4676,5966
4728,-7582,2974
-1600,2664,2588
-1892,704,5546
-6684,1932,-1706
4158,-1694,-8596
-1556,5188,-1376
3228,-8082,-3908
5880,1388,-2368
-7156,-2264,4132
2660,4398,-2586
2612,6294,2270
-1642,-804,11196
1130,2098,10480
-2460,-6606,2906
4414,-5140,5922
4402,-3596,4334
-3414,184,9638
6298,-136,-1240
6514,-1684,440
-694,4430,-2344
-8292,2510,-3716
-3384,-8030,4592
-7256,3240,676
-1026,4006,3738
-1620,22,-6706
3952,-174,9024
-7318,-1768,-3638
1676,-2276,-8150
3908,7876,-632
6826,-4278,-542
7906,-654,-5910
674,290,-8876
880,1898,-9038
-6414,3836,3166
-7640,716,-3768
1842,1936,-5820
9368,-1688,-3364
4778,-3692,-5116
6392,-1556,3560
8698,2026,2540
3748,4586,-3394
-3986,-618,6996
-6238,-4942,4464
-6042,1738,-4500
-5162,-728,6208
2940,2188,-5450
8402,-4688,1038
-1702,-3036,8590
-6174,1744,610
-6860,3110,-1058
6236,-40,6838
-1828,-7688,-1596
898,-6982,-5434
4396,-8074,5796
8206,4786,-886
-2212,5970,-1846
6088,-1886,-4778
-7038,4798,860
5414,3244,-1080
5150,-2736,5918
-1954,592,6660
-7040,5020,3326
-6570,-60,2814
-1152,7408,-3414
4040,-2264,-8340
-366,-1638,10412
-96,-984,-8044
6092,1040,150
-4052,3968,-2972
-5602,498,8488
-3994,2764,-7930
9016,-1530,-1812
3440,3466,4652
5774,3834,-3310
-1268,-6968,5376
5960,4302,-2968
4520,-5518,-5490
-6238,3046,-4762
-4380,4890,-5962
3738,-3774,5030
-1280,3226,2506
6758,-4782,-612
-2796,6100,4204
6864,-2614,7856
1162,-3172,6236
-770,-6808,7786
2744,-6632,-4978
6182,-2760,-5164
-3348,-3276,8246
384,-70,4442
-3440,-3368,6632
-1498,-4242,7192
5662,1096,-4444
6174,-5360,6340
972,818,10028
-2412,-2324,9052
-570,-7942,6734
-4454,5448,-5422
210,516,-9494
3370,-1406,-8336
4746,3936,-4880
-4438,3698,524
472,5718,12
-4382,-6148,5766
-4716,-1060,-6556
5428,6584,-838
1980,-6750,-4666
580,4114,3970
28,-2708,6298
1006,-2432,-8798
1700,2560,-5724
3612,3902,-2114
9008,3260,584
4326,6388,2094
2884,-2874,6096
-4292,3856,-3604
7468,-3020,-2220
-6976,2992,3666
1104,-2072,-8786
-1464,-1422,-6728
-6310,4178,-5432
3924,2562,5314
2840,-8910,-3144
4632,4818,-4330
5902,-922,664
-3700,-6074,4494
-1092,-8958,-2874
-1532,3640,-4760
-1070,2954,1430
5844,-3218,-1664
6724,-566,1552
1056,-3468,9664
-504,-4738,6698
-5224,5748,2938
-498,-9254,428
1402,5036,1990
7728,-5642,1568
-3698,-7518,2208
-1342,256,5264
204,274,4582
10026,-412,810
3654,2500,-5296
-6540,-5306,5602
9820,-1872,-3680
-2,-208,4796
-6284,598,4464
-9432,-872,3040
-7318,-2034,-2732
-6460,2106,-3196
2390,-5478,4932
6284,2608,6284
-282,5838,-142
5870,1330,-7466
3224,6696,-4968
2896,3332,4176
530,-7918,-4624
3438,-9100,-3656
-5288,4950,4804
5490,-2276,-4150
-3282,2658,4878
3674,1264,-4884
-712,2718,-6614
5558,2354,-4942
8620,-428,4378
-2314,3722,-4926
-8156,978,-2560
1134,-3428,8142
-3030,-7716,-4358
-6730,1428,2386
-3062,2046,3958
-2878,3218,-7716
2408,-3426,6156
3476,2158,5828
-308,4236,-2364
-4922,1516,-4520
9394,1244,1738
-4166,-6970,5920
860,4492,-3446
486,-772,12056
4894,-7330,-532
4464,-6772,-2486
-1738,-2446,9338
-472,5848,5506
-4198,-3300,6572
-2192,-9054,-1558
-4374,3508,8338
2240,6510,5016
1284,-1040,-6998
-156,4338,4802
-1746,-9386,-1782
-4208,4158,-1442
2948,1762,3638
-4514,5520,4752
-7532,3162,5182
-4716,202,9458
776,-812,11798
-1850,3568,3566
6338,5440,-2602
-6922,-462,-4596
3148,6158,-5936
-2166,4924,2130
4830,3552,-3282
-9670,236,2732
4668,-444,-8244
5400,-6338,778
3092,3016,-2032
3210,-3724,-5654
1158,-6578,-5034
5732,306,7360
724,2310,-8202
-3418,4214,-3388
-1428,7320,-3618
-5836,-4938,4892
-8556,550,-714
606,3096,-6164
-5514,4714,5472
