-370,918,8282
-1024,958,8502
-818,954,8326
-884,804,8296
-616,860,8262
-164,940,8404
-330,1032,8276
-554,1076,8518
-546,998,8470
-368,990,8334
-244,1024,8076
-950,1022,8420
-808,1058,8262
-626,1010,7942
-106,1076,7882
-426,1060,7796
-66,1172,7694
-874,1028,8308
-416,1106,8584
-92,986,8524
732,1110,8498
94,1020,8976
-70,998,9194
-6,918,9286
398,940,9578
678,1040,9190
162,1138,8988
118,1054,8802
754,1064,8554
1040,1212,8598
550,1260,8790
866,1336,8494
1110,1256,8394
1402,1266,8486
1650,1266,8534
1576,1194,8666
1502,1284,7872
1366,1290,7796
1388,1220,7622
1788,1350,7648
1784,1218,7716
1936,1386,7560
1714,1308,7632
1954,1362,7422
2358,1296,7388
2258,1154,7066
2482,1090,7470
2656,910,7404
3248,844,7410
3476,902,7148
3658,846,7526
3312,628,7404
3592,686,7386
3746,636,7278
4052,642,6814
4270,396,6516
4336,162,6428
4720,356,6462
4320,372,7022
4226,176,6884
4782,132,6386
5104,62,6174
4918,36,5792
4908,54,5808
4886,-38,5710
5372,-14,5382
4644,-326,5918
4652,-520,5914
5758,-648,6108
5900,-954,5466
6190,-1020,5372
6308,-994,5518
6126,-1246,5038
6656,-1264,4386
6140,-1384,4250
5842,-1344,4132
5904,-1740,3770
7042,-1888,3600
7100,-1890,3766
7414,-1904,5218
7136,-2032,4588
6908,-2142,4264
6526,-2206,3884
6324,-2382,3914
6382,-2356,4092
6586,-2404,3966
6232,-2394,3844
6118,-2334,4034
5806,-2258,4260
5630,-2380,4434
5354,-2608,4592
5644,-2634,4316
5706,-3006,4376
5958,-3096,4146
5622,-3170,4334
5760,-3194,4762
5624,-3340,4710
5176,-3656,4584
5502,-3510,4532
5216,-3648,4950
4958,-3954,5106
5650,-3966,4722
5498,-4006,5512
5350,-4006,5476
4594,-4272,4768
5036,-4234,4870
4548,-4498,4968
4432,-4632,5510
5134,-4558,6320
5008,-4622,6668
4928,-4400,6926
4120,-4572,6302
3896,-4642,6112
4368,-4882,6090
4538,-4644,6330
4492,-4480,6282
3976,-4266,6254
2942,-4382,6628
2976,-4278,7346
3214,-4366,7496
3566,-4370,7234
3580,-4432,7354
3508,-4596,6996
3262,-4174,6994
1970,-4120,6470
1232,-4112,6920
1890,-4026,7816
1412,-4268,6380
2100,-4020,7206
1708,-4234,8294
936,-4464,8146
1516,-4148,9100
1530,-4204,8622
1874,-4112,8422
2070,-4076,8220
1332,-4188,6736
740,-3918,9360
594,-3596,9154
584,-3512,10380
-46,-3486,8370
860,-2746,8642
-1060,-3264,7540
-2106,-3030,8450
120,-2504,7376
-294,-2476,9702
-464,-2354,8500
-1044,-2266,8004
-1376,-2168,8732
-444,-1986,7946
-786,-2076,9264
0,-1802,8954
-452,-1614,8356
-870,-1540,7044
-1258,-1962,6100
-2750,-1076,9500
-4002,-1722,8276
502,-752,10486
-4666,-1530,7246
-3830,-892,8182
-3856,-900,6732
-2790,-384,7322
-3448,-370,6916
-3834,-290,8196
-4124,-242,7550
-3774,-124,7162
-3722,110,6886
-3892,282,7114
-3748,324,8452
-3702,420,8350
-3544,312,7742
-3280,474,7168
-3926,636,7752
-3924,812,7868
-3718,874,7000
-3606,1054,6808
-3638,1268,6738
-4642,1258,6734
-4498,1204,7252
-3898,1444,7566
-3460,1158,9812
-4600,1406,5772
-4076,1696,6338
-5396,1558,5538
-4716,1790,5390
-4468,1792,5838
-4132,2020,5852
-4244,1924,5788
-4324,2086,6402
-3992,2114,6122
-4332,2172,5462
-4516,2218,5882
-4916,2110,5676
-3618,2130,5842
-4640,2088,6196
-4670,2202,5844
-4714,2244,5536
-3798,2316,4684
-5014,2196,5518
-5060,2276,4576
-5016,2134,6086
-6080,2088,4300
-5252,2108,4892
-6316,1986,4026
-5734,2202,4354
-5748,2102,4376
-6560,2000,3880
-6568,1846,3468
-5802,1920,3848
-6588,1768,3542
-6472,1744,3446
-6858,1584,3542
-6778,1552,3414
-6380,1568,3752
-6134,1590,4144
-6120,1530,3912
-6818,1340,3484
-7350,1142,3426
-6502,1236,3884
-6872,1080,3974
-6684,1010,3956
-6698,980,3482
-7394,656,3646
-7234,496,3390
-6810,482,3744
-7644,380,4492
-7886,50,4464
-7982,-158,4404
-7258,-94,4416
-7936,-266,3250
-7728,-252,3866
-7668,-560,5158
-8060,-570,4120
-8026,-424,4620
-8100,-810,3646
-7460,-730,3268
-7038,-676,2816
-7234,-662,2686
-7640,-888,3152
-7436,-958,3534
-7214,-1088,4184
-6976,-980,4492
-7068,-1172,4068
-7194,-1420,3930
-7352,-1560,4320
-6984,-1508,4572
-7112,-1620,4870
-7482,-1836,4078
-7126,-1878,4262
-7054,-1964,5004
-6420,-2058,4342
-6982,-2248,3376
-6326,-2428,2892
-5802,-2558,3750
-6802,-2672,3756
-6930,-2734,3858
-7012,-2820,4340
-6638,-2902,4746
-6590,-2944,5766
-5982,-2984,5956
-6158,-3084,5548
-6446,-3438,4646
-6320,-3556,4278
-6352,-3600,5334
-5670,-3494,6028
-6094,-3766,5856
-6032,-3888,5964
-5474,-3940,5800
-5984,-4092,6150
-6128,-4116,6080
-5928,-4002,6520
-5800,-3988,6568
-5676,-3930,6478
-4738,-3768,6632
-4572,-3882,7018
-4946,-3938,7750
-4922,-3982,7684
-5310,-3990,6496
-5730,-3998,6476
-4938,-3734,7212
-4654,-3620,6790
-3646,-3436,7078
-4566,-3356,6628
-3570,-3106,7558
-3188,-2786,7250
-3436,-2870,6970
-3788,-2878,6790
-2694,-2836,8012
-2142,-2784,8466
-3152,-2978,8342
-2952,-2866,8746
-2854,-2802,7896
-3158,-2728,7980
-3058,-2560,7986
-2904,-2414,8662
-2816,-2246,8570
-2414,-1944,8096
-2368,-1892,7980
-2142,-1848,8292
-1140,-1516,6562
-1160,-1868,7784
-96,-2106,5162
-774,-1400,8096
-934,-1658,8678
-614,-1450,8702
-794,-1478,8532
1076,-1236,8356
1372,-1020,8018
512,-1066,8290
352,-1074,8020
488,-1098,8288
1296,-1246,7778
854,-1218,7240
568,-1204,7230
28,-1146,7470
1168,-906,8096
1626,-776,8328
1436,-652,7998
2054,-304,7348
2434,-354,7760
2998,116,7200
1368,114,6314
1892,312,6548
1888,384,6808
1830,404,7052
1854,394,7218
1910,426,7202
1732,316,7260
2778,278,7732
2466,160,8012
2340,106,8096
2350,22,7814
2612,24,7948
2544,18,8056
2832,20,7772
2802,220,7616
2264,216,7568
2322,318,7876
2258,304,8148
2620,362,7612
2490,212,7238
2828,338,7468
2552,332,6954
2190,334,6852
2648,392,7334
2388,204,7086
2426,306,6944
2130,136,7322
2866,156,7258
1964,132,7150
2306,-12,7492
2800,-246,8084
2680,-518,8520
3466,-576,8568
3158,-540,7844
2826,-608,7142
3018,-760,6910
3430,-842,7436
3082,-1010,8060
3730,-1046,7982
3068,-1278,7298
3110,-1230,6980
3166,-1388,7086
3184,-1344,6738
3164,-1386,6448
3018,-1508,6800
2914,-1618,6940
2232,-1814,7160
2956,-1832,7260
2516,-1904,6790
3056,-1958,7116
2822,-2246,7122
2620,-2254,7738
1998,-2584,7734
3040,-2482,7894
2772,-2482,6774
3038,-2616,6922
2872,-2744,7520
2516,-2806,8552
2264,-2864,8346
2618,-2856,8234
2568,-2658,6934
2380,-2710,6600
2568,-2804,7128
1904,-3054,8116
2124,-3076,8508
1702,-3130,8264
1656,-3094,7968
2118,-3092,7314
1666,-2994,7648
1414,-3144,7594
1048,-3070,8130
914,-3258,8136
1218,-3162,7908
1062,-3114,8034
744,-3196,8588
710,-3180,8520
472,-3222,7300
-222,-3270,7718
556,-3062,7998
-464,-3162,8246
-696,-3232,7850
-292,-3304,7282
-580,-3334,7394
-590,-3438,8144
-998,-3496,7320
-900,-3632,7570
-1338,-3768,7170
-808,-3774,7398
-1282,-3886,7984
-1246,-3880,8066
-1188,-3828,9172
-2474,-3922,7974
-2876,-4038,7950
-1162,-3574,8552
-1030,-3222,8688
-2826,-3492,9040
-2608,-3394,9114
-2690,-3252,8436
-2862,-3238,8488
-3216,-3264,8230
-3120,-3114,7692
-3672,-3004,7930
-3240,-2876,7948
-2908,-2854,8134
-3884,-3132,7816
-3226,-2950,7818
-3188,-2818,7292
-2796,-2528,7894
-3172,-2694,7690
-3600,-2338,8512
-3828,-2354,8812
-3296,-2264,8484
-3108,-2226,8676
-2746,-1980,8018
-3330,-1940,8858
-2902,-1448,8124
-3356,-1366,7948
-4010,-1360,7710
-4688,-1216,6910
-3692,-962,8700
-4192,-894,7250
-3496,-352,8436
-4188,-380,6396
-4150,-194,6700
-4554,-154,7564
-4804,-114,8148
-4768,8,7742
-4748,-36,7054
-4680,206,6742
-4356,392,6426
-3818,838,6840
-4828,538,5252
-4570,678,6888
-4646,766,6422
-4512,1102,6390
-4360,1188,5768
-4118,1352,6664
-4574,1316,5766
-4364,1630,5738
-4218,1712,6136
-5220,1622,5792
-4510,1874,6086
-4594,1984,6014
-4398,2084,6358
-4074,2134,6246
-4498,2014,5644
-4948,1962,6046
-4764,1978,6018
-4836,2126,6518
-5468,1926,5724
-5798,1996,5926
-5324,2186,5784
-5174,2330,5252
-4938,2504,5248
-4824,2450,5068
-4776,2508,5260
-4832,2528,5102
-5070,2446,5204
-5410,2502,5754
-5396,2408,4792
-4806,2548,5176
-4818,2626,5352
-5142,2528,5102
-4766,2554,4714
-5688,2494,5012
-4806,2636,5464
-5218,2462,4892
-4752,2528,5050
-5112,2402,4516
-5366,2404,4924
-5104,2370,4968
-5340,2210,5062
-5378,2186,5318
-5356,2312,5030
-5582,2240,5222
-5190,2226,5496
-6044,2088,4946
-5320,2150,5802
-5668,2014,5416
-6102,2032,5494
-5704,1930,5530
-5958,1782,5592
-6032,1918,5618
-6258,1736,4952
-6104,1668,5384
-6108,1642,5246
-6076,1544,4954
-6342,1652,5356
-6384,1558,4976
-6324,1594,4448
-6918,1470,4052
-6728,1332,4578
-7042,1304,4472
-6742,1378,4784
-6670,1294,5120
-6976,1144,4516
-7170,900,4426
-6386,880,4530
-6578,870,5374
-6668,732,5010
-6618,652,4582
-6248,690,4862
-6390,632,4856
-6772,682,4910
-6558,658,4986
-6524,476,4608
-6478,266,4160
-6130,96,4974
-6536,-36,5396
-6624,-264,5594
-6526,-396,6226
-7148,-688,5298
-6698,-808,4668
-6734,-822,4918
-6818,-856,5006
-6534,-950,5298
-5336,-544,5872
-6068,-996,5214
-6466,-1156,5548
-6258,-1202,5994
-6328,-1284,5872
-6678,-1408,5886
-6238,-1358,6454
-6318,-1354,6352
-7128,-1638,5990
-6700,-1706,5716
-6124,-1650,5910
-6594,-1670,5530
-6460,-1658,5932
-6838,-1724,5696
-6340,-1690,5624
-5982,-1724,5468
-5726,-1572,5534
-5832,-1608,5586
-5608,-1664,6048
-5260,-1662,5978
-5756,-1754,6098
-5372,-1778,6016
-5198,-1802,6600
-5090,-1812,6964
-4770,-1782,7194
-5418,-2078,6886
-4976,-1988,6762
-4986,-2040,7416
-4708,-2144,7644
-4906,-2172,8070
-4466,-2130,7572
-4772,-2298,7442
-4898,-2324,7682
-4360,-2154,7684
-4446,-2200,7816
-4574,-2274,8062
-4744,-2266,8376
-4642,-2182,8124
-3424,-1892,8390
-3360,-1780,7992
-3492,-1632,8394
-3490,-1544,7814
-3428,-1436,7716
-3518,-1258,7810
-2642,-1132,7500
-3228,-1222,7252
-2262,-1016,8124
-3062,-1064,7844
-2100,-758,8226
-2248,-842,8514
-2446,-786,8500
-1076,-522,8630
-1230,-530,8996
-1214,-398,8866
-1352,-368,8416
-996,-342,8258
-1194,-324,8270
-1200,-248,8410
-1412,-46,7924
-616,-24,7802
-898,-190,7712
-866,-54,7660
-1048,-12,7634
-680,34,7182
-62,258,6942
642,480,7444
876,568,7164
1692,734,7518
1340,766,7084
1700,766,7250
2350,830,7242
2550,788,7276
2480,164,2202
3140,656,8130
2820,714,7856
2358,546,7210
2670,572,7572
3074,660,7958
3272,682,7680
2810,620,7304
2938,606,7328
2600,522,7478
3062,538,7502
3406,472,7388
3306,426,7172
2918,230,7404
3302,228,7192
3754,232,6596
3256,156,7672
4118,294,6668
3664,94,7230
3812,-52,7044
3638,-222,7230
4088,-266,7218
4960,-132,6826
3844,-340,6684
3784,-384,6618
4358,-380,6580
4822,-392,6590
4274,-606,6480
3796,-834,6056
4536,-846,6202
5168,-814,6018
4804,-1078,6568
5408,-986,6294
5460,-1108,5402
5086,-1216,5798
4944,-1436,5752
5526,-1444,5926
5578,-1412,5460
5322,-1390,5722
4440,-1600,5416
4678,-1698,5184
5422,-1720,5234
4680,-1870,5626
4422,-1992,5666
5328,-2064,5448
5442,-2152,5724
5106,-2512,5576
5636,-2574,5644
5520,-2644,5320
5054,-2806,6054
5668,-2838,6590
5442,-3066,5938
5952,-2882,6024
5910,-2804,5666
5220,-3068,5138
5666,-2910,5858
5340,-3052,6228
5442,-2910,6788
5318,-2978,6844
5300,-3140,5880
5722,-3152,5468
5058,-3188,6014
4904,-3032,6702
4532,-3128,6376
4526,-3012,6570
3950,-3164,6674
4546,-3152,6328
4116,-3268,5934
4108,-3114,7060
3684,-3044,7392
3212,-3212,6752
4510,-3194,6268
3376,-3194,6928
3252,-3134,7308
3644,-3048,7414
3396,-2892,8072
2736,-3248,7982
2414,-3156,7590
3154,-3238,7842
3228,-3140,8308
2512,-2942,8350
2198,-2926,8046
1758,-3002,7652
1936,-2934,7770
2184,-2662,8362
2554,-2416,8304
688,-2662,7676
1060,-2510,8018
1198,-2374,8748
852,-2352,8334
544,-2152,8098
896,-1972,8122
512,-1866,8416
-98,-1926,8850
-628,-1972,8116
-486,-1820,8920
-556,-1648,8554
-128,-1442,8972
6,-1296,9874
-976,-1352,9210
-756,-1438,10168
-896,-1200,9314
-208,-772,8382
-712,-788,8882
-640,-698,8890
-650,-430,9174
-750,-380,8684
-984,-196,8876
-1976,-410,8262
-800,-22,7506
-1040,-144,7872
-3302,-292,7836
-3106,82,9020
-2112,204,8616
-2158,234,8588
-2422,212,8004
-2600,350,9226
-2386,508,9652
-2654,406,9926
-2752,358,8776
-2218,484,9556
-2300,598,9988
-1314,814,9328
-2776,546,9684
-2490,628,8658
-2522,860,7886
-2506,820,7756
-2562,952,7558
-2804,982,6676
-1658,1348,6820
-1982,1678,7012
-1026,2088,7406
-1900,2240,6732
-3046,2414,5670
-2762,2750,5704
-3094,2784,6158
-2938,3008,6302
-3232,3038,6190
-3464,3156,5904
-3626,3312,5688
-3556,3552,5876
-3306,3822,5988
-2872,3658,5236
-3834,3616,4908
-3018,3790,6222
-3196,3928,6952
-3902,3798,6538
-3822,3700,6336
-3462,3872,6090
-3482,3898,5784
-3102,3814,5548
-3480,3658,5888
-3632,3494,5098
-3386,3558,4870
-3028,3392,4236
-3960,3240,4160
-3150,3426,4920
-3598,3364,4488
-4760,2970,4722
-4544,3036,4076
-3038,3414,4442
-4594,3120,4082
-4866,3388,4488
-4764,3462,4754
-4294,3554,5320
-5142,3422,4524
-6064,3118,5096
-5718,3002,4680
-5822,2916,5130
-5876,2806,5286
-6252,2662,5140
-6012,2572,5018
-6376,2276,3744
-5878,2350,4380
-6420,2228,5224
-5556,2462,5780
-5578,2476,4774
-5962,2132,4028
-5416,1946,5212
-5798,1852,4882
-5424,1742,5804
-6124,1532,5866
-5292,1632,5854
-5794,1434,5160
-5560,1410,5426
-5602,1346,5382
-6308,1250,6112
-5906,1190,6284
-6592,924,5830
-6336,874,5490
-6466,658,5426
-6552,546,5790
-6996,448,5962
-6414,428,5650
-6810,376,5180
-6508,412,5362
-6322,294,5064
-6422,226,5312
-6186,114,5566
-6256,108,5472
-6348,80,5718
-5928,62,5794
-5776,42,5934
-6080,-286,4890
-6088,-346,5070
-5918,-404,5896
-5508,-488,6030
-6404,-758,5878
-5612,-694,6228
-4972,-784,6324
-5376,-1146,6232
-6028,-1638,6122
-6696,-2368,6748
-6066,-2412,8208
-5322,-2140,7948
-6218,-2470,6424
-6082,-2264,6062
-4916,-1788,6086
-4586,-1558,6488
-4482,-1614,7576
-4030,-1540,8422
-3688,-1390,8286
-3284,-1656,8552
-3904,-1772,8300
-3122,-1780,8490
-3330,-1654,9482
-2658,-1656,9640
-1908,-1516,9816
-2264,-1668,9386
-1818,-1492,9684
-1628,-1442,9344
-1258,-1508,9620
-140,-1218,9448
-900,-1454,9808
-1754,-1574,9470
-654,-1452,9818
-820,-1548,10440
-1736,-1306,10070
-3512,-2040,9998
-1308,-1364,7586
650,-848,7438
-270,-844,8160
-796,-816,9034
-712,-764,8430
-642,-732,8008
904,-428,8490
1714,-138,8066
1564,-224,7404
2398,-64,8894
2840,-26,7154
2160,-504,7330
3440,-416,8570
3502,-508,8878
3364,-408,8660
2466,-632,8536
3336,-592,7332
3566,-506,6910
2892,-344,6540
2924,-346,6702
3682,-228,7364
3794,-334,7142
3444,-56,6300
2690,-62,7002
3502,42,6354
4682,160,5606
4578,148,5634
4702,78,6080
4218,166,6446
4118,104,6742
4394,-20,6716
4548,-184,6496
5304,-44,6138
4204,-116,6942
4426,-212,6570
4934,-402,6754
5292,-288,6786
4696,-296,6830
3878,-436,6860
4210,-248,6718
3856,-434,7024
5208,-174,6294
4312,-310,6510
3518,-350,6272
4014,-556,6098
4200,-516,5848
4136,-850,6264
5214,-740,6278
4596,-922,5846
4520,-770,6272
3816,-974,6254
4554,-1194,5688
5086,-1548,5830
6532,-1548,5410
6296,-1586,6004
4772,-1772,6776
4974,-1786,6400
5120,-1720,5866
4900,-1882,5666
5746,-2026,5394
5998,-2054,5296
4784,-2080,5452
4330,-2056,5410
4522,-2208,5262
4972,-2390,4936
4984,-2522,5060
5224,-2686,5350
5520,-2730,5288
4912,-2982,5378
5340,-2964,5330
5188,-3164,4976
4580,-3150,5174
4600,-3192,5586
4936,-3260,5680
4420,-4242,5704
5124,-3770,5190
4594,-3722,6760
4634,-3916,5820
4608,-3938,5974
4150,-3990,6010
4518,-4226,5700
4856,-4182,5718
4442,-4246,5886
4146,-4224,6300
3976,-4272,6156
4118,-4174,5446
4036,-4144,5692
3436,-4360,5882
3158,-4418,6414
3170,-4502,6676
3314,-4384,6454
3662,-4564,6626
3630,-4486,6886
3120,-4628,7042
3018,-4754,6640
3808,-4546,7204
3676,-4634,7432
3692,-4566,7366
3770,-4658,7110
3332,-4650,6806
2756,-4424,7462
2932,-3914,7462
1992,-3946,7140
2802,-3842,7040
2246,-3768,7062
916,-3676,7812
568,-3574,7770
1190,-3510,6486
3196,-2968,8196
780,-3224,7226
-208,-3258,8530
1496,-3284,8876
1496,-3168,8116
712,-2972,8510
-384,-2884,9236
-200,-2748,9686
418,-2904,9996
-784,-2952,9584
132,-2754,9000
1000,-2366,9308
-1002,-2512,10186
-510,-2202,9706
-118,-1934,8692
600,-1826,7852
664,-1356,8076
-548,-1232,8856
-2978,-1292,8808
-1828,-992,8640
-2326,-1296,8696
-2802,-1200,9380
-2368,-966,9238
-3106,-1080,8178
-2644,-826,8212
-1508,-630,8674
-1850,-254,8664
-2302,-196,8402
-2556,-274,8638
-1750,-116,8526
-1146,70,8532
-1168,220,7758
-2768,192,6192
-1972,626,6776
-604,1264,8518
-3192,1162,8140
-4000,1082,6640
-3536,1118,7078
-2422,1564,7124
-3502,1424,6550
-3974,1462,7346
-3878,1460,7794
-2996,1920,7572
-3230,1866,6952
-3284,1790,6300
-2534,2222,6608
-2016,2454,6924
-2806,2252,6402
-2580,2394,7050
-2754,2344,7372
-2742,2422,6678
-2090,2710,6514
-2406,2482,7670
-3370,2086,6834
-3652,2092,6880
-3638,2106,6770
-4352,1940,6870
-3708,2210,6680
-3818,2258,4900
-4880,2236,4512
-3680,2552,6064
-3474,2620,5304
-4672,2498,4756
-3896,2542,4812
-4718,2364,5144
-4204,2580,5888
-5540,2096,5924
-5336,2084,4892
-4148,2242,5120
-4628,2204,5614
-5562,2180,6492
-4162,2396,6618
-5176,2136,5620
-4570,2226,5822
-4932,1974,5846
-5300,1834,5648
-4392,1934,5898
-4112,1866,5876
-4044,1810,5644
-5216,1508,4904
-5606,1314,5196
-4936,1478,6262
-4812,1396,6324
-5802,1266,6274
-5466,1146,5692
-5526,1084,6642
-5752,1034,5668
-5604,998,5330
-5734,860,5638
-6466,678,5482
-6114,668,5966
-5052,792,6502
-5594,562,5938
-6044,334,5512
-6192,362,5058
-6222,344,5740
-5852,306,5888
-5440,158,6292
-5876,-124,5780
-5616,-92,5816
-4974,-68,5556
-5254,-238,6140
-5600,-456,6204
-5938,-758,6328
-5976,-884,5606
-5590,-966,5470
-4722,-618,5816
-5030,-740,5714
-6060,-930,5660
-6220,-1046,6178
-6168,-1316,5966
-5834,-1444,6442
-6292,-1654,5344
-6050,-1646,5272
-5924,-1584,5526
-5356,-1590,6094
-5928,-1714,5940
-6198,-2006,5590
-6240,-2198,5908
-5764,-2114,6038
-6002,-2222,6064
-5724,-2238,6204
-5756,-2230,6132
-6542,-2460,5806
-6144,-2426,5842
-5628,-2390,6336
-5960,-2574,6480
-5772,-2690,6380
-6156,-2782,6872
-5732,-2874,6300
-6178,-3060,5906
-6108,-3008,6364
-5432,-2954,6454
-5600,-3104,6096
-5922,-3110,6210
-5426,-3126,6556
-4884,-3124,5720
-5000,-3156,6208
-5240,-3262,6116
-5046,-3158,6788
-4744,-3182,6466
-5208,-3292,6118
-5446,-3342,5906
-5128,-3424,6052
-4856,-3340,6856
-4738,-3218,6474
-5006,-3316,6168
-4250,-3078,6404
-4134,-3196,6538
-3698,-2924,7120
-3896,-3058,7544
-4076,-3084,8092
-3880,-2982,7794
-3660,-2910,8256
-3002,-2722,8376
-2746,-2534,8480
-3816,-2728,8008
-3818,-2598,8472
-2442,-2534,8426
-3470,-2820,8458
-2098,-2662,8598
-3068,-2866,8264
-2850,-2892,8762
-2294,-2650,8874
-1458,-2264,9294
-1840,-2204,8326
-1364,-1704,8806
-1568,-1640,7604
-760,-1406,6994
-1392,-1174,7038
-1424,-1650,8266
2504,-1364,11186
630,-2060,10150
-1834,-2230,8462
-1544,-1994,9288
-766,-1908,8576
318,-1666,8366
-1014,-1648,7640
-1866,-1472,7312
-1314,-1226,8390
-570,-940,8004
124,-924,8100
696,-514,7676
152,-544,7334
2182,-320,6926
2132,-148,6838
1122,-310,8404
1704,-116,8174
1800,-222,8388
1238,-266,7936
2166,-194,7880
2820,212,7452
1200,118,7240
1698,252,7282
2228,358,7686
2468,354,7834
3404,668,7580
1836,440,7204
1924,684,7090
1842,618,7200
2724,608,6670
3844,842,6586
2606,602,6802
2724,866,5498
3208,606,7234
3524,658,7286
4270,658,6876
3698,586,6582
4244,480,6660
4224,464,6308
4038,676,6818
3894,398,7282
4020,610,6532
3004,436,6368
3838,458,6200
4162,264,6362
4506,398,7128
4900,304,6988
4274,190,6480
4082,32,6274
4832,200,6362
4514,100,6558
4088,-146,6474
5084,-256,6364
5864,-130,5838
4268,-354,6272
4682,-428,5818
4886,-458,6264
4378,-538,6094
4528,-626,5862
4812,-660,5938
4298,-874,5478
5112,-792,6042
4296,-1056,5422
5124,-824,5694
4976,-980,6500
4408,-1074,5918
3472,-1274,5410
4146,-1728,6850
4956,-1868,7432
4948,-1718,8372
4684,-2016,7696
4178,-2130,6688
4324,-2130,6748
3846,-2148,6670
3816,-2214,7200
4144,-2404,7188
4568,-2340,6718
3648,-2540,6702
4198,-2360,6954
3476,-2486,6738
3896,-2472,6572
4526,-2456,6582
4108,-2494,6610
3062,-2624,7502
3710,-2356,7722
4214,-2458,8446
4498,-2320,8330
1778,-2786,7676
2894,-2792,8030
2528,-2998,8474
2234,-3244,9162
3334,-2808,10462
1818,-2996,7716
2530,-2840,8746
1762,-2862,7360
1364,-2676,7706
1518,-2648,8260
1796,-2654,7818
1268,-2682,8020
1096,-2824,7466
760,-2864,8032
1058,-2866,7852
1466,-2708,8482
748,-2776,7904
478,-2854,8408
538,-2732,8070
768,-2684,7754
134,-2746,8060
-206,-2746,8562
-112,-2900,8706
898,-2652,8652
598,-2720,8942
494,-2352,8822
-556,-2590,8220
-398,-2684,8330
412,-2556,9030
-470,-2638,9240
-84,-2590,9284
-612,-2590,8896
-638,-2602,8900
-796,-2452,9068
-640,-2342,9172
-984,-2420,9308
-1384,-2374,9182
-464,-2266,9340
-1144,-2282,9220
-552,-2144,9524
-1646,-2220,9148
-1914,-1978,8568
-1596,-1752,8412
-1520,-1622,8158
-1540,-1516,8190
-2300,-1498,8314
-2564,-1362,8250
-2416,-952,7540
-1566,-808,7868
-1518,-686,7806
-2756,-778,7528
-2518,-630,7872
-2146,-338,7866
-3090,-450,7806
-2910,-10,8560
-3636,-122,7226
-3770,-156,7492
-4108,-342,7624
-3348,122,7498
-3632,326,7414
-3188,626,7222
-3758,454,7196
-3588,536,7222
-3378,766,6844
-3910,810,6920
-4010,1032,6958
-4212,1056,6546
-3710,1250,6466
-3726,1526,6750
-4156,1388,5752
-3910,1430,5952
-4968,1262,5724
-4804,1296,6360
-4194,1464,6498
-4872,1510,6558
-5046,1492,6552
-4360,1548,6462
-4542,1736,6012
-4632,1814,6504
-4570,1652,6856
-4620,1658,6704
-4308,1762,6538
-4568,1720,6536
-4162,1838,6326
-3792,1962,6452
-4022,2006,6824
-4702,1904,6000
-5068,1904,5500
-5356,1850,5332
-5354,1888,5492
-5358,1926,5476
-5242,1942,5110
-5224,2078,5102
-4632,2218,5196
-4958,2084,4904
-4590,2030,5156
-4636,1908,5284
-5020,1720,5270
-5060,1674,4874
-4808,1842,5164
-5904,1606,4270
-6418,1708,4478
-5782,1892,5024
-5384,1910,5156
-5448,1880,5498
-6170,1788,5118
-5566,1708,5908
-5866,1696,5674
-5868,1548,5284
-6424,1310,4904
-5896,1458,5676
-6362,944,5330
-6336,1046,5346
-6032,1022,5156
-6314,960,4746
-6692,674,4876
-6334,768,5070
-6182,632,5050
-6398,482,4880
-5860,558,5158
-6474,414,4340
-6614,412,4230
-6360,270,5138
-6174,172,5738
-6430,100,5982
-6530,-46,4464
-6262,-56,4098
-6180,-152,4000
-5820,-98,5358
-6442,-320,5026
-6848,-648,4846
-6434,-780,5072
-6118,-720,5672
-6318,-908,5648
-6400,-984,5292
-5962,-1032,5162
-6168,-1252,5160
-6108,-1236,5882
-6168,-1274,5856
-6186,-1280,6174
-6788,-1502,5126
-6566,-1658,4938
-7008,-1826,4836
-7030,-1910,4662
-6746,-1758,5656
-6810,-1870,5270
-6738,-1990,5152
-6516,-1952,5008
-7002,-2084,4906
-6602,-2138,5222
-6360,-2156,5330
-6504,-2180,5444
-6376,-2216,5082
-6328,-2280,4670
-6284,-2376,5258
-5874,-2378,5990
-6116,-2500,5706
-6020,-2672,5234
-5918,-2802,5024
-5616,-2734,5926
-6014,-2908,5812
-5838,-2918,6062
-5778,-3092,5878
-5966,-3156,5414
-5636,-3126,5786
-5282,-3056,6176
-6202,-3240,5872
-5702,-3180,6230
-5522,-3192,5694
-5424,-3288,6244
-5636,-3458,6338
-5028,-3334,6530
-4796,-3486,6178
-5298,-3496,5794
-5260,-3510,6220
-4998,-3350,6654
-4610,-3258,6824
-4726,-3398,6814
-5354,-3616,6638
-5294,-3612,6748
-4658,-3490,7644
-4388,-3430,7758
-4906,-3664,7530
-5228,-3710,7124
-4734,-3482,7088
-4704,-3376,7736
-4734,-3456,7666
-4816,-3418,7324
-4364,-3288,7124
-4290,-3154,7568
-4386,-3104,7430
-4456,-2898,7780
-3588,-2632,7984
-3536,-2664,8380
-3146,-2208,8072
-3782,-2478,7386
-3700,-2120,7240
-3558,-1938,7178
-3224,-1824,7354
-3046,-1678,7566
-2488,-1788,7610
-1424,-1728,9174
-488,-1364,8922
-2070,-1576,7646
-2142,-1290,8142
-1404,-1174,8358
-748,-988,8954
74,-690,9140
-1302,-816,8246
-2218,-916,7934
-964,-696,7900
-154,-520,7942
298,-240,8246
-1216,-590,7532
-1454,-244,7132
-410,-356,7338
684,86,7254
-88,-228,8432
-328,-44,8266
132,44,7876
604,102,7920
530,328,7534
342,310,7252
868,512,7280
878,518,7722
1222,426,8196
720,414,7908
1024,562,7624
1154,556,7126
1172,746,7444
1114,770,7664
1718,894,7528
2120,972,7374
1174,852,7576
1494,944,7634
1858,870,7592
2462,900,7488
2244,798,7632
1886,758,7922
2274,788,7226
2508,750,7998
2468,746,7368
2842,746,7284
2364,668,7220
1918,494,7000
2512,530,6994
3602,598,6952
3174,324,6884
2758,264,6820
3232,336,6796
3036,198,6236
2528,-86,5500
3004,-204,5826
2874,-506,6216
3782,-678,6450
4904,-772,6632
4628,-860,6662
3778,-1246,6896
4954,-1402,6758
6440,-1470,5940
4462,-2006,6982
4668,-1630,6752
6100,-1582,6402
5172,-1834,6716
5272,-1814,6944
5024,-1914,7152
4116,-1980,7180
4628,-1924,5988
4462,-1938,6142
4100,-2050,6898
4288,-2162,6554
4048,-2372,6616
5300,-2148,6782
4414,-2362,7172
3678,-2464,6862
4640,-2452,6692
3838,-2580,6754
3758,-2636,6742
4062,-2672,6728
3872,-2866,6920
5094,-2840,7410
3460,-3226,6792
4486,-2960,7394
2374,-3402,6888
4550,-2966,6958
3618,-3214,6990
3464,-3222,6564
3576,-3280,7060
4504,-3304,8194
3496,-3442,6362
4250,-3474,7716
3122,-3632,7004
3588,-3500,7512
3252,-3548,7052
3386,-3604,7570
3198,-3636,7680
2732,-3640,7682
1900,-3736,7476
2654,-3728,7434
2760,-3744,7852
2216,-3832,7580
2598,-3590,7798
2346,-3470,7538
2286,-3512,7720
2342,-3376,7554
1968,-3462,7420
1156,-3498,6792
1250,-3614,7070
1728,-3616,7440
2402,-3384,7810
2404,-3566,7946
2210,-3586,8602
1544,-3684,8258
2612,-3550,8188
3048,-3336,9420
994,-3906,8816
1066,-3704,8688
1786,-3404,9234
1654,-3138,8774
898,-3046,8146
28,-2972,8036
814,-2842,8412
452,-2802,8676
228,-2580,8960
-406,-2834,8410
-714,-2786,8464
-1216,-2680,8262
-208,-2488,8822
-418,-2310,8886
-610,-2214,8572
-822,-2140,8426
-534,-1978,8442
-818,-1856,8620
-532,-1442,8980
-230,-1340,8262
-636,-1342,12576
-1568,-1162,8188
-1414,-1032,8136
-3046,-990,7154
-2054,-568,7286
-2206,-304,8306
-3044,-434,8112
-2820,-152,7788
-3006,-48,7444
-3084,44,7262
-3202,114,7250
-2942,382,7704
-3652,256,6892
-3410,424,7072
-3282,600,7180
-3086,734,7486
-3252,888,7112
-3598,766,6534
-3294,1000,7174
-3200,1092,6982
-3716,1096,6842
-3838,1208,6928
-3686,1364,7036
-4124,1382,6450
-3780,1468,6388
-4556,1332,4754
-4222,1544,6104
-4308,1714,6570
-5056,1610,6818
-5090,1556,5962
-4644,1724,6194
-4454,1848,6416
-4644,1870,5986
-4652,1870,6074
-4782,1984,5866
-4468,2118,6326
-4762,2000,5782
-4734,1964,5636
-4900,2048,5426
-4524,2020,5738
-4608,2122,5152
-4658,2108,5530
-4632,2138,5436
-4738,2190,5548
-5180,2050,5360
-5070,2036,4732
-5054,1964,4972
-5188,2022,5224
-5102,2080,5732
-5336,2098,5162
-5498,2024,4744
-5228,2002,4952
-5064,1990,5694
-5256,1912,5824
-5812,1816,5444
-5508,1872,5490
-5640,1848,6158
-5032,1920,6626
-5442,1782,5854
-5104,1786,6276
-5510,1730,6466
-5810,1404,5340
-5878,1278,4918
-5396,1278,6232
-5466,1216,5876
-5540,1312,5110
-5690,1278,4848
-5386,1338,4842
-5412,1478,4888
-5642,1460,4840
-5630,1360,4910
-5680,1188,4792
-5736,1220,5318
-5944,1006,6344
-5816,920,5590
-6054,750,5522
-6070,520,5386
-5788,466,5422
-6110,252,5070
-6466,112,4912
-6506,26,5430
-6804,-134,6276
-6360,-126,6574
-6604,-384,5236
-6576,-414,4840
-6300,-408,4866
-6336,-468,4308
-6152,-450,5030
-6212,-448,5108
-6406,-646,3972
-5964,-666,4120
-6824,-820,4584
-6904,-1000,4992
-6656,-1022,5186
-6918,-1044,5634
-6700,-1160,5704
-6950,-1466,5124
-7094,-1692,5358
-7030,-1624,6202
-7072,-1838,6268
-6846,-1882,4886
-6806,-1946,4552
-6370,-2012,5052
-6668,-2086,5426
-6654,-2214,5590
-5998,-2150,5348
-6386,-2262,4948
-5732,-2280,5140
-6146,-2498,5424
-5906,-2424,5880
-6390,-2526,5848
-6214,-2476,5484
-6384,-2638,5366
-6354,-2658,5972
-6014,-2778,6630
-6076,-2812,6470
-6094,-2972,6558
-6414,-3130,6152
-5914,-3012,6532
-6172,-3232,6142
-5404,-3064,6272
-5586,-3312,5918
-5574,-3090,6020
-5782,-3196,6298
-5168,-3212,6300
-4928,-3142,6510
-4614,-3112,6306
-4456,-3020,6210
-5266,-3190,6210
-5316,-3120,7156
-5448,-3110,7022
-4562,-2960,7606
-4972,-2956,6962
-4710,-2888,6626
-4272,-2608,6788
-4278,-2644,7384
-4044,-2694,7872
-4090,-2740,7928
-3520,-2564,8372
-3444,-2600,7670
-3438,-2528,7806
-2988,-2300,7572
-3172,-2348,7804
-3288,-2184,8064
-2896,-2082,8242
-2232,-1970,8492
-2572,-1870,8510
-2062,-1738,8448
-2008,-1716,8506
-1470,-1618,8432
-1562,-1498,8510
-1702,-1428,7992
-1296,-1368,8344
-1570,-1318,8592
-544,-1052,8194
-782,-880,8208
-146,-890,7538
-598,-806,8684
204,-426,8232
-546,-714,8976
-448,-600,9492
306,-482,8976
-90,-574,7802
-402,-284,8164
-294,-120,8398
452,24,8026
692,-70,8760
850,-14,8852
1272,58,7682
946,176,8352
1108,252,7910
1486,368,8484
1974,476,7756
1938,458,7120
1542,388,7796
2634,258,8668
2726,640,8478
3054,734,6758
2710,656,7334
3100,696,7214
3656,892,6826
3398,876,6858
3492,974,6372
4558,1140,6186
4396,1022,6602
5098,1182,6298
4912,1212,5670
4498,1134,5592
5372,1192,5526
5316,1202,5580
5400,1024,5502
5820,1058,5126
5400,884,4296
4978,1060,5318
5810,942,4550
6752,1114,4178
6236,1166,4718
6154,1012,4766
6616,1106,4712
6560,994,3780
6352,950,4692
6956,874,4218
6762,876,3824
6126,648,3970
6436,770,3956
6546,670,4504
7332,728,3624
7082,740,3756
6408,652,4036
5976,568,4168
6916,628,3860
6940,574,4448
7198,544,4694
7068,458,4644
6644,278,4630
6410,330,4344
5490,380,4524
5274,372,4362
6174,296,4096
6888,198,4022
6774,92,4380
7008,-98,4292
6436,-274,4294
6272,-546,3794
6458,-630,3648
5950,-654,3814
6724,-762,3852
6216,-940,4078
7134,-946,3538
6916,-1024,3756
6722,-1154,4618
7676,-1142,4438
7024,-1414,4636
6264,-1634,4950
6898,-1710,4596
6608,-1768,4712
6592,-1864,4876
6938,-1818,4684
6692,-2018,5092
7856,-1808,4536
6716,-1970,5490
6164,-2122,5698
6652,-2252,5390
6710,-2112,5252
5560,-2198,6086
5060,-2066,6172
5416,-2272,6364
6574,-2268,6380
6176,-2276,6700
5142,-2354,7470
4918,-2294,6754
4824,-2298,6246
4444,-2252,6438
3906,-2388,5968
3350,-2470,6676
3796,-2618,6250
4306,-2626,6118
4666,-2620,6346
4682,-2662,6198
4550,-2570,6942
3944,-2958,6532
4448,-2844,6694
4238,-3118,7196
4264,-3112,7236
4096,-3064,7300
4084,-3032,7490
3388,-2926,7516
3374,-3162,7458
3820,-3090,8476
3790,-3158,7022
3104,-3258,8272
3212,-2972,7568
2648,-3512,7664
3050,-3606,8708
3072,-3352,7930
3096,-3460,9054
3326,-3380,8806
2490,-3456,10312
2132,-3316,8396
978,-3384,9472
530,-3128,8704
596,-3270,9012
1024,-2930,9516
-30,-2944,9502
-1528,-2890,8604
-1818,-2834,8660
-902,-2448,7000
480,-2022,8172
-1294,-2022,8802
-2266,-2170,8592
-1320,-1726,9748
-1294,-1722,9200
-880,-1636,9120
-1334,-1358,7192
-2082,-1192,8668
-3312,-1342,8144
-2414,-966,6272
-3862,-986,6092
-2630,-222,7744
-3464,-382,6798
-4590,-560,6924
-3862,-250,7746
-3424,470,5464
-4044,372,8212
-3482,812,7018
-4006,826,7400
-4542,760,8120
-3986,1010,7356
-4800,1128,6680
-5794,896,6070
-5226,1158,6606
-3988,1538,7342
-4632,1504,7252
-5804,1144,5862
-5476,1330,5474
-4118,1800,7166
-4102,2052,6748
-4680,2030,6358
-4720,1912,5514
-4070,2112,6066
-3222,2334,6408
-3680,2216,5800
-3492,2162,5726
-4288,1980,5304
-3956,2100,5338
-3516,2352,5366
-3722,2208,4876
-4242,2094,4978
-3916,2316,5156
-3920,2276,5496
-3732,2400,5794
-4692,2220,5610
-5940,1966,5444
-5336,2124,5178
-4342,2224,5220
-4934,2148,5526
-4858,2192,5076
-6600,1916,4100
-6102,1794,4306
-4482,2038,5462
-4628,2022,5208
-6166,1628,3380
-6128,1680,3490
-5508,1768,3842
-5796,1758,3966
-6190,1578,3748
-5758,1646,4566
-5528,1852,5078
-5338,1748,5306
-5272,1570,5316
-4954,1476,5452
-5144,1392,5382
-5482,1332,5586
-5396,1474,6152
-4942,2054,5838
-4908,1368,5544
-4538,1128,6826
-5046,802,5812
-6154,424,5258
-6592,382,5120
-6888,382,5044
-5708,286,5032
-5986,100,5286
-6100,-70,5880
-7144,-554,5868
-6462,-656,6180
-6442,-976,5358
-6496,-1008,5086
-7002,-1140,5122
-6874,-1046,4984
-6494,-1046,5078
-6254,-1002,5020
-6610,-1228,4902
-6654,-1436,4714
-6458,-1608,4742
-6130,-1542,5674
-5818,-1530,6476
-5690,-1538,6316
-6136,-1850,5530
-6684,-2228,4384
-5804,-2216,5314
-5538,-2090,6206
-6176,-2052,6094
-6556,-2360,5266
-5462,-2102,5660
-5602,-2128,6304
-6116,-2272,6042
-5926,-2452,5528
-5708,-2492,6204
-6134,-2658,6892
-5476,-2492,7242
-5774,-2714,6108
-5596,-2840,5866
-5750,-2792,6502
-4984,-2742,6748
-5294,-2816,6632
-5422,-2952,6492
-5520,-2942,6078
-4720,-2876,6482
-4632,-2738,7040
-4806,-2798,6450
-5258,-2978,7020
-5002,-2944,7370
-4790,-2978,7022
-4400,-3020,6888
-4908,-3120,7048
-4664,-3120,6508
-5516,-3260,5746
-4502,-3094,6732
-5842,-3318,6280
-4226,-3064,6908
-4908,-3084,6236
-4768,-3032,6720
-4450,-3056,6322
-4134,-3142,6400
-4228,-3170,6748
-4466,-3258,6822
-4896,-3254,6760
-4122,-3076,6646
-4452,-3206,6462
-3920,-3092,6392
-3466,-3076,7068
-3808,-3072,7816
-4714,-3314,7518
-4068,-3178,8240
-3768,-3190,8070
-3718,-3236,8168
-4216,-3350,7960
-3368,-3078,8388
-4040,-3238,7686
-3940,-3152,7416
-3696,-3112,7462
-3658,-3004,8182
-4066,-3210,8274
-1928,-2334,8178
-3582,-2620,7958
-3252,-2474,7480
-3172,-2348,8280
-3228,-2286,7802
-3124,-2120,7684
-2882,-1816,7420
-2578,-1568,7238
-2536,-1482,7062
-1596,-1562,8274
-2292,-1136,7970
-920,-1074,6850
-176,-1028,7526
-112,-1150,8308
-828,-1524,9484
-628,-1298,9946
-426,-1170,9660
-1006,-1236,9670
-168,-1038,8520
676,-920,8682
562,-626,8544
-8,-742,8678
732,-512,8870
1040,-630,8482
550,-592,8240
320,-960,8554
1178,-690,8402
1464,-760,4578
1886,-442,9058
2500,-196,8290
3002,-52,7932
2666,-572,2456
3674,282,8382
3878,368,6970
4110,430,6618
4068,452,8460
4362,558,6066
5354,814,5758
4614,760,6706
4114,674,5836
5514,1000,6130
5202,1100,5792
3892,952,6352
4586,1090,5448
5570,1194,5024
4968,1136,5548
4950,1174,5840
5334,1454,5666
5224,1488,5552
5350,1760,4800
4492,1562,4638
4508,1536,5156
5506,1830,4882
4192,1554,6090
4380,1640,5524
4972,1504,4980
4782,1632,4590
4976,1570,4712
4946,1466,5194
4012,1134,6050
5188,1370,5552
5058,1352,5208
5146,1148,6054
5754,1062,5282
5660,962,6214
5162,758,5672
5962,772,5266
5878,670,5600
5892,602,5038
5332,428,4940
5136,384,5398
5458,320,5172
5500,208,5220
6744,360,4190
5612,54,4698
5926,42,4636
5342,-76,4658
5960,-50,4830
5810,-180,4842
5230,-446,5192
5756,-478,5314
6976,-538,5280
6028,-778,4778
6384,-758,5804
5734,-718,5658
5246,-1068,5548
6978,-958,5496
7562,-1092,6558
6082,-1088,5536
5742,-1150,6290
6318,-1030,6028
5206,-1112,5490
4816,-1140,6350
6178,-958,6612
6498,-938,6974
5038,-1288,6690
4756,-1318,6978
4256,-1404,6906
4460,-1468,6928
4460,-1446,6854
3678,-1754,7144
3864,-1804,7354
4732,-1604,6654
3986,-1888,6692
4056,-2004,7360
3656,-2290,7282
4116,-2284,7718
4734,-2260,7254
4442,-2406,7154
3124,-2520,7348
3256,-2562,6978
3438,-2638,7134
4158,-2516,7460
3480,-2586,7660
2888,-2722,7734
3432,-2660,8104
2756,-2814,7456
3166,-2658,9022
2530,-2786,9104
2464,-2912,9520
3012,-2964,9374
2770,-2984,8706
2834,-2854,9314
2886,-2974,9346
3790,-2580,9098
3454,-2542,9190
3366,-2586,9986
2716,-2412,8574
2438,-2520,9312
2618,-2420,9360
2300,-2354,8648
1134,-2252,8526
332,-2322,8280
1306,-2096,8546
824,-1728,8808
-564,-2072,8174
-306,-1894,8002
-898,-2062,8464
-446,-1762,8680
-278,-1750,8808
-970,-1458,8976
-1138,-1526,8840
-1216,-1062,8666
-2174,-1126,8444
-2090,-882,9124
-2220,-884,9794
-3360,-606,7726
-4098,-418,7402
-4016,-506,7916
-4198,-400,8208
-3496,-64,8040
-3838,144,6984
-4510,104,7392
-4130,328,7446
-3874,554,7672
-3790,728,7172
-4282,656,6588
-4096,760,6482
-3874,1066,6794
-4118,1218,6960
-4132,1318,7104
-4408,1246,6332
-4492,1548,5856
-3738,1726,6076
-3058,1918,6158
-3976,1916,6826
-4238,2090,6336
-4434,2260,6260
-3792,2704,6682
-3220,2808,7614
-3744,2550,6278
-4128,2598,6278
-4228,2620,6198
-4502,2560,6618
-4008,2600,5972
-3374,2694,5652
-3198,2578,5296
-2740,2526,5136
-3030,2500,5298
-3044,2454,5826
-4464,2264,4384
-5308,2150,5228
-4194,2256,4960
-3670,2320,4642
-3940,2352,5142
-4424,2496,4526
-3992,2760,5836
-3874,2798,5124
-4420,2690,5652
-3958,2796,6038
-4606,2558,5146
-5228,2338,4832
-4846,2254,5076
-4950,2402,5862
-4340,2676,5926
-4086,2756,6430
-4554,2494,5770
-4854,2332,5886
-4562,2214,6080
-4516,2122,5882
-4642,1880,6396
-4778,1960,5900
-5668,1768,5494
-5396,1744,5634
-4620,1660,6304
-4458,1680,6182
-5536,1528,5818
-5292,1604,5542
-5548,1448,5744
-5142,1422,6542
-4498,1524,6964
-5248,1124,6514
-5698,926,5540
-5598,824,5420
-5258,860,6108
-5458,832,6040
-5926,546,6256
-5532,648,6526
-5356,576,5656
-5486,442,5638
-5020,428,5740
-6332,142,5450
-6308,64,5800
-5616,72,5980
-6166,-148,6550
-6760,-418,5780
-7328,-400,5154
-6234,-294,5424
-4438,166,5858
-4306,114,6098
-5262,-68,5314
-5510,-258,5758
-5476,-462,6586
-5470,-738,6622
-5300,-760,6648
-5462,-1016,6036
-5734,-1204,5532
-5520,-1178,5834
-5208,-1152,6390
-5226,-1208,6302
-6216,-1362,6088
-5558,-1342,6734
-5662,-1562,6142
-5626,-1662,6558
-4900,-1492,7230
-5768,-1928,6870
-6974,-2192,7324
-5998,-2204,7522
-4842,-2052,7112
-4186,-1896,6880
-5226,-2074,6706
-5656,-2222,6958
-4818,-2084,7086
-4492,-2030,7166
-4102,-1904,7050
-4346,-1952,7000
-4592,-2124,6900
-5044,-2328,7614
-3978,-2202,7932
-4338,-2220,7198
-4538,-2460,7736
-4598,-2546,7140
-4410,-2524,7090
-3834,-2546,7310
-3680,-2456,8112
-3544,-2450,7964
-4194,-2732,8024
-3732,-2522,8238
-2558,-2316,8840
-2848,-2410,8720
-5674,-3874,4818
-890,-1696,10172
-2346,-2538,7728
-2626,-2362,8894
-3026,-2470,8594
-1842,-2182,10150
-1948,-2106,8046
-2616,-2176,8200
-2366,-1860,7860
-2214,-1876,8846
-1056,-1690,8460
-810,-1698,8950
-1768,-1806,8366
-650,-1658,8580
1524,-1004,9316
1706,-868,8806
1344,-892,9076
1242,-1004,9614
1864,-952,9326
2340,-738,8756
2502,-938,7940
3810,-704,8452
4054,-180,8118
3014,-240,7964
3052,-40,8226
3360,82,8116
3650,-4,7228
3906,310,7734
2816,120,8028
3158,248,7848
3260,262,7882
3512,448,7464
3756,436,8322
4164,530,7796
4078,678,7152
4182,750,6878
4070,844,7642
4510,972,6720
4662,1268,6104
4506,1364,5890
4392,1436,6252
4368,1476,6202
5168,1726,5384
4908,1782,5488
4656,1734,5828
5076,1946,4528
5130,1918,5488
5022,1874,5302
5798,2112,4336
5220,2074,4782
5090,2090,5084
5274,2174,4512
5424,2162,5236
5770,2226,4514
5516,2202,4714
5516,2244,4652
5342,2182,4604
5754,2196,4218
5380,2252,4398
5674,2214,4694
5916,2122,4516
5626,2036,4600
6064,2012,4306
6550,2016,3962
6474,1888,4218
6260,1878,4454
6488,1850,4342
6292,1802,4212
6352,1806,4050
6964,1844,3482
7086,1876,3182
5942,1654,4138
6574,1746,3512
6284,1554,3846
6370,1494,3292
6024,1376,4168
5932,1324,4250
6578,1262,4158
7008,1214,4114
6618,1156,3328
5974,1038,4220
6364,1258,4168
6128,1054,4518
6654,978,5242
8100,1396,4124
5920,820,5628
5396,1056,5854
6220,910,5258
6750,976,4720
6120,996,5594
5170,996,5930
4792,1046,6198
5266,840,5530
5530,1026,6386
4678,688,6332
5032,684,5148
6204,890,5152
5276,656,6094
3930,240,6070
4504,66,6274
5092,-138,6106
6094,-162,5834
6210,-116,6244
4482,-476,6754
4724,-436,6884
5408,-460,6104
5940,-474,6606
4998,-614,7036
5116,-758,7180
5886,-628,6502
5228,-874,6874
5540,-756,6252
4434,-954,7132
4852,-886,7162
5434,-908,6672
5342,-898,6678
4364,-1062,6906
4308,-1176,7154
5038,-1132,6546
4890,-1172,6960
4842,-1330,7472
5188,-1412,7568
5082,-1344,7598
4634,-1534,7368
4390,-1654,7704
4604,-1374,7296
4110,-1722,8106
4530,-1446,7764
4788,-1250,7924
4206,-1426,8526
4460,-1410,8258
4128,-1316,9054
3116,-1570,8438
2640,-1516,9072
2286,-1250,9990
2460,-1470,8986
2228,-1278,9426
1206,-1142,9290
590,-1126,8802
732,-948,8670
756,-996,9428
528,-996,9936
1080,-910,10800
572,-866,11804
-100,-720,7760
-456,-812,8804
-342,-656,9132
-858,-264,8610
-720,-66,9058
-568,-112,10154
-1034,316,8876
-1462,182,8816
-1318,376,8870
-2416,586,7486
-1852,982,7090
-1082,1258,8392
-2592,1068,8682
-3450,1052,5680
-2344,1284,6596
-2028,1540,8036
-2198,1532,8104
-2510,1604,7384
-2956,1602,7038
-2694,1678,7090
-2498,1824,7446
-2146,2220,7892
-2850,1978,7770
-3110,2070,6834
-3536,2166,5860
-3048,2386,6218
-2424,2654,7288
-2870,2634,6880
-3500,2578,5656
-3670,2534,5394
-3414,2722,6192
-2802,2774,6300
-2810,2750,6674
-3526,2516,5764
-4306,2456,4876
-5636,2310,4312
-4826,2648,4686
-4046,2832,5212
-4582,2622,4684
-5020,2618,4802
-4944,2678,4830
-4836,2782,5238
-5024,2820,5710
-4978,2736,5880
-4958,2544,5122
-5032,2596,5106
-5574,2396,4928
-4698,2476,5172
-4424,2374,5358
-4256,2196,5998
-4008,2038,6296
-3766,1914,5976
-3590,2008,5148
-4648,1924,4970
-4796,1902,5600
-5016,1872,6114
-4844,1924,6300
-5232,1806,6416
-5524,1680,5774
-6142,1510,5424
-6650,1052,5378
-6310,1264,5496
-5436,1382,6292
-5554,1298,5636
-6134,912,4954
-6086,834,5254
-6650,722,4904
-7060,598,4886
-6610,528,5040
-4882,744,6230
-5444,558,5584
-5930,604,5378
-6554,586,5710
-6546,260,5210
-6272,-58,5130
-6572,-250,4856
-6852,-392,5128
-6656,-450,4494
-7360,-770,4382
-6886,-696,4760
-7162,-856,3692
-7018,-1072,3820
-6484,-986,4080
-6194,-1002,4724
-6270,-1170,5662
-6324,-1314,6332
-6254,-1520,6144
-6074,-1532,6184
-5938,-1662,6458
-5646,-1778,6734
-6048,-1990,6890
-5956,-2128,7334
-5718,-2046,7592
-6042,-2348,6174
-6518,-2426,5498
-6670,-2496,5056
-6382,-2480,5310
-5970,-2208,5982
-6842,-2470,5176
-6252,-2372,5992
-5948,-2286,6224
-6052,-2570,6086
-6424,-2566,5848
-6660,-2638,5192
-6644,-2694,4818
-6610,-2760,5082
-5318,-2400,6630
-4196,-2164,8228
-5400,-2694,6800
-7420,-3260,4182
-6384,-3050,4666
-5652,-2812,5586
-5548,-2694,6340
-5544,-2742,7188
-6134,-3070,5904
-5888,-3100,5478
-5412,-2946,6230
-5252,-2798,6922
-5244,-2702,6886
-5128,-2476,3782
-5172,-2450,8008
-4356,-2480,5852
-4798,-2466,7778
-4938,-2872,7652
-5030,-2702,8022
-4046,-2510,6740
-4346,-2364,6570
-3292,-2282,7374
-2724,-2112,8916
-2582,-1996,8182
-1780,-1910,8162
-2032,-2110,8386
-1474,-1958,7872
-2636,-1896,8536
-732,-920,9504
-616,-1194,8270
-1606,-1318,7702
-1232,-1362,9618
-798,-1358,9114
998,-1038,7834
620,-984,9654
-832,-1228,9478
224,-1042,8936
1294,-710,8920
676,-836,8924
232,-782,8540
1260,-550,9202
1170,-650,8058
1162,-668,9074
1662,-370,8182
1486,-336,9014
1052,-294,8894
1980,-192,8076
2932,-26,7998
2678,-6,7900
2318,8,8054
2296,186,7792
2590,234,5556
4212,578,7802
3344,606,6876
2988,662,7938
3326,740,7026
3814,890,6730
4642,1086,6436
3656,854,6114
4436,1214,7388
4034,1046,5822
3974,1152,5728
4468,1422,4936
4518,1546,5470
4480,1650,5888
5018,1722,5572
5436,1788,5184
5628,1726,5190
5566,1570,5392
5562,1626,5864
5610,1534,5884
5490,1508,5262
4976,1444,5908
5500,1500,5970
5824,1560,5868
5600,1538,5506
5646,1664,5190
6000,1832,4670
4794,1812,5800
4692,1728,5292
5818,1830,4432
5024,1598,5166
5332,1670,4748
5258,1624,4988
5314,1692,4506
5090,1594,4558
5596,1690,3740
5376,1556,4268
4974,1444,4458
5296,1328,4696
6918,1454,4042
7022,1350,4738
7096,1470,4218
6364,1376,4894
6062,1376,4586
5774,1198,4164
6564,1268,4568
6048,1020,5060
6574,1060,5332
6004,778,5600
6480,848,5604
6360,876,5358
5298,656,5876
5664,614,5856
6736,752,5444
5884,564,5636
5712,560,5980
5634,636,5686
5368,494,5794
6284,548,5308
5744,540,5572
4760,362,5796
4958,458,4856
4264,366,4174
3276,182,3644
2886,-330,4212
4882,-444,5172
6974,-356,5476
7040,-258,5508
5284,-342,5042
4164,-624,5062
3934,-764,5634
4892,-1074,6820
6730,-942,7802
6286,-966,7284
4898,-1226,7176
4548,-1352,6958
4098,-1342,7220
4142,-1554,8146
5408,-1666,8820
5644,-1412,7642
4040,-1658,8874
4584,-1748,8086
3384,-2052,8934
3880,-2126,8700
4978,-1796,9214
3612,-1778,9018
2760,-2070,8346
2196,-2338,8378
2062,-2148,8366
2124,-2370,9056
2496,-2330,9086
2980,-1872,9338
2140,-2022,8694
1286,-2142,8618
1358,-1970,8282
1180,-2028,8612
1300,-2184,9866
1510,-1980,8660
2280,-1664,8382
1836,-1770,8702
530,-2068,8978
210,-2086,9688
838,-1842,9604
494,-1822,9608
-1878,-1888,7956
-2552,-1346,4692
-472,-1040,5886
-1318,-1116,7798
-3172,-1562,9070
-4686,-2078,9214
-4172,-1884,8838
-3464,-1670,9478
-3166,-1556,9190
-4466,-1794,8124
-5610,-1886,7972
-3970,-1422,8592
-3460,-1152,8890
-4154,-1298,8440
-4276,-1326,7902
-4236,-1010,7328
-4754,-1036,7300
-4308,-948,8538
-4054,-542,7288
-4142,-566,5946
-5372,-698,6506
-5022,-452,7076
-3432,128,7328
-3388,246,6438
-4972,-54,6848
-5946,-122,6444
-5512,78,6008
-4972,480,6550
-4480,862,6060
-4766,974,6388
-5146,1006,6018
-4684,1216,6092
-4232,1402,5916
-4342,1388,5558
-5098,1288,6394
-5508,1212,5984
-5198,1400,6852
-5058,1492,6628
-4364,1742,6294
-4502,1710,5578
-4164,1868,5320
-4544,1834,5610
-3906,2060,6482
-4130,2046,5964
-4766,2048,5912
-5330,1760,5740
-5176,1880,5810
-4474,2134,6004
-4594,1988,5672
-4846,2032,5940
-4672,1986,5754
-4814,2060,5750
-5172,2100,5626
-5908,1806,5110
-5804,1910,5172
-5346,2056,5446
-5114,2026,5380
-5014,2112,4818
-5242,1952,4912
-5648,2200,5606
-5840,2298,4956
-5516,2036,4514
-5382,2274,4554
-5774,1966,4838
-5448,2042,4664
-5698,2102,4852
-6150,1824,4000
-5838,1848,3994
-5652,1874,4594
-5550,1904,4158
-6018,1882,3474
-6080,1872,3702
-5954,1956,4384
-5888,2054,4972
-6046,1844,4552
-6146,1836,3994
-6150,2276,4206
-6340,1754,4276
-6916,1400,3594
-7278,1298,4994
-7248,1102,5102
-8060,818,2726
-7772,958,2812
-6942,1008,3230
-6582,1072,3606
-6308,1132,3282
-7390,770,2408
-7164,786,2434
-6992,706,2962
-6964,730,3222
-7474,638,3042
-7352,620,2906
-7124,436,2484
-7498,266,2562
-7074,220,3356
-7798,134,3550
-7768,76,3528
-7630,-92,3436
-7230,-190,2912
-7070,-198,3740
-7438,-384,3512
-7888,-612,4004
-7658,-814,4054
-7590,-940,4350
-7524,-1186,3528
-6822,-1220,3150
-7160,-1282,3186
-7568,-1370,3212
-7542,-1498,4058
-7286,-1504,4140
-7248,-1834,3814
-7474,-1912,3784
-7804,-2068,4272
-7082,-1956,4814
-7498,-2136,4456
-7688,-2302,4276
-7776,-2398,4384
-7270,-2262,5066
-7766,-2468,5000
-7802,-2556,4446
-7510,-2572,4216
-7640,-2658,4794
-7636,-2594,4774
-7330,-2568,5450
-7488,-2652,5722
-7488,-2610,5118
-7060,-2662,5542
-6990,-2576,5344
-7334,-2650,5556
-7152,-2676,5110
-6574,-2670,4646
-6186,-2664,5012
-6162,-2614,4706
-6348,-2614,5316
-5854,-2366,5164
-5972,-2500,5536
-5716,-2532,5552
-6180,-2622,5366
-6118,-2608,4990
-6144,-2608,5802
-5990,-2448,6210
-5576,-2428,5986
-6306,-2568,5104
-5760,-2446,5560
-5584,-2358,6348
-5850,-2428,6086
-5870,-2356,5792
-5984,-2446,5564
-5628,-2174,6842
-5286,-2112,7110
-5568,-2198,7068
-5212,-2110,7136
-5186,-2234,7010
-5104,-2206,7268
-5378,-2088,7282
-5260,-2052,7212
-4980,-2086,6476
-5280,-1936,7510
-4414,-1520,7748
-4176,-1382,7430
-4660,-1368,7710
-4352,-1416,8316
-3062,-936,8050
-3206,-858,8082
-3596,-842,8176
-3630,-934,7982
-4144,-1010,8324
-3946,-1030,8148
-2884,-788,8228
-3126,-704,7966
-3726,-586,7956
-2782,-650,8156
-1970,-220,8036
-1226,30,7836
-1438,-102,8388
-958,96,7998
196,140,8768
1190,376,8406
1612,490,7836
2194,436,8736
1960,508,8206
2070,714,7540
2472,1060,7902
2330,822,6984
3618,962,5914
3904,1388,5570
3312,1196,7170
4052,1446,7776
4810,1606,6678
4466,1520,6916
3836,1464,6332
4428,1592,5686
4466,1656,6042
5026,1754,5892
5264,1794,6320
4874,1812,5606
4396,1672,5692
4072,1600,6016
5118,1780,5506
5416,1940,4512
4282,1670,5356
4790,1700,5104
5302,1858,5114
5432,1880,4180
5672,1950,4262
4994,1934,4348
5002,1920,3744
6068,2042,2928
7418,2382,2738
6786,1786,3170
6042,1732,4088
6612,1778,3338
6390,1606,3558
7202,1620,3674
7192,1514,3048
6822,1536,3330
6464,1366,3792
6848,1306,3794
7524,1370,3078
7116,1236,2734
6942,1218,3540
6934,1024,3726
7312,1070,2620
7466,998,2834
6690,700,3654
7140,756,2880
7676,826,3730
7638,692,2882
7608,524,2202
6666,460,3482
7220,644,2968
7392,654,3054
7578,698,2732
7068,600,2752
7246,562,2834
7324,524,2946
7112,422,2794
7054,402,3390
7264,416,2746
7228,270,2838
7724,378,2914
6800,48,3974
7526,202,3394
6698,-36,3372
6876,-26,3340
7308,84,2504
5890,-262,3704
5734,-552,4478
7292,-526,3846
7974,-544,3794
7582,-534,4048
6838,-744,4544
6598,-808,4096
6446,-946,4614
6466,-1070,4896
7248,-878,4390
7022,-1078,4464
6634,-1192,5158
7060,-1354,5112
7266,-1358,4668
6440,-1466,4954
5370,-1742,6002
6308,-1584,6294
6840,-1784,5612
7868,-1672,5700
6878,-1790,5466
5462,-1916,6476
5260,-1944,5800
5450,-2084,5580
5740,-2174,6376
6170,-2184,6968
6550,-2206,6052
5394,-2482,6606
6170,-2334,5854
5972,-2412,5836
5090,-2564,5970
5156,-2532,6754
5774,-2634,6438
6688,-2516,6208
5980,-2508,5962
4788,-2552,6298
4016,-2602,6806
4294,-2586,6378
4952,-2538,6300
4776,-2592,6628
5098,-2532,6734
5358,-2512,6810
5230,-2502,6830
4622,-2634,6902
4632,-2868,7530
5616,-2614,7036
5778,-2602,7006
4708,-2822,7622
4636,-2618,7720
3898,-2878,8172
4068,-2906,7922
5010,-2728,7268
5174,-2510,7420
3538,-2688,8398
2270,-2834,8828
3172,-2524,9624
2960,-2692,8614
2848,-2414,8302
2050,-1990,9194
88,-2408,8732
-232,-2622,10008
700,-2338,9038
188,-2098,8744
-140,-1978,7536
-782,-1770,7824
-1610,-2058,8350
-934,-1600,9598
-3144,-1966,9652
-1766,-1610,7642
-568,-1006,7760
-1126,-836,8024
-1716,-826,8346
-2148,-750,8956
-2374,-642,8706
-2536,-668,9132
-2932,-486,8572
-2384,-200,6746
-2626,70,6338
-3626,10,7264
-4186,-12,8538
-4510,-70,7898
-4006,256,7366
-3676,414,6504
-4904,522,6110
-5390,460,5958
-4484,1066,6272
-5112,1022,5998
-5872,976,5982
-5376,1088,5618
-5596,1202,5454
-5764,1154,5300
-5720,1334,5796
-5478,1484,6116
-6102,1626,5938
-5088,1822,5272
-5548,1832,5342
-5394,1824,5308
-5314,1774,4636
