-28,-278,-131
-13,-69,-85
5,7,-25
41,55,-22
-20,-38,25
-15,-26,76
-30,-82,-17
-36,-75,-11
8,24,-45
18,65,-19
-30,-69,-72
-34,-123,-56
11,26,35
23,5,48
-11,-73,20
-59,-233,-24
-30,-207,-17
-29,-315,-100
-16,-217,29
-23,-269,108
-53,-220,38
-26,-415,-32
-53,-517,39
-21,-613,98
42,-598,123
108,-685,37
116,-972,46
136,-1091,168
100,-1141,237
79,-1235,158
88,-1150,128
69,-905,158
34,-885,208
18,-710,210
11,-885,162
91,-761,149
107,-680,89
97,-635,125
58,-667,252
4,-822,260
9,-742,298
-31,-824,285
21,-936,336
5,-930,367
-30,-889,467
-62,-1059,451
-107,-1155,566
-92,-1448,588
-76,-1432,642
-81,-1377,625
-32,-1319,620
-44,-906,613
13,-755,733
60,-694,787
71,-736,801
38,-895,800
-5,-1133,865
-36,-1132,787
-11,-1250,784
127,-1080,924
138,-787,955
104,-782,877
98,-839,834
97,-1037,874
100,-1130,946
49,-1249,942
32,-1187,907
75,-1051,1175
126,-772,1233
171,-869,1147
169,-1038,1148
229,-1074,1038
307,-901,1000
289,-776,945
180,-836,806
118,-1116,920
159,-1463,1053
124,-1571,1029
17,-1790,922
64,-1250,780
357,-321,646
397,2,632
383,321,615
343,418,684
356,354,742
382,340,792
332,144,798
313,-6,831
250,75,884
245,90,841
286,236,918
291,345,1025
312,433,989
247,281,1021
227,382,1051
172,543,1050
184,701,986
193,614,988
171,432,1044
107,352,916
159,599,1013
78,416,1042
79,486,919
163,612,821
166,407,826
92,67,860
-19,500,707
-61,421,888
-62,683,965
131,480,829
363,770,714
445,985,596
450,1045,661
421,964,747
423,713,685
429,375,590
400,698,319
348,763,362
433,1117,503
574,981,596
671,884,593
662,921,479
656,988,409
560,1331,241
410,1780,108
263,1233,435
377,1515,505
409,1957,624
258,989,622
166,563,541
334,1503,573
573,1197,540
651,796,530
761,880,295
768,972,54
490,1020,-246
520,880,-282
714,1269,-276
894,838,-294
1088,1142,-400
1162,1121,-526
846,1464,-911
1023,1002,-181
940,1456,-116
918,352,-66
1181,223,-178
1043,318,-251
962,230,-134
940,31,-135
920,96,96
1031,896,239
1094,1843,59
933,1889,8
742,4085,-960
610,1405,-392
866,629,33
990,644,-326
1036,1483,-1167
1145,1056,-175
1186,1777,-411
1037,1867,-251
944,1033,-341
839,423,-345
955,166,-131
963,40,-14
801,54,63
642,166,187
632,327,236
742,500,208
915,348,216
870,-101,2
886,-269,-89
894,-208,-47
977,112,-79
949,94,-147
932,84,-311
866,79,-303
834,78,-356
933,154,-316
1022,348,-321
1120,554,-707
1057,1165,-628
969,805,-485
848,409,-264
806,68,-247
775,0,-312
703,-67,-299
731,29,-386
746,152,-402
698,118,-483
683,99,-506
676,-45,-376
642,-245,-456
659,-9,-619
696,311,-599
677,446,-588
773,934,-707
688,749,-840
734,209,-816
764,510,-896
791,690,-947
809,989,-895
693,1060,-896
561,1139,-806
620,1650,-940
538,795,-913
480,418,-763
442,101,-812
422,67,-921
371,25,-878
333,166,-888
319,222,-828
167,173,-708
236,5,-812
300,-11,-881
286,40,-998
183,157,-909
172,183,-927
235,86,-957
240,94,-889
195,-69,-1003
198,-123,-1053
105,1,-972
37,13,-1019
20,-43,-1073
110,-19,-1018
155,57,-982
279,650,-923
178,44,-1036
90,69,-943
92,245,-942
88,139,-943
191,189,-822
165,-32,-763
166,41,-727
76,146,-829
87,7,-811
-31,-53,-793
-123,-11,-702
-127,-145,-749
-54,-255,-745
-26,-287,-721
-41,-382,-768
-94,-224,-741
-76,-316,-774
-49,-284,-717
46,-358,-781
-3,-254,-742
-23,-194,-765
155,-314,-784
150,-416,-802
-40,-341,-775
-204,-372,-908
-137,-591,-977
-197,-677,-884
-297,-572,-800
-373,-481,-815
-362,-476,-832
-236,-468,-779
-67,-687,-822
-20,-740,-831
-148,-635,-738
-285,-489,-752
-158,-514,-748
-69,-578,-743
-63,-570,-667
-22,-647,-645
0,-719,-671
-30,-676,-590
70,-743,-487
180,-791,-427
210,-808,-299
173,-796,-251
161,-871,-323
271,-965,-385
455,-1061,-307
451,-1084,-291
316,-1248,-95
283,-1098,85
371,-1468,166
437,-1143,135
460,-1201,116
505,-1103,142
622,-1227,20
655,-1449,11
543,-1532,42
500,-1584,116
617,-1383,-178
733,-1380,-264
802,-1043,-180
889,-1138,-189
857,-995,-144
786,-959,-28
866,-833,24
939,-827,176
1014,-1013,245
995,-1287,448
915,-1434,553
832,-1404,729
634,-1499,842
664,-1847,568
575,-1745,407
500,-1688,440
598,-1102,319
555,-820,520
567,-775,514
595,-989,266
508,-1031,229
518,-814,274
560,-857,368
610,-1001,349
642,-963,166
591,-700,196
494,-659,334
473,-421,511
612,-663,484
678,-901,493
725,-764,643
773,-545,549
796,-154,224
710,-133,215
501,-82,283
414,-152,335
267,-341,390
251,-247,404
161,-65,400
101,-44,474
51,-271,501
94,-401,422
92,-310,422
142,-172,451
113,-212,454
176,-211,414
149,-220,442
147,-278,335
87,-153,390
89,-72,390
125,-96,465
217,-186,489
146,-224,531
76,-200,533
59,-99,487
-37,-156,518
-63,-91,566
-35,-263,580
-112,-396,617
-126,-376,698
-184,-207,766
-186,-293,712
-281,-303,885
-240,-318,895
-185,-393,909
-56,-213,938
34,-339,823
-6,-279,896
-110,-149,963
-204,-46,950
-142,-98,921
-24,-49,934
33,-72,844
-16,-60,890
-38,-16,926
-30,38,896
-104,-17,871
-156,34,889
-201,-11,849
-192,-27,974
-153,31,1042
-185,160,989
-331,310,1106
-407,197,1006
-308,84,1018
-239,135,1021
-163,420,1126
-128,578,945
-147,562,963
-326,459,809
-225,457,816
-139,260,847
-4,357,856
12,338,745
-134,298,676
-276,308,657
-413,256,670
-280,326,715
-147,337,704
-108,462,772
-103,545,687
-170,616,565
-165,694,546
-216,708,523
-124,812,608
-135,849,626
-159,757,593
-133,675,588
22,795,525
62,946,455
-120,850,502
-69,876,499
-65,766,431
-41,748,600
-8,596,628
-110,789,567
-66,1102,505
-104,1042,448
-152,853,471
-261,771,538
-376,690,651
-471,686,594
-440,768,519
-369,1093,379
-279,1145,243
-338,1139,631
-421,965,695
-323,1100,361
-321,777,299
6,682,400
91,903,302
214,642,376
335,453,368
452,285,424
410,342,450
534,413,482
581,441,430
682,375,411
692,364,539
690,329,497
638,361,455
691,200,386
674,-59,275
818,-134,443
1011,61,326
1065,144,389
1120,227,165
1102,200,220
1230,90,131
1220,121,104
1297,392,55
1049,491,215
1113,375,391
1214,408,186
1072,869,247
997,589,147
836,553,270
816,339,233
913,343,308
1047,425,284
1021,544,291
1049,672,253
981,1048,228
949,834,185
1145,970,85
944,528,230
1058,327,97
945,351,129
959,219,146
885,91,118
950,93,48
853,72,-3
730,-15,7
766,-128,-92
597,18,42
699,-119,-114
580,62,-21
767,-183,-152
683,-188,-193
625,39,-241
526,147,-205
664,-34,-311
757,-212,-337
668,26,-256
676,158,-244
698,79,-254
654,28,-276
580,-87,-318
595,-107,-463
486,11,-494
494,-165,-537
492,-220,-525
529,-320,-434
429,-247,-422
385,-212,-480
451,-227,-512
399,-58,-556
315,-69,-559
304,-51,-494
392,-129,-548
309,-55,-578
327,-132,-671
240,-17,-649
244,35,-655
249,-45,-678
226,-2,-687
223,19,-747
214,21,-732
223,-1,-753
240,-35,-779
177,26,-754
292,-54,-796
246,8,-822
200,176,-788
305,61,-822
313,141,-833
324,164,-821
314,181,-772
333,83,-796
335,79,-805
332,146,-828
312,106,-844
295,161,-824
226,76,-834
164,77,-773
143,4,-745
155,39,-756
118,18,-702
176,-77,-728
61,17,-659
-6,101,-636
8,54,-684
122,-94,-673
44,-13,-634
-65,28,-672
-38,60,-720
-57,26,-724
-118,-97,-662
3,-393,-687
-113,-434,-694
-282,-229,-765
-287,-167,-785
-258,-235,-814
-210,-251,-798
-51,-343,-765
-97,-309,-692
-210,-194,-718
-269,-164,-688
-317,-115,-645
-311,-136,-667
-250,-311,-669
-292,-359,-682
-271,-195,-651
-158,-101,-713
-190,-59,-641
-88,-126,-633
62,-370,-648
137,-482,-616
126,-350,-512
93,-203,-523
88,-264,-592
90,-227,-528
143,-349,-477
131,-321,-399
134,-356,-400
104,-368,-412
55,-438,-419
44,-419,-432
107,-463,-464
83,-494,-474
69,-539,-431
5,-458,-451
33,-555,-543
174,-783,-554
247,-957,-589
190,-966,-561
105,-921,-615
189,-434,-452
305,-575,-490
457,-701,-467
460,-814,-455
450,-753,-453
483,-1028,-412
555,-1296,-454
569,-1229,-433
599,-1057,-396
651,-916,-286
595,-820,-191
744,-1138,-328
800,-1051,-261
813,-1171,-275
725,-1130,-169
630,-1106,-106
561,-1371,36
457,-1656,72
407,-1452,74
425,-1454,152
345,-1365,158
420,-1167,126
438,-1103,185
472,-995,200
518,-915,91
555,-811,121
597,-702,159
605,-669,196
563,-721,200
587,-636,272
679,-543,275
618,-670,556
518,-1087,420
507,-1108,473
530,-1092,437
485,-890,534
413,-900,565
324,-935,641
333,-1054,547
321,-1148,497
322,-1178,446
232,-1115,498
152,-980,443
107,-1153,428
233,-2517,514
23,-1440,411
169,-1325,225
95,-1068,342
-4,-657,358
-8,-276,427
35,-480,384
57,-672,303
-7,-715,372
-9,-567,367
-18,-634,490
-15,-666,443
-3,-761,431
-15,-711,483
-14,-696,515
4,-1078,584
-21,-1006,596
-23,-828,616
-87,-690,628
-20,-620,624
-41,-346,630
10,-280,741
41,-647,675
31,-750,653
4,-586,730
-32,-492,812
13,-815,817
23,-934,739
58,-790,838
90,-559,930
88,-976,908
164,-1314,889
156,-611,880
232,-508,837
191,-641,803
230,-664,895
274,-183,889
245,148,815
262,-41,755
269,-247,825
210,-89,964
144,-304,1055
118,-470,927
74,-353,1104
141,-461,1235
166,-646,1075
199,-336,1105
188,145,1050
222,392,887
158,361,899
331,132,1023
414,149,1009
384,-46,1052
432,-146,924
475,-115,773
272,326,785
238,281,876
279,261,878
466,231,924
508,331,906
435,248,837
300,440,658
310,600,659
351,858,631
380,616,705
360,560,693
420,716,755
271,747,659
236,900,673
312,861,624
379,765,751
345,570,740
221,696,602
233,1087,607
251,1336,613
205,917,557
293,795,487
387,820,551
327,899,627
391,1134,370
461,1073,368
531,856,354
500,847,414
476,936,446
471,1270,282
529,1707,49
565,1458,45
489,885,341
421,784,376
563,887,244
501,792,324
511,710,256
496,949,167
493,963,203
548,764,234
507,728,384
542,657,463
557,649,418
600,950,295
491,717,278
598,706,353
952,374,496
849,450,352
663,872,282
592,1170,124
777,941,239
807,923,221
807,1276,99
840,1351,199
900,1057,264
769,739,131
695,736,-40
644,462,348
780,221,418
732,96,362
600,278,253
494,310,301
657,199,309
875,73,277
834,205,386
733,385,336
827,506,341
1049,249,293
1099,190,157
1247,482,193
1194,581,153
1150,584,219
1168,526,177
1167,592,211
1089,591,234
1038,638,139
966,806,50
1077,770,-193
1004,717,-172
851,565,-70
732,535,-67
693,568,-95
725,456,-110
725,346,-149
725,270,-126
658,396,-127
764,188,-54
800,-256,-143
576,-150,-242
412,47,-206
480,111,-360
639,-13,-397
681,-12,-317
693,204,-380
739,192,-395
729,52,-476
742,-45,-572
759,242,-585
662,129,-606
649,35,-765
413,31,-815
364,142,-838
343,-29,-993
371,-167,-932
318,8,-852
252,268,-959
211,123,-1184
115,101,-1104
107,144,-1071
131,194,-1113
91,117,-1275
84,-77,-1172
83,-59,-1098
22,-67,-1055
61,-234,-1057
73,-350,-984
131,-325,-979
37,-178,-967
-144,-50,-989
-185,-106,-909
-87,-211,-858
44,-382,-891
-41,-310,-875
-86,-12,-818
-207,73,-880
-100,-176,-897
-72,-132,-879
-29,-115,-793
-6,-180,-896
-97,-97,-892
-106,-59,-966
-118,-101,-969
-49,-43,-934
29,-96,-963
46,-178,-854
-30,-228,-893
-38,-136,-899
-46,-47,-876
48,-53,-773
36,-177,-872
-1,-192,-673
-9,-282,-783
-95,-245,-750
-132,-232,-736
-104,-238,-769
-164,-210,-752
-158,-168,-708
-37,-390,-812
-75,-306,-768
-178,-234,-806
-266,-295,-744
-145,-568,-868
-163,-653,-800
-240,-528,-698
-258,-735,-762
-272,-996,-873
-368,-1168,-826
-589,-1135,-779
-493,-1016,-599
-225,-784,-783
-111,-986,-714
-232,-729,-598
-323,-892,-438
-373,-1322,-507
-464,-1338,-447
-374,-1128,-414
-266,-1298,-457
-137,-1417,-469
-140,-1314,-513
-162,-1322,-431
-48,-1799,-397
-13,-1585,-401
172,-1708,-467
278,-1717,-569
311,-1678,-569
370,-1537,-577
353,-1420,-554
453,-1675,-605
475,-1638,-802
555,-1470,-707
543,-974,-589
622,-578,-747
813,-838,-614
1068,-1904,22
902,-1937,270
767,-1980,138
476,-2000,-129
496,-2031,-21
581,-1988,195
514,-2165,483
507,-2106,694
526,-2076,554
499,-2184,690
467,-1973,768
430,-1456,559
335,-2029,754
273,-1944,718
256,-929,452
468,-574,278
629,-586,291
782,-484,476
735,-581,399
754,-754,351
611,-440,454
603,-138,512
785,-117,508
745,-250,618
677,-256,677
777,-441,954
672,-613,829
512,-716,675
398,-611,497
329,-380,495
356,-209,570
331,-145,586
374,-233,651
285,-415,557
244,-275,426
282,-60,553
250,-24,591
257,-240,461
313,-319,349
280,-251,389
260,-210,544
272,-124,687
285,-202,738
231,-382,605
251,-372,681
221,-264,859
179,-326,843
94,-248,956
91,-293,976
32,-402,847
2,-531,858
78,-485,961
92,-283,1185
15,41,1245
-62,-116,1172
-201,-439,896
-127,-484,811
-6,-328,1013
64,-146,1003
24,-113,1071
3,-56,1111
-96,-316,897
-123,-480,815
-111,-382,923
-52,-271,991
-100,-228,1079
-133,-349,1024
-169,-231,1045
-94,-198,964
-109,-192,928
-66,-106,927
-89,-130,898
-121,-242,820
-94,-127,977
-8,-65,921
-97,-174,1096
-159,-50,911
-57,109,862
131,264,896
83,363,837
188,304,898
147,240,1049
136,173,926
149,222,893
198,331,858
357,334,929
277,396,978
279,273,942
227,363,939
227,380,927
273,450,1013
336,389,1001
371,354,1015
351,250,804
425,223,805
442,259,802
443,511,800
556,595,662
573,592,577
684,533,473
631,607,327
689,590,282
739,1193,277
819,1062,287
855,1042,334
801,824,56
734,996,130
803,1010,348
665,1067,506
908,1220,179
716,1694,-215
711,1730,62
781,1546,378
888,1167,150
681,904,49
765,1059,-10
719,1350,156
934,1300,-6
964,1204,19
913,885,320
1000,1095,-18
949,1142,-58
1200,1441,-30
1218,1399,52
1222,1269,-28
1044,1149,-416
976,1051,-642
1091,798,-613
1093,439,-158
1003,80,-194
1074,-61,-266
1143,302,-178
1177,468,-147
1006,475,25
1034,340,12
1108,330,-212
1072,532,-157
1036,482,37
1055,521,-8
1112,503,-26
1199,624,-333
1068,875,-458
688,856,-253
682,515,-505
1056,139,-765
1059,169,-478
919,373,-263
926,388,-406
830,285,-387
772,292,-342
784,449,-129
967,429,-155
917,395,-169
910,248,-202
630,400,-212
700,63,-303
674,-228,-422
579,-236,-508
666,-306,-543
675,-170,-644
583,-52,-762
545,59,-846
673,-109,-950
613,189,-929
600,227,-921
704,118,-925
759,232,-780
777,-18,-893
516,104,-869
395,136,-732
537,-173,-928
379,-123,-952
192,31,-894
96,121,-960
53,16,-885
183,-237,-840
195,-164,-681
53,56,-653
-27,150,-821
-64,408,-735
102,238,-590
149,33,-719
31,173,-594
33,-24,-669
-11,89,-596
-113,271,-500
-63,165,-646
-83,227,-742
-104,125,-861
-315,249,-735
-303,258,-713
-202,113,-771
-97,-37,-843
-123,279,-774
-209,273,-732
35,361,-760
-114,425,-736
-115,247,-823
-169,253,-784
-250,347,-597
-150,162,-622
0,45,-755
-80,151,-744
-175,233,-688
-314,151,-632
-289,60,-570
-203,-268,-562
-155,-420,-580
-277,-165,-510
-369,37,-626
-427,20,-671
-354,-64,-753
-223,-56,-696
-156,-90,-658
-238,186,-578
-316,221,-667
-278,167,-798
-330,207,-882
-331,240,-784
-260,168,-707
-170,118,-700
-137,123,-727
-315,325,-648
-366,274,-639
-331,159,-668
-196,-114,-744
-197,-141,-694
-272,54,-670
-261,44,-635
-256,26,-685
-188,111,-670
-171,-7,-738
-133,-108,-694
-160,-138,-620
-150,-229,-626
-151,-177,-686
-52,-134,-625
-55,-183,-649
71,-192,-618
51,-275,-627
-3,-147,-530
96,-126,-518
134,-288,-557
147,-335,-566
180,-239,-432
175,-270,-477
167,-344,-526
125,-268,-504
164,-343,-478
257,-352,-496
302,-440,-553
170,-342,-451
107,-323,-423
105,-358,-390
280,-637,-413
257,-702,-309
249,-729,-307
196,-664,-295
141,-705,-367
198,-842,-357
279,-918,-402
343,-916,-373
334,-842,-363
399,-919,-359
479,-1205,-486
532,-1399,-521
443,-1246,-337
572,-1407,-279
524,-1525,-251
564,-1576,-172
558,-1688,-213
510,-1405,-149
637,-1169,-114
733,-1260,-125
881,-1014,-289
810,-1080,-129
856,-1126,-85
598,-828,-29
362,-948,-26
83,-1248,391
319,-1467,324
843,-1347,-477
880,-1136,-490
854,-798,-230
901,-776,-60
976,-543,-88
955,-517,-226
759,-475,-7
719,-866,365
789,-1048,554
816,-1409,735
928,-1356,619
812,-1443,785
793,-1257,824
509,-1009,460
452,-715,458
528,-834,601
660,-752,486
765,-636,481
782,-459,566
772,-464,303
675,-399,276
584,-548,535
533,-619,563
573,-483,510
618,-488,324
563,-680,205
496,-934,467
454,-963,611
431,-899,787
326,-963,685
291,-883,450
248,-838,718
172,-661,670
235,-438,731
289,-230,646
253,-181,606
186,-234,656
157,-263,614
67,-424,566
61,-399,638
170,-435,531
135,-414,606
132,-358,763
73,-433,712
52,-427,697
210,-363,674
214,-285,518
169,-355,704
103,-303,709
103,-351,717
135,-259,776
119,-22,927
99,-433,719
58,-358,679
40,-125,812
0,-117,757
56,-99,762
22,10,850
1,-130,847
-55,-132,859
-116,-161,924
-175,-128,887
-120,-196,958
-201,6,975
-133,229,737
-231,626,813
-471,848,1017
-343,805,1120
-257,783,1088
96,460,987
81,520,871
35,647,865
-56,503,774
-37,333,940
-11,250,915
62,168,836
-27,98,811
5,262,779
-3,287,775
-17,495,785
-44,662,705
-119,397,535
-145,677,550
-74,1045,618
-110,954,664
85,1197,242
107,742,447
-22,690,621
37,690,489
48,727,523
214,1028,585
431,1037,377
272,839,532
318,796,372
259,880,468
195,872,632
174,602,619
159,528,625
149,454,624
58,607,640
52,654,710
46,617,597
154,586,514
63,778,602
170,663,616
82,459,649
15,366,614
-43,706,600
50,703,690
116,772,607
124,961,513
245,1033,317
212,817,365
138,552,544
95,486,485
147,571,391
269,485,376
307,406,369
283,302,418
323,278,378
359,343,383
429,324,306
480,479,319
517,505,375
547,441,267
661,501,222
762,588,33
831,968,109
811,1205,159
770,983,218
733,735,144
793,747,123
800,805,195
758,1260,192
673,1006,309
711,610,92
718,742,-27
720,865,-1
817,1188,-322
861,1201,-446
878,1315,-421
963,534,-227
775,342,-71
808,528,10
781,670,17
777,657,33
823,461,72
779,330,55
756,493,37
750,610,-27
727,637,-90
730,639,-70
711,614,-23
642,436,3
642,566,-75
642,537,-143
527,378,-161
488,239,-261
392,306,-120
446,285,-169
430,227,-231
515,164,-149
550,226,-79
474,237,-178
463,258,-186
462,241,-158
545,165,-179
550,246,-202
532,251,-196
559,193,-230
559,129,-329
628,183,-460
676,193,-559
664,198,-583
609,119,-512
530,114,-459
594,-51,-458
555,-32,-441
499,-34,-453
501,3,-521
392,61,-533
356,144,-631
380,144,-666
425,-70,-755
444,72,-782
355,346,-891
407,193,-923
300,66,-888
207,64,-718
183,-69,-760
220,-69,-832
162,-133,-820
188,43,-787
205,33,-817
262,-77,-847
223,-62,-863
113,17,-791
132,136,-895
267,127,-743
211,42,-780
168,10,-834
85,80,-794
30,220,-738
130,85,-765
88,153,-769
116,107,-801
87,33,-820
-53,126,-749
-163,148,-719
-53,99,-723
118,-215,-741
171,-130,-668
-9,65,-661
-195,133,-710
-285,136,-723
-97,-223,-805
-165,-142,-723
-217,-22,-664
-203,-44,-722
-151,6,-685
-115,-80,-696
-172,10,-699
-183,72,-752
-258,265,-753
-222,230,-771
-93,139,-809
-19,118,-806
-7,114,-805
-28,96,-760
-133,204,-708
-75,164,-701
-31,86,-645
-36,145,-597
6,19,-612
-54,34,-598
-116,79,-533
-91,-1,-532
-45,-92,-558
40,-113,-525
-41,-108,-528
-116,-85,-535
-89,-122,-555
51,-271,-568
9,-202,-530
-24,-203,-578
-67,-250,-586
13,-198,-627
8,-71,-606
136,-226,-609
105,-182,-635
46,-95,-584
113,-268,-643
201,-393,-684
184,-411,-594
249,-556,-620
163,-523,-677
224,-335,-616
247,-316,-562
376,-496,-630
285,-523,-610
254,-598,-578
194,-505,-513
273,-628,-493
288,-573,-570
193,-384,-438
180,-452,-424
183,-569,-341
429,-863,-455
633,-1007,-588
654,-732,-538
571,-593,-513
627,-670,-471
747,-806,-412
790,-819,-358
783,-941,-313
798,-1025,-296
772,-908,-218
766,-887,-134
796,-934,-69
807,-920,-39
945,-1290,6
872,-1110,-105
792,-848,12
663,-1012,202
629,-1186,324
548,-1421,446
527,-1630,529
474,-1440,532
746,-1179,153
739,-1105,-59
685,-1176,162
690,-961,268
686,-587,157
833,-847,122
993,-1178,-107
866,-790,145
732,-295,250
749,-541,319
811,-778,114
750,-747,68
595,-757,265
532,-917,533
462,-1116,467
480,-1119,320
508,-547,240
571,-573,475
562,-697,393
551,-507,379
488,-475,388
398,-590,441
307,-566,497
392,-580,434
401,-475,370
469,-441,498
376,-676,483
331,-525,528
313,-443,582
287,-322,647
306,-637,539
233,-531,536
214,-345,636
175,-77,675
177,-239,673
143,-553,544
177,-678,663
179,-674,697
87,-632,706
142,-554,694
141,-733,723
90,-720,656
61,-669,828
-9,-541,924
5,-726,960
-14,-981,834
-52,-835,891
-93,-605,976
-134,-497,982
-155,-648,1067
-313,-697,1167
-337,-745,1170
-375,-696,1314
-350,-852,1268
-295,-1091,1123
-287,-854,1164
-298,-568,1465
-415,-963,1448
-405,-778,1117
-79,-571,1126
-257,-73,935
-206,92,814
-168,23,829
-40,92,708
48,161,689
69,202,883
5,145,821
-28,97,855
47,255,908
-57,391,961
-15,236,954
-37,36,811
-39,172,870
-24,110,948
-78,142,752
-81,154,902
-86,235,826
-141,151,812
-152,490,736
28,343,704
-147,627,613
112,312,847
4,76,886
56,84,767
-6,109,874
-61,172,898
33,432,814
-97,414,785
-79,229,727
-9,106,629
42,263,720
13,391,713
-16,537,703
25,501,631
100,430,552
117,384,625
74,383,685
94,337,616
119,443,573
142,473,576
160,224,512
209,116,534
208,27,457
282,11,394
263,-12,367
194,138,520
170,98,617
200,185,513
235,289,520
298,309,381
471,465,491
379,925,459
486,1135,261
292,1479,-33
601,1398,211
676,1300,233
755,1368,72
764,1198,72
696,945,159
627,1059,265
655,824,124
708,659,119
785,286,179
761,449,151
705,634,251
699,623,356
796,464,178
881,525,256
778,836,218
871,724,261
803,980,237
855,940,266
905,843,206
1108,5546,41
1149,1538,260
1143,2348,94
1041,1879,201
801,1035,365
724,976,182
851,731,205
873,711,172
899,1022,169
832,629,142
743,698,137
788,635,52
789,487,45
725,404,104
669,597,85
715,585,26
747,469,-37
743,281,-41
669,165,-33
729,262,-129
676,459,-203
640,459,-151
649,677,-171
718,593,-189
637,446,-136
786,392,-239
510,143,-212
566,115,-297
564,177,-325
592,330,-218
518,263,-183
628,235,-273
591,168,-296
600,90,-324
554,125,-341
552,135,-334
592,-80,-373
580,-32,-390
505,68,-372
500,170,-401
468,174,-435
405,138,-467
390,-19,-521
432,-37,-580
418,-114,-589
379,-276,-541
267,-43,-554
204,104,-573
225,61,-575
298,-93,-619
239,-167,-568
141,-170,-585
65,-213,-585
128,-290,-669
138,-232,-646
38,-88,-591
0,-40,-589
170,-3,-585
151,87,-644
126,146,-673
200,84,-692
337,-40,-677
151,206,-595
33,337,-599
55,445,-694
284,214,-578
140,226,-624
86,271,-607
19,296,-677
-13,158,-659
-16,54,-673
-149,184,-678
-185,181,-741
-188,249,-705
-45,103,-753
-47,135,-744
-82,99,-710
-47,80,-759
-82,130,-781
-123,113,-811
-221,202,-794
-223,234,-752
4,130,-722
71,129,-737
23,184,-701
-52,176,-704
-84,196,-700
-177,238,-717
-73,200,-756
-62,219,-731
-205,261,-752
-301,69,-797
-308,143,-721
-330,166,-740
-308,173,-753
-241,105,-670
-216,-2,-714
-279,130,-684
-276,280,-674
-37,149,-609
34,6,-583
-87,59,-567
-163,53,-572
-106,-10,-598
-77,-37,-506
25,-178,-526
-19,-102,-556
-21,-206,-552
-89,-50,-647
-67,-4,-637
52,-143,-670
62,-252,-602
63,-394,-631
0,-340,-612
17,-310,-585
136,-537,-663
213,-472,-613
206,-505,-608
304,-463,-527
331,-735,-494
319,-577,-487
332,-675,-534
293,-477,-584
320,-393,-504
393,-370,-457
427,-430,-535
537,-783,-554
521,-787,-679
542,-738,-764
472,-797,-633
500,-577,-538
529,-831,-409
674,-942,-496
541,-1099,-347
502,-1328,-394
408,-1474,-327
471,-1705,-267
511,-1524,-290
609,-1062,-309
681,-954,-325
634,-854,-318
661,-1182,-258
530,-1273,-365
563,-1311,-235
548,-1136,-206
569,-1099,-208
626,-985,-283
605,-1004,-207
632,-1138,-220
604,-1119,-257
610,-1010,-300
600,-1181,-236
584,-1002,-222
614,-863,-159
650,-908,-88
597,-1383,-105
653,-2893,-38
552,-1554,-66
466,-1271,-81
569,-1140,-124
725,-498,-68
865,58,-60
815,-93,-77
752,-835,9
743,-880,238
651,-865,239
582,-1361,211
687,-1059,193
640,-885,146
581,-872,90
558,-1006,132
568,-1125,178
631,-1186,193
570,-1668,127
500,-1743,194
510,-3029,382
457,-1231,300
591,-1827,263
542,-1795,258
642,-1419,355
589,-960,278
602,-1265,329
497,-1686,488
576,-1464,468
562,-1588,466
575,-1485,460
555,-1307,381
546,-854,340
420,-990,523
345,-1280,381
454,-1143,464
465,-722,396
363,-1272,322
443,-1108,408
511,-1021,623
441,-1299,543
355,-1512,450
451,-1702,574
515,-1094,463
486,-979,469
439,-648,435
537,-50,520
444,19,364
460,-23,485
407,-90,535
444,113,586
506,37,543
407,-33,439
399,-137,463
433,76,544
446,188,691
389,180,586
465,73,657
513,14,538
590,89,601
545,-148,538
545,-63,603
582,24,786
606,98,988
531,57,897
528,66,855
592,95,887
583,238,822
647,281,965
561,255,928
503,212,879
534,130,1127
452,237,1267
451,520,1089
259,547,988
277,567,977
344,555,993
334,511,823
372,455,843
431,359,898
374,553,789
383,682,871
369,825,759
360,956,810
345,721,831
199,551,599
317,680,718
285,760,766
230,656,634
173,673,628
183,878,701
247,936,899
180,876,835
175,766,615
242,651,649
369,796,689
314,705,760
259,519,721
243,398,760
224,346,888
248,488,1001
188,476,1034
48,439,989
85,374,998
64,462,997
-90,543,827
16,618,994
-57,573,948
41,791,877
31,870,835
91,637,758
137,991,685
134,624,784
204,1358,801
225,940,657
96,776,637
278,1005,551
181,477,582
198,738,617
253,1231,388
318,2194,439
268,1558,158
383,2234,34
456,1617,-61
480,2164,-245
573,1807,-33
632,1438,125
633,1650,-69
824,1581,-216
944,1675,-223
967,2143,2
877,1609,327
720,1034,271
714,551,29
771,831,215
823,1297,358
958,1538,228
1196,1891,232
969,2069,7
969,1571,13
1089,1092,330
1536,3159,195
1147,1270,346
927,1276,454
1105,1389,281
779,814,508
732,1559,706
769,1759,529
621,1926,427
712,1583,400
606,1248,246
715,1216,323
840,898,306
968,286,98
815,283,202
546,916,433
644,68,413
938,119,92
998,202,144
783,279,318
759,142,433
1058,-235,120
1079,-269,64
998,-35,51
881,79,92
912,66,-86
1001,-149,-265
1020,-210,-386
967,-253,-495
971,-185,-448
948,-395,-495
970,-707,-622
861,-729,-672
775,-346,-680
721,-157,-766
774,-366,-908
834,-593,-1073
793,-437,-993
741,-224,-817
704,-125,-911
684,-125,-1033
820,-330,-1133
703,-511,-1107
528,-233,-829
416,-106,-793
721,-608,-1069
622,-439,-1100
310,-255,-929
201,-238,-916
150,-304,-972
94,-390,-952
-122,-138,-841
-64,-181,-861
-61,-199,-836
-38,-235,-856
-40,-326,-904
-71,-214,-959
-89,-241,-1025
-97,-237,-990
-63,-190,-1025
-158,103,-1102
-206,271,-1174
17,449,-1462
5,572,-1499
40,389,-1335
4,327,-1138
-27,14,-937
-163,66,-1132
-177,-42,-1147
-145,-14,-1149
-90,-151,-976
-22,-127,-975
-45,-145,-947
-82,-56,-906
-97,-34,-848
-148,-72,-750
-152,-211,-793
-161,-330,-791
-167,-403,-733
-356,-301,-642
-446,-159,-676
-399,-131,-628
-270,-383,-693
-125,-526,-713
-229,-411,-653
-481,23,-523
-445,-103,-618
-282,-185,-633
-345,-180,-500
-481,8,-465
-411,-30,-545
-360,-179,-519
-440,-124,-460
-458,-152,-500
-445,-153,-428
-275,-202,-408
-192,-301,-391
-304,-111,-379
-383,86,-362
-295,4,-325
-167,-185,-423
-114,-199,-293
-139,-169,-310
-165,-101,-210
-116,-102,-335
7,-187,-415
-26,-130,-374
55,-47,-301
110,-18,-343
204,-136,-389
174,-162,-480
259,-137,-429
155,-365,-531
432,200,-463
336,82,-392
311,-89,-368
358,-180,-442
320,-87,-365
370,-247,-392
333,-251,-422
309,-221,-486
384,-335,-517
408,-305,-453
435,-295,-407
440,-346,-451
341,-388,-398
274,-328,-514
353,-522,-591
381,-505,-561
392,-444,-493
477,-441,-479
586,-551,-536
595,-497,-536
621,-385,-511
775,-483,-496
716,-452,-436
729,-595,-383
719,-599,-291
684,-1564,-194
982,-567,-261
710,-401,-613
733,-485,-431
758,-650,-357
771,-764,-347
791,-819,-319
723,-1208,-141
761,-1698,-147
728,-2049,-36
582,-3130,-20
670,-1317,64
610,-1230,123
455,-1592,42
398,-1602,-226
332,-1209,-281
447,-1269,-224
593,-1098,-283
689,-1143,-150
763,-1118,2
618,-1421,-8
628,-1532,-150
556,-1132,-63
503,-1045,80
581,-1107,63
569,-1993,50
610,-2429,239
692,-2419,277
643,-2568,211
577,-1745,254
841,-2207,237
842,-2335,285
763,-2816,244
627,-1837,265
967,-1843,194
830,-1625,158
576,-1387,183
927,-593,82
674,-1426,182
761,-766,-38
737,-626,134
739,-227,173
696,-468,-78
708,-446,-3
794,-305,239
727,-543,224
635,-576,91
662,-482,268
678,-310,170
781,-302,255
769,-275,230
701,-272,278
620,51,407
597,329,387
602,997,375
717,1585,610
813,1411,688
684,818,723
563,546,728
393,186,705
418,80,766
430,-183,872
454,-482,841
428,-517,994
482,-702,949
424,-591,846
548,-384,870
503,-356,898
500,-253,839
517,-428,901
482,-204,832
448,-84,915
516,63,950
487,304,1020
486,67,1090
353,168,1217
412,336,1088
277,315,1105
295,390,1197
256,281,1151
249,274,1178
240,507,1256
231,592,1191
306,306,1043
187,344,1064
317,135,916
259,568,1125
283,1097,1104
242,1067,794
220,1385,445
224,1407,604
165,1179,563
114,1273,475
-60,1129,743
-41,1221,816
-27,803,672
-25,355,585
-131,383,626
-118,452,708
-139,470,775
-159,235,736
-110,48,730
-151,3,939
-174,136,912
-261,123,869
-267,335,842
-182,374,838
-240,558,883
-134,626,796
-119,419,678
-139,322,636
-125,602,757
-188,679,855
-220,657,791
-173,834,596
-219,770,689
-208,851,711
-264,817,628
-212,461,665
-54,213,627
71,179,762
262,187,748
415,139,706
398,9,751
675,59,812
755,213,764
806,582,617
866,842,555
787,1140,390
759,1203,383
879,1584,373
849,1713,114
664,2455,-84
605,2494,230
544,2521,315
672,3701,78
776,2383,253
673,2424,361
531,1637,540
497,1199,532
563,1653,328
537,2299,197
672,2102,287
676,1512,226
742,1148,185
681,1382,209
870,1796,45
1039,1357,1
887,1153,85
854,904,285
835,778,305
893,727,368
960,381,291
836,419,351
822,741,443
837,701,426
1002,529,385
902,383,422
895,265,420
822,440,381
789,391,325
860,359,344
904,272,343
812,401,369
743,448,358
650,176,194
744,-8,-15
780,-33,-39
771,45,26
636,265,45
782,7,12
956,-206,-166
806,-66,-191
741,-91,-251
795,-125,-186
841,-111,-153
848,-216,-234
770,-293,-304
652,-203,-481
617,-326,-664
588,-525,-792
552,-613,-925
451,-419,-677
453,-290,-587
358,-293,-570
364,-448,-708
313,-356,-695
163,-174,-635
311,-344,-732
193,-180,-751
230,-184,-762
251,-376,-824
202,-338,-775
61,-217,-682
-10,-106,-723
55,-34,-736
58,-176,-773
173,-376,-822
19,-265,-777
-21,-121,-798
-30,-191,-830
50,-304,-888
87,-321,-900
1,-223,-918
-119,-67,-790
-151,66,-766
67,-188,-916
-48,-108,-881
-53,-45,-859
-137,-106,-813
-149,46,-767
-91,74,-868
-106,23,-978
-16,112,-899
-205,217,-849
-208,265,-834
-152,135,-865
-153,239,-864
-135,325,-759
21,161,-755
-129,236,-727
-104,154,-841
-96,29,-858
-243,187,-693
-245,182,-673
-159,108,-660
-24,-188,-533
-69,-193,-353
-230,143,-108
-219,110,-292
-176,-132,-505
-212,-81,-711
-346,-61,-628
-404,-69,-689
-347,80,-668
-247,42,-679
-192,-57,-715
-259,-63,-720
-381,60,-674
-339,99,-710
-282,35,-756
-285,-79,-738
-266,-231,-633
-204,-365,-693
-324,-136,-626
-210,-191,-667
-75,-445,-734
-90,-461,-583
-56,-251,-281
-4,-165,-334
108,-502,-469
80,-313,-561
44,-262,-451
51,-170,-400
62,-241,-430
134,-392,-534
112,-558,-633
102,-800,-769
32,-396,-639
113,-198,-706
194,-459,-732
280,-577,-732
298,-770,-727
220,-733,-638
156,-655,-633
265,-1019,-640
411,-1514,-724
429,-1921,-653
324,-1568,-552
425,-1802,-604
616,-2126,-752
875,-2551,-667
1115,-1709,-510
187,-285,-989
361,-173,-1009
172,45,-821
512,-661,-629
805,-961,-777
606,-1366,-667
404,-898,-600
411,-1224,-301
533,-2288,-61
597,-2862,-159
512,-3311,-10
621,-3196,353
552,-2444,198
580,-2348,-128
525,-2070,-294
656,-2248,-254
745,-2222,-209
886,-2036,-190
793,-1997,-142
639,-1547,-228
550,-530,-674
461,-696,-768
507,-784,-635
582,-1000,-542
523,-1323,-548
367,-1108,-711
393,-1244,-703
441,-1068,-519
483,-949,-469
499,-1357,-367
538,-1444,-262
665,-1009,-240
688,-789,-252
684,-1219,-185
730,-1070,-137
889,-932,-164
805,-704,-198
778,-1026,-244
744,-1190,-183
759,-739,-99
734,-695,10
662,-668,-45
677,-386,28
718,-626,157
565,-575,108
712,-297,165
693,-421,174
621,-504,45
628,-147,148
668,-302,203
594,-144,270
698,-333,305
600,-180,274
626,-223,315
678,-206,370
636,-229,443
591,-269,382
591,-233,507
637,-196,494
649,-82,529
682,180,626
589,-103,560
584,-198,587
559,-165,529
659,-158,612
647,-33,576
680,230,655
687,277,672
578,-118,532
556,36,543
616,113,662
555,132,591
536,89,627
479,213,624
540,446,689
602,631,824
594,627,717
589,401,652
467,633,649
482,511,737
452,781,716
436,1282,806
452,750,637
467,559,425
574,791,652
638,1506,754
579,2036,709
430,1503,527
397,1694,560
459,1568,698
505,1042,982
448,564,976
459,1071,857
421,961,1106
233,600,1060
170,314,847
197,330,989
235,414,1188
219,452,1284
191,455,1232
128,464,939
165,165,884
233,472,1088
249,474,1135
142,159,988
203,304,904
255,408,1076
302,298,978
196,447,922
224,128,877
138,282,829
206,616,1030
240,470,948
187,281,826
186,186,772
183,269,953
181,435,949
130,284,826
121,380,800
147,582,832
131,518,660
126,567,616
153,753,668
102,475,557
119,848,604
127,1097,645
178,1060,537
182,1463,516
199,1851,491
197,2293,336
236,1934,257
290,1844,308
342,1819,374
365,1501,440
325,1296,311
547,1914,231
519,1179,367
348,1057,555
396,1683,573
400,1201,660
596,1545,729
901,2248,552
1157,1911,471
862,1676,559
777,2187,560
678,2370,473
665,2251,547
843,1757,512
1060,1592,380
1040,1477,384
1050,2171,300
1177,2014,319
890,1335,628
818,629,403
1092,1064,31
1079,861,188
670,576,355
666,393,192
806,371,29
912,380,-96
886,244,-125
734,524,-106
675,517,-142
746,277,-249
918,26,-364
1010,26,-463
827,282,-426
637,255,-320
706,35,-451
907,-186,-657
894,-95,-738
723,18,-739
639,195,-727
717,-28,-842
841,-211,-1018
1031,-424,-1182
983,-344,-1245
747,-140,-1099
475,239,-774
482,81,-811
589,-218,-901
425,-133,-860
376,-112,-799
273,47,-756
250,-17,-734
356,-69,-740
412,-87,-713
311,-191,-735
236,-122,-679
128,-26,-582
58,-3,-666
60,11,-681
128,-8,-734
181,75,-781
230,56,-921
97,103,-1057
-14,141,-1018
30,83,-1042
102,-31,-1038
163,16,-1079
213,121,-1086
124,97,-1111
-9,233,-1000
-138,411,-942
90,271,-1003
119,481,-1119
30,470,-1174
-41,434,-1152
45,425,-1215
-55,542,-1073
-70,350,-637
-94,299,-740
40,195,-928
14,155,-1015
15,218,-1013
83,235,-969
58,179,-990
30,170,-1021
0,232,-1025
20,126,-1020
-7,89,-1000
28,7,-948
53,-112,-913
-134,-160,-822
-282,-256,-806
-373,-553,-814
-389,-864,-834
-343,-826,-819
-273,-529,-795
-303,-476,-744
-371,-348,-738
-333,-178,-744
-325,13,-755
-243,26,-724
-96,123,-729
136,4,-747
106,-93,-772
17,137,-693
-84,194,-620
78,69,-699
102,27,-688
-6,163,-524
82,-7,-602
153,-19,-559
144,54,-619
63,196,-510
-102,249,-405
-314,462,-295
-365,431,-167
46,-102,-392
711,-646,-778
604,-392,-640
237,48,-382
107,-13,-406
200,-168,-414
444,-362,-557
673,-552,-511
559,-684,-425
479,-434,-404
522,-525,-455
646,-649,-454
672,-785,-497
910,-1920,18
465,-794,-412
577,-940,-540
612,-1939,-259
822,-2330,-152
766,-1438,-130
540,-2343,-65
471,-2735,128
584,-2465,8
703,-2199,-93
658,-2555,-95
624,-2624,-175
636,-1250,-622
309,-1425,-466
472,-1566,-234
737,-844,-481
455,-1390,-477
373,-1676,-253
639,-1547,-47
439,-2221,-120
316,-1457,-655
442,-780,-683
518,-998,-295
522,-1597,-331
489,-1560,-586
415,-1727,-437
463,-1647,-311
460,-1354,-483
496,-1404,-375
556,-1855,-327
554,-1516,-395
630,-1275,-288
709,-1047,-92
699,-1113,-236
696,-1177,-305
721,-1548,-230
772,-1321,-64
710,-1409,88
654,-1068,-19
647,-1323,-163
678,-1100,-59
900,-1243,149
803,-1115,144
769,-966,70
607,-902,-47
706,-903,223
714,-666,76
656,-610,164
624,-603,183
477,-558,172
516,-491,225
535,-504,300
513,-345,271
427,-618,216
407,-611,181
406,-521,187
482,-250,233
451,-581,181
440,-588,216
504,-404,311
556,-295,272
612,-371,258
621,-203,303
531,-349,218
540,-433,138
681,10,422
591,-53,417
582,-102,370
597,3,461
612,195,474
605,79,497
634,123,565
596,147,615
485,81,523
493,125,614
494,361,747
463,411,766
388,405,628
394,132,607
339,243,531
361,72,573
341,152,673
236,230,698
204,230,641
226,77,719
254,190,662
325,351,702
339,93,610
330,299,666
400,380,952
407,448,810
394,532,703
400,559,783
472,565,824
477,684,868
483,604,911
403,449,726
442,602,836
470,707,930
377,519,852
249,418,932
84,753,1173
-62,1245,1452
-40,1472,1345
-98,1401,930
-147,830,597
-279,1178,620
-418,1191,751
-514,1303,981
-364,1427,926
-139,571,653
-136,235,576
-67,266,681
-228,321,789
-468,618,1024
-179,1053,946
-163,650,722
-154,264,747
-633,1494,952
-292,1135,773
-237,1479,980
-273,1796,767
-53,1463,546
39,1060,622
42,1502,676
-63,1018,724
-10,866,840
115,704,858
182,665,776
331,157,696
360,400,673
330,331,842
273,223,818
340,890,954
435,1016,964
431,1636,918
359,1403,610
237,1864,439
168,3191,397
270,4200,300
522,5175,-152
730,5338,-350
447,3929,246
-140,2094,379
-424,1144,-102
-197,462,-265
70,144,5
107,234,528
122,575,627
256,942,435
378,793,235
283,667,642
227,393,934
349,356,743
499,473,587
549,635,641
510,883,604
426,994,675
474,1264,811
714,1383,755
650,941,624
451,944,690
371,1162,1107
463,1287,1076
608,697,528
597,743,244
584,873,462
489,1193,803
479,1086,888
495,649,804
590,232,506
580,-67,431
601,-48,319
573,-896,192
554,-1439,-29
473,-1313,-189
505,-639,-63
429,14,21
566,387,124
624,465,158
706,104,117
537,48,18
421,88,-55
443,20,-204
588,-287,-336
577,-87,-431
559,63,-340
547,203,-256
551,-12,-270
641,-130,-373
580,105,-411
575,424,-442
572,301,-522
687,184,-573
691,176,-565
598,-23,-423
603,2,-369
658,-119,-427
617,182,-480
526,304,-557
545,231,-601
627,139,-470
667,-8,-477
518,475,-524
515,110,-504
511,56,-533
477,270,-620
499,350,-583
371,463,-530
360,292,-540
501,97,-580
429,137,-682
251,275,-635
222,249,-675
279,481,-673
340,602,-733
321,433,-715
217,229,-819
307,355,-871
176,377,-1000
96,443,-842
485,338,-833
563,711,-789
295,950,-628
295,959,-553
271,612,-550
439,262,-714
360,212,-783
248,393,-738
94,358,-740
180,133,-835
216,262,-814
197,-16,-778
221,-60,-840
-17,32,-868
19,1,-906
6,-89,-940
106,-269,-847
121,-82,-805
36,-118,-798
0,-290,-873
1,-249,-951
-43,-226,-930
22,-258,-842
148,-253,-855
134,-99,-795
179,-54,-813
40,-108,-898
15,-238,-887
-73,-11,-810
79,-184,-845
75,-437,-831
31,-215,-865
-2,28,-844
62,-153,-744
165,-347,-852
152,-392,-768
101,-356,-743
132,-418,-717
239,-257,-738
272,-322,-649
274,-585,-586
176,-488,-565
289,-489,-490
254,-326,-467
388,-494,-452
423,-397,-371
382,-290,-302
429,-311,-390
524,-356,-319
597,-292,-231
589,-443,-166
493,-343,-207
539,-282,-295
470,-19,-292
521,-68,-314
494,-167,-317
582,-384,-340
589,-341,-391
480,-298,-342
463,-288,-351
481,-322,-301
662,-552,-336
587,-481,-391
433,-341,-294
511,-624,-377
630,-712,-366
600,-823,-374
538,-850,-343
473,-892,-282
585,-971,-344
633,-1016,-340
680,-1003,-349
687,-968,-375
682,-849,-396
717,-891,-386
726,-1072,-320
739,-1306,-311
646,-1246,-209
730,-1017,-218
799,-1137,-252
709,-1298,-225
650,-1277,-12
726,-959,-148
737,-850,-249
771,-1028,-333
757,-1350,-244
737,-1119,-323
755,-980,-48
787,-1183,-43
853,-1261,-184
872,-1905,-4
870,-2601,278
785,-2552,308
745,-3219,271
700,-2993,144
628,-3940,324
700,-3595,548
757,-3331,444
789,-3731,365
792,-2937,232
873,-1905,-30
914,-1625,60
827,-2764,63
837,-2207,227
751,-2156,311
291,-1745,-118
99,-1104,-153
244,-369,-4
522,-817,11
617,-1409,-72
763,-1673,9
663,-1956,76
611,-2004,90
569,-1218,103
505,-435,-9
513,-303,-85
523,-880,-21
565,-877,127
649,-637,289
542,-1113,180
490,-1339,240
600,-1335,442
555,-1071,430
642,-953,446
561,-1065,388
651,-721,361
625,-271,520
586,-167,739
466,-832,688
408,-1000,502
401,-714,501
459,-614,555
454,-874,611
589,-889,722
519,-534,535
453,-740,472
504,-431,524
594,-243,610
697,168,531
595,-190,395
579,-145,411
696,-192,470
717,-44,522
613,28,462
551,293,467
667,17,661
669,3,748
846,403,592
652,162,520
595,380,519
676,392,652
650,445,612
680,321,622
625,270,593
610,319,681
584,437,652
552,280,650
541,485,666
577,547,693
474,385,701
415,169,638
441,303,617
536,365,731
411,518,760
461,440,991
400,509,720
167,643,638
235,929,820
307,1021,919
282,953,803
242,817,645
242,823,601
283,717,665
243,636,755
267,660,838
281,703,899
220,327,816
182,518,812
248,683,874
180,688,770
53,552,664
65,473,758
214,727,936
212,980,965
231,748,755
172,244,527
195,332,576
271,340,749
214,390,786
148,356,822
309,70,911
80,417,745
277,438,757
263,523,844
209,274,723
159,285,659
212,2,849
338,-37,908
359,101,780
308,148,550
268,184,433
280,323,564
373,301,719
328,227,762
273,169,714
286,212,767
300,398,715
246,712,551
231,818,522
358,1224,705
396,1216,732
337,858,623
281,617,409
367,754,306
383,972,335
436,1559,442
469,1558,458
321,960,175
256,1240,-111
388,1676,83
451,2727,252
704,3342,92
612,2769,149
562,2063,-43
432,2195,-167
662,2525,262
725,2824,272
741,3164,194
702,2068,182
625,1746,195
499,1923,208
511,2680,244
983,1816,639
1008,1624,1078
734,990,839
727,529,436
634,580,251
705,1085,193
759,1667,280
917,2680,267
982,3543,261
938,3120,372
765,1787,139
576,1231,-53
666,1098,-20
913,1459,64
1012,1752,313
1036,1442,132
937,1635,25
859,2269,262
918,1594,282
823,810,19
886,520,65
925,133,147
927,-142,55
889,-35,2
825,248,90
888,165,25
964,273,-1
945,258,37
971,-195,-134
949,-346,-60
916,-104,-174
