1224,-576,8038
1148,-518,8090
1136,-420,8088
1124,-436,8230
1166,-418,8240
1126,-478,8290
1188,-488,8432
1234,-594,8374
1128,-678,8420
1204,-660,8384
1200,-600,8136
1124,-526,8306
1184,-394,8088
1044,-544,8042
1074,-474,8154
1208,-514,8140
1154,-610,8198
1044,-578,8156
1164,-456,8172
870,-434,8118
1008,-312,8066
1100,-438,8064
1280,-570,8110
1198,-580,8150
1180,-526,8186
1376,-462,8128
1190,-534,8076
1228,-504,7958
1224,-506,8032
1072,-512,8090
1056,-550,8120
1090,-494,8164
956,-516,8156
1090,-384,8214
954,-452,8184
1080,-496,8098
1014,-544,8172
1022,-570,8276
1104,-608,8230
1370,-336,8392
1130,-698,8276
1238,-616,8208
1088,-448,8164
1176,-356,7998
1142,-300,8006
1020,-454,8196
1114,-428,8010
1292,-286,8078
1040,-336,8098
1062,-376,8096
1022,-384,8102
1206,-372,8128
1000,-556,8230
1178,-538,8162
1306,-552,8150
1180,-464,8288
1164,-540,8094
1172,-530,8088
1066,-426,7964
1166,-448,7972
1066,-578,8028
1170,-504,8072
1284,-478,8134
1116,-550,8212
1280,-470,8124
1084,-424,8154
1116,-376,8390
1146,-386,8240
992,-138,8106
1270,-346,8586
924,-848,8254
1094,-396,7954
1234,-320,8032
1408,-296,7960
1210,-272,8584
1176,-424,8374
1428,-344,8210
1208,-470,8134
1548,-552,7832
1304,-790,8024
1278,-470,8002
814,-420,8398
466,-366,8776
1094,-414,8160
1234,-370,8096
308,-524,8318
792,-534,8240
1112,-442,8598
1026,-296,8436
-156,-690,9000
-214,-1064,7424
2260,202,8268
1384,454,6960
1024,364,8100
754,86,7538
844,-8,7802
168,-250,8666
1268,-100,8506
1772,306,8850
1254,-116,8488
1416,154,8046
1566,282,8046
708,-18,8598
920,60,8302
1456,332,7634
1038,196,7900
1154,286,7822
992,150,8012
1314,186,7900
1690,346,7612
1164,222,7710
1066,158,8156
1604,166,7906
1462,124,8114
1198,160,8274
1142,142,8232
1324,210,8240
1250,86,8396
1070,24,8664
1532,168,8080
1560,110,8144
1108,12,8298
752,-120,8386
1316,74,8650
1734,136,8142
1310,-4,8468
1190,-54,8556
1600,86,8524
1144,-74,8394
1712,32,8392
1492,12,8136
1448,14,8306
1852,116,8228
1544,-36,7958
1478,20,7750
1568,0,7910
1534,82,7916
1418,34,7866
1434,18,8010
1256,-2,8006
1514,88,7990
1376,-18,8108
1230,-24,8068
1560,90,8010
1454,34,7984
1624,94,7860
1244,-34,7816
1320,52,7918
1434,46,7902
1214,-28,8124
1276,-30,8236
1400,-32,8296
1378,-156,7976
2062,6,7664
1246,-170,8348
1588,-80,8268
2176,16,8096
1506,-204,8582
1678,-80,8586
1758,-18,8422
1730,-90,8370
1614,-118,8394
1496,-114,8452
1446,-80,8174
1252,-142,8450
1748,-92,8016
1672,-32,7920
1260,-140,8064
1614,-24,7784
1548,-88,7686
1458,-42,7786
1660,-22,7458
1704,-48,7672
1798,10,7684
1638,-80,7802
1656,-88,7782
1880,-18,7638
1308,-98,7774
1586,-52,7792
1628,-164,7520
1622,-146,6808
1174,-422,3594
552,-1302,1456
74,-2154,1432
-652,-1806,5328
-1008,-1316,5672
2542,-98,3182
2798,-456,-1154
1120,-1594,-2980
112,-4108,-1516
-54,-6818,438
-40,-8916,504
-2,-9664,-1222
-418,-11196,-3660
-730,-12932,-4548
-58,-14544,-2972
6,-17054,-1086
-800,-20224,-1188
-1594,-23512,-2648
-1440,-25972,-3502
-188,-27110,-2518
768,-27232,-44
490,-26008,2772
-400,-24134,4704
-966,-22558,5104
-454,-21414,3680
542,-20152,1082
520,-19080,-1838
-672,-18574,-4108
-1666,-18074,-4868
-1548,-17310,-4214
-648,-16372,-2504
-14,-14998,-316
-140,-13114,1696
-504,-10860,2718
-798,-8920,2472
-772,-7234,1400
-722,-6080,236
-710,-5136,-502
-672,-4406,-882
-664,-3766,-888
-560,-3300,-660
-490,-2956,-308
-470,-2726,12
-468,-2384,358
-304,-2012,574
-148,-1740,788
92,-1472,912
324,-1398,1146
586,-1496,1306
790,-2008,1552
792,-3442,1766
454,-5996,1738
254,-9970,1674
90,-16722,1766
-290,-30036,1870
-1762,-32512,508
-4802,-32512,-3884
-3212,-20272,-336
-162,-7342,1604
3662,-8758,3394
9500,-13876,4878
21842,-7186,-1568
15082,-7438,-10680
4276,-25376,-10942
-3320,-32512,-17608
20442,-20388,-20374
32763,-7110,-3568
28368,-1598,20418
1932,-1178,24736
16904,-3398,7750
10064,-8030,-9564
-3808,-8376,-15014
1400,-6056,-5666
2330,-9318,4246
-680,-13782,7036
-644,-13526,5022
3188,-9820,2734
8942,-6564,1006
11140,-4990,-1792
7374,-3268,-6194
1514,-2702,-8212
1350,-1756,-4330
2202,-1110,1198
1616,-2192,1670
694,-4868,-2896
-36,-7958,-5352
1978,-11176,-3718
4252,-15366,-1184
4150,-21090,-812
3468,-25006,-1806
4994,-23230,-690
6532,-17924,3642
3314,-12660,7926
138,-10680,8398
-908,-11686,5258
-1232,-14566,2772
-238,-17882,2852
3036,-19396,3572
7786,-16606,2260
8962,-13720,-1046
6042,-12830,-4480
2036,-11332,-6804
-130,-10252,-7074
94,-11022,-5884
1516,-12900,-5048
3962,-15202,-4202
6918,-15420,-1080
6596,-12648,3908
2644,-9108,7340
-406,-7160,6800
-1642,-6376,3840
-1794,-5766,1428
-1140,-5402,952
-220,-5020,834
318,-4464,-472
106,-3998,-1974
-550,-4212,-2134
-988,-4676,-660
-952,-4998,1170
-650,-5484,1914
-392,-6520,1458
-308,-8004,376
-418,-9844,-418
-716,-12226,-878
-1170,-15424,-1216
-1934,-18640,-1778
-2676,-19818,-2322
-2696,-16838,-2264
-1758,-12882,-1462
-880,-12062,-1044
-560,-13030,-2270
-1922,-15704,-4708
-2292,-16722,-5956
1288,-13610,-3508
3518,-10248,2254
1404,-8714,6548
658,-9608,5718
240,-12010,1524
-1064,-13864,-1454
-1830,-14196,-1778
-1546,-12562,-1478
-880,-10102,-1922
-776,-8360,-2608
-1004,-7184,-2730
-978,-6736,-2480
-724,-6576,-2194
-438,-6364,-1718
-364,-6000,-1382
-334,-5518,-1096
-80,-5022,-724
8,-4646,-30
20,-4460,582
-108,-4596,810
-310,-5210,618
-628,-6220,208
-932,-7586,-332
-1396,-8852,-830
-1868,-9496,-1322
-2044,-10364,-1852
-2098,-10954,-2028
-1964,-11512,-1586
-1762,-12226,-756
-1666,-13002,300
-1640,-13288,1082
-1536,-13164,1538
-1234,-12724,1372
-978,-12224,780
-932,-12000,-150
-1338,-12300,-968
-1674,-12552,-1432
-1856,-12678,-1542
-1862,-12742,-1350
-1816,-12584,-836
-1688,-12152,-128
-1744,-11678,576
-1768,-10904,896
-1578,-10224,878
-1440,-9178,448
-1308,-8510,160
-1252,-7656,-192
-1202,-7066,-482
-1100,-6550,-464
-992,-5896,-382
-876,-5732,-178
-886,-5518,-38
-806,-5346,0
-826,-5346,178
-874,-5770,520
-636,-5444,402
-1360,-6424,386
-1470,-7224,548
-1308,-7734,826
-1308,-8886,1020
-1564,-10618,962
-1776,-12356,732
-1680,-13708,446
-1242,-14462,148
-558,-14224,-430
4,-13476,-1360
42,-12616,-2524
-612,-11986,-3544
-1358,-11970,-4144
-1328,-12104,-4270
-242,-11938,-3454
1032,-11164,-1314
958,-10350,1236
-224,-10232,2744
-1422,-10524,2522
-1950,-10650,1610
-1986,-10488,840
-1524,-10122,442
-902,-9380,-74
-618,-8726,-774
-552,-8240,-1298
-626,-7938,-1356
-614,-7422,-1282
-438,-6714,-1458
-346,-6076,-1594
-328,-5624,-1356
-354,-5430,-898
-278,-5324,-656
-262,-5470,-518
-496,-5880,-532
-658,-6348,-722
-736,-7006,-1182
-904,-7624,-1434
-1172,-8516,-1566
-1348,-9212,-1566
-1250,-9744,-1382
-1102,-10172,-984
-1172,-10688,-230
-1374,-11126,504
-1546,-11342,1006
-1672,-11390,1392
-1618,-11300,1594
-1394,-11110,1228
-1168,-11126,356
-1280,-11314,-616
-1486,-11462,-1370
-1654,-11528,-1652
-1786,-11498,-1690
-1688,-11358,-1514
-1566,-11190,-1102
-1468,-10940,-614
-1436,-10594,-268
-1476,-10092,2
-1432,-9554,156
-1448,-8916,228
-1380,-8292,200
-1412,-7724,176
-1418,-7248,144
-1324,-6868,86
-1296,-6618,70
-1284,-6362,52
-1250,-6188,158
-1236,-6194,242
-1204,-6280,300
-1226,-6442,420
-1302,-6838,440
-1316,-7336,380
-1336,-7932,160
-1328,-8720,-2
-1428,-9484,-284
-1472,-10284,-402
-1486,-10906,-528
-1458,-11392,-680
-1492,-11590,-954
-1428,-11630,-1256
-1368,-11416,-1676
-1394,-11358,-1958
-1408,-11226,-2108
-1424,-11052,-2020
-1160,-10930,-1448
-974,-10474,-648
-966,-10288,260
-1172,-10156,726
-1400,-10034,802
-1566,-10008,524
-1534,-9660,76
-1314,-9466,-338
-1246,-9038,-740
-1210,-8546,-1006
-1076,-8262,-1070
-982,-7912,-1124
-890,-7340,-1028
-794,-6938,-964
-630,-6720,-940
-644,-6266,-960
-602,-6182,-838
-598,-6174,-826
-682,-6128,-826
-800,-6492,-754
-840,-6824,-798
-964,-7114,-694
-1004,-7496,-736
-1188,-8010,-814
-1292,-8526,-904
-1446,-8954,-898
-1538,-9440,-768
-1484,-9748,-454
-1464,-9908,-110
-1518,-10110,200
-1542,-10292,364
-1548,-10472,282
-1576,-10528,120
-1546,-10554,-166
-1596,-10662,-446
-1628,-10674,-682
-1722,-10716,-846
-1674,-10702,-884
-1662,-10532,-838
-1610,-10406,-702
-1646,-10096,-512
-1506,-9784,-312
-1502,-9450,-200
-1456,-9078,-140
-1458,-8638,-126
-1496,-8296,-64
-1360,-7888,-48
-1360,-7448,6
-1332,-7200,-14
-1334,-7020,8
-1346,-6846,30
-1384,-6802,34
-1314,-6812,72
-1294,-6740,114
-1290,-6972,294
-1374,-7264,254
-1346,-7624,84
-1458,-8144,28
-1464,-8618,-158
-1468,-9102,-228
-1462,-9638,-370
-1506,-10060,-454
-1478,-10340,-608
-1422,-10630,-844
-1444,-10650,-1062
-1390,-10476,-1276
-1328,-10562,-1454
-1380,-10404,-1526
-1360,-10310,-1524
-1346,-10308,-1166
-1248,-10030,-702
-1216,-9800,-234
-1212,-9552,64
-1354,-9514,102
-1428,-9390,52
-1416,-9200,-98
-1334,-8884,-352
-1268,-8570,-498
-1180,-8300,-702
-1146,-7964,-796
-1052,-7730,-878
-998,-7444,-868
-890,-7192,-802
-804,-6902,-866
-772,-6780,-860
-770,-6656,-828
-746,-6618,-828
-780,-6678,-872
-814,-6878,-828
-904,-7160,-766
-1066,-7502,-796
-1102,-7782,-826
-1176,-8150,-810
-1328,-8440,-770
-1400,-8874,-674
-1428,-9206,-604
-1502,-9296,-390
-1442,-9542,-50
-1470,-9724,150
-1564,-9782,130
-1506,-9872,104
-1530,-9954,-60
-1536,-9984,-232
-1526,-9956,-374
-1572,-10018,-650
-1634,-9970,-768
-1606,-9978,-782
-1592,-9866,-760
-1542,-9648,-552
-1516,-9428,-452
-1480,-9214,-322
-1444,-8988,-282
-1530,-8634,-246
-1436,-8332,-216
-1398,-8086,-90
-1408,-7718,-50
-1302,-7426,0
-1388,-7324,-32
-1376,-7216,-12
-1340,-7114,24
-1368,-7078,60
-1362,-7198,114
-1370,-7288,102
-1350,-7484,116
-1378,-7732,84
-1390,-8034,-2
-1492,-8372,-132
-1434,-8788,-276
-1446,-9060,-442
-1390,-9326,-476
-1456,-9556,-614
-1420,-9754,-794
-1438,-9878,-920
-1422,-9904,-1004
-1392,-9868,-1066
-1340,-9874,-1074
-1368,-9842,-1056
-1360,-9750,-968
-1344,-9618,-804
-1344,-9496,-526
-1330,-9330,-306
-1330,-9136,-180
-1316,-9012,-206
-1314,-8866,-314
-1322,-8626,-378
-1214,-8402,-460
-1216,-8218,-588
-1134,-7970,-694
-1138,-7770,-720
-1050,-7586,-740
-1010,-7380,-706
-960,-7190,-778
-910,-7058,-792
-860,-7016,-726
-876,-6982,-848
-918,-7046,-906
-944,-7166,-854
-984,-7344,-730
-1022,-7572,-684
-1102,-7794,-696
-1150,-8028,-704
-1268,-8340,-694
-1318,-8568,-618
-1336,-8768,-520
-1392,-8952,-370
-1392,-9064,-190
-1430,-9240,-68
-1478,-9358,-116
-1476,-9460,-88
-1578,-9504,-148
-1518,-9454,-230
-1560,-9556,-392
-1506,-9544,-518
-1512,-9524,-530
-1594,-9464,-572
-1550,-9342,-612
-1522,-9242,-544
-1486,-9056,-468
-1496,-8888,-362
-1458,-8654,-300
-1424,-8474,-264
-1434,-8240,-208
-1344,-8042,-132
-1434,-7914,-140
-1430,-7716,-60
-1392,-7594,-26
-1434,-7410,-26
-1366,-7396,24
-1416,-7370,64
-1420,-7356,28
-1406,-7494,28
-1358,-7626,52
-1414,-7832,-62
-1412,-8108,-114
-1394,-8310,-250
-1456,-8502,-308
-1446,-8834,-402
-1456,-9026,-534
-1374,-9150,-588
-1412,-9310,-726
-1444,-9378,-812
-1380,-9386,-870
-1428,-9466,-876
-1408,-9428,-918
-1394,-9424,-882
-1338,-9306,-726
-1356,-9244,-584
-1366,-9126,-476
-1326,-8994,-416
-1316,-8856,-384
-1306,-8760,-378
-1310,-8584,-434
-1320,-8442,-492
-1224,-8274,-522
-1172,-8072,-588
-1146,-7918,-610
-1134,-7764,-696
-1066,-7582,-702
-1022,-7506,-676
-990,-7340,-720
-978,-7298,-708
-964,-7238,-714
-960,-7306,-706
-994,-7294,-724
-1040,-7474,-736
-1092,-7560,-660
-1120,-7712,-622
-1156,-7856,-650
-1192,-8028,-614
-1232,-8240,-616
-1322,-8426,-544
-1366,-8556,-448
-1374,-8712,-424
-1330,-8848,-330
-1398,-8920,-230
-1446,-9012,-232
-1474,-9142,-234
-1498,-9160,-300
-1518,-9188,-274
-1518,-9194,-344
-1570,-9188,-402
-1492,-9168,-418
-1504,-9068,-434
-1494,-9020,-462
-1462,-8832,-450
-1466,-8716,-374
-1440,-8572,-388
-1486,-8452,-354
-1448,-8314,-302
-1434,-8130,-232
-1424,-8016,-212
-1418,-7904,-160
-1400,-7742,-78
-1384,-7636,-68
-1414,-7592,-64
-1448,-7490,-54
-1394,-7560,-58
-1380,-7654,-40
-1376,-7682,-74
-1418,-7800,-52
-1424,-7988,-146
-1444,-8136,-202
-1416,-8276,-258
-1476,-8466,-264
-1454,-8676,-398
-1394,-8788,-522
-1392,-8878,-592
-1448,-8992,-656
-1368,-9058,-752
-1388,-9096,-756
-1372,-9088,-818
-1354,-9062,-762
-1362,-9064,-692
-1372,-9026,-692
-1384,-8962,-582
-1334,-8798,-512
-1256,-8754,-474
-1264,-8580,-426
-1302,-8482,-462
-1290,-8366,-484
-1246,-8246,-510
-1208,-8090,-584
-1148,-7912,-534
-1126,-7854,-616
-1148,-7784,-612
-1072,-7652,-678
-1076,-7524,-660
-1066,-7486,-676
-1054,-7462,-764
-1066,-7456,-728
-1032,-7458,-744
-1088,-7510,-714
-1070,-7604,-648
-1128,-7678,-580
-1132,-7814,-608
-1198,-7974,-592
-1258,-8148,-612
-1276,-8222,-578
-1330,-8364,-498
-1380,-8466,-416
-1362,-8588,-392
-1402,-8670,-290
-1434,-8826,-226
-1426,-8768,-262
-1430,-8892,-262
-1432,-8888,-302
-1484,-8850,-380
-1478,-8894,-450
-1408,-8870,-516
-1448,-8832,-462
-1514,-8738,-482
-1514,-8734,-418
-1502,-8604,-402
-1462,-8548,-352
-1460,-8360,-334
-1472,-8266,-278
-1396,-8130,-242
-1396,-8048,-288
-1420,-7948,-208
-1394,-7846,-206
-1410,-7768,-176
-1410,-7758,-124
-1406,-7732,-96
-1466,-7702,-112
-1384,-7762,-142
-1422,-7730,-90
-1422,-7866,-130
-1394,-7920,-198
-1394,-8050,-250
-1406,-8208,-284
-1438,-8356,-324
-1392,-8450,-430
-1424,-8550,-494
-1374,-8690,-564
-1388,-8714,-588
-1340,-8798,-566
-1350,-8872,-670
-1440,-8852,-660
-1324,-8788,-708
-1364,-8750,-654
-1336,-8728,-676
-1416,-8744,-574
-1370,-8658,-578
-1260,-8542,-512
-1268,-8418,-430
-1230,-8324,-402
-1254,-8298,-430
-1246,-8212,-530
-1232,-8120,-582
-1140,-7974,-546
-1188,-7810,-546
-1170,-7744,-582
-1126,-7732,-632
-1082,-7684,-638
-1120,-7628,-688
-1108,-7630,-688
-1052,-7594,-688
-1046,-7558,-662
-1112,-7650,-662
-1128,-7688,-648
-1184,-7766,-608
-1164,-7830,-560
-1160,-7976,-546
-1256,-8058,-532
-1268,-8198,-528
-1262,-8298,-504
-1292,-8372,-472
-1360,-8390,-428
-1414,-8500,-378
-1386,-8580,-336
-1420,-8662,-306
-1404,-8684,-364
-1430,-8674,-368
-1446,-8644,-352
-1480,-8632,-370
-1438,-8692,-410
-1456,-8638,-434
-1416,-8522,-398
-1438,-8484,-390
-1412,-8446,-336
-1500,-8380,-372
-1454,-8312,-314
-1398,-8228,-284
-1452,-8100,-248
-1388,-8032,-244
-1402,-7976,-254
-1440,-7914,-198
-1418,-7866,-180
-1442,-7822,-184
-1422,-7786,-128
-1424,-7796,-104
-1428,-7822,-114
-1424,-7896,-158
-1444,-7904,-236
-1408,-7982,-192
-1412,-8046,-268
-1404,-8154,-290
-1404,-8246,-338
-1400,-8344,-360
-1382,-8418,-414
-1372,-8518,-488
-1412,-8612,-550
-1394,-8596,-584
-1420,-8560,-612
-1370,-8666,-590
-1334,-8712,-586
-1348,-8562,-602
-1302,-8544,-590
-1290,-8568,-548
-1302,-8436,-544
-1318,-8434,-510
-1282,-8320,-540
-1276,-8256,-466
-1248,-8240,-508
-1270,-8122,-502
-1222,-8046,-544
-1248,-7930,-540
-1178,-7826,-532
-1180,-7814,-532
-1196,-7766,-596
-1174,-7774,-618
-1134,-7734,-608
-1144,-7644,-602
-1132,-7640,-636
-1138,-7754,-634
-1168,-7698,-620
-1140,-7724,-550
-1180,-7806,-596
-1176,-7920,-580
-1224,-7960,-556
-1250,-8030,-536
-1308,-8140,-534
-1282,-8184,-510
-1282,-8270,-440
-1336,-8316,-436
-1388,-8452,-404
-1346,-8442,-398
-1370,-8474,-366
-1482,-8476,-364
-1442,-8560,-368
-1486,-8528,-370
-1420,-8498,-344
-1498,-8482,-356
-1416,-8468,-384
-1460,-8442,-404
-1404,-8356,-384
-1430,-8314,-400
-1416,-8252,-402
-1424,-8216,-352
-1370,-8134,-344
-1416,-8096,-300
-1412,-8050,-230
-1448,-7948,-214
-1436,-7906,-208
-1422,-7892,-186
-1382,-7874,-212
-1432,-7876,-210
-1398,-7902,-188
-1426,-7880,-198
-1444,-7938,-230
-1428,-7964,-232
-1398,-8032,-212
-1406,-8090,-262
-1408,-8214,-312
-1372,-8216,-364
-1424,-8282,-428
-1370,-8364,-452
-1368,-8402,-502
-1386,-8462,-532
-1368,-8450,-546
-1384,-8486,-568
-1328,-8506,-572
-1334,-8510,-618
-1316,-8470,-540
-1286,-8410,-552
-1316,-8372,-550
-1338,-8356,-556
-1272,-8296,-548
-1224,-8248,-480
-1240,-8114,-492
-1212,-8168,-508
-1230,-8062,-530
-1258,-8016,-492
-1230,-7988,-564
-1190,-7884,-514
-1190,-7822,-566
-1162,-7840,-612
-1170,-7750,-614
-1166,-7734,-600
-1192,-7754,-622
-1134,-7738,-590
-1172,-7818,-586
-1162,-7830,-594
-1232,-7862,-540
-1234,-7890,-580
-1258,-7936,-602
-1246,-8050,-562
-1230,-8048,-574
-1280,-8120,-504
-1320,-8224,-480
-1372,-8270,-412
-1336,-8262,-348
-1372,-8328,-314
-1396,-8338,-302
-1390,-8414,-334
-1408,-8356,-350
-1410,-8332,-398
-1410,-8406,-396
-1448,-8376,-382
-1452,-8366,-410
-1430,-8330,-414
-1424,-8298,-344
-1418,-8252,-404
-1390,-8270,-354
-1415,-8135,-317
-1437,-8077,-399
-1429,-8059,-311
-1397,-8065,-293
-1397,-7959,-295
-1429,-7955,-277
-1397,-7897,-273
-1407,-7881,-209
-1427,-7879,-191
-1389,-7897,-227
-1379,-7923,-203
-1407,-7939,-199
-1427,-8007,-291
-1381,-8001,-309
-1357,-8072,-296
-1378,-8056,-371
-1358,-8201,-290
-1389,-8272,-399
-1373,-8284,-437
-1345,-8324,-439
-1377,-8362,-471
-1345,-8414,-501
-1355,-8416,-543
-1369,-8388,-545
-1343,-8390,-593
-1363,-8364,-473
-1315,-8364,-567
-1345,-8358,-507
-1271,-8306,-503
-1273,-8243,-470
-1246,-8159,-541
-1259,-8164,-466
-1237,-8063,-503
-1237,-8065,-523
-1243,-7991,-513
-1223,-7893,-535
-1185,-7893,-495
-1161,-7849,-547
-1195,-7871,-565
-1135,-7769,-609
-1161,-7817,-595
-1167,-7769,-601
-1217,-7845,-627
-1173,-7831,-589
-1187,-7825,-515
-1221,-7827,-533
-1237,-7935,-563
-1225,-7925,-545
-1248,-7995,-514
-1262,-8021,-482
-1260,-8059,-530
-1294,-8137,-472
-1334,-8165,-422
-1324,-8221,-402
-1356,-8219,-356
-1388,-8221,-346
-1358,-8289,-334
-1364,-8291,-340
-1382,-8305,-356
-1372,-8245,-378
-1404,-8281,-386
-1400,-8251,-378
-1414,-8241,-382
-1416,-8253,-400
-1408,-8225,-404
-1446,-8173,-388
-1376,-8083,-318
-1426,-8127,-332
-1402,-8113,-288
-1384,-8079,-286
-1404,-7983,-256
-1420,-7967,-230
-1378,-7971,-224
-1368,-7953,-226
-1390,-7959,-248
-1394,-7939,-280
-1344,-7905,-218
-1436,-7961,-242
-1420,-8021,-264
-1430,-7977,-332
-1400,-8075,-340
-1380,-8125,-314
-1358,-8133,-324
-1410,-8163,-400
-1368,-8209,-380
-1336,-8239,-434
-1330,-8243,-400
-1344,-8289,-482
-1322,-8221,-468
-1312,-8277,-524
-1332,-8277,-536
-1342,-8249,-510
-1290,-8287,-558
-1304,-8231,-534
-1300,-8255,-532
-1246,-8153,-520
-1274,-8157,-468
-1260,-8157,-508
-1240,-8081,-506
-1222,-7985,-496
-1176,-7985,-476
-1242,-7989,-468
-1216,-7897,-524
-1188,-7849,-486
-1206,-7861,-514
-1150,-7903,-552
-1196,-7855,-566
-1166,-7871,-554
-1210,-7847,-554
-1156,-7861,-552
-1178,-7927,-586
-1224,-7929,-558
-1184,-7873,-564
-1234,-7935,-526
-1312,-7981,-532
-1318,-8037,-512
-1288,-8025,-464
-1264,-8095,-444
-1290,-8115,-414
-1298,-8165,-372
-1344,-8225,-346
-1342,-8237,-372
-1372,-8177,-366
-1352,-8275,-350
-1332,-8217,-414
-1356,-8287,-420
-1350,-8301,-388
-1370,-8207,-398
-1364,-8167,-394
-1352,-8153,-378
-1390,-8161,-368
-1434,-8153,-352
-1388,-8107,-354
-1380,-8045,-316
-1396,-8065,-312
-1442,-8009,-326
-1400,-8045,-312
-1370,-7991,-308
-1368,-7971,-236
-1368,-7971,-258
-1370,-7959,-248
-1448,-7955,-258
-1408,-7983,-274
-1370,-7967,-336
-1330,-7955,-358
-1366,-8003,-314
-1418,-8079,-334
-1424,-8139,-374
-1398,-8129,-400
-1344,-8141,-384
-1292,-8133,-378
-1392,-8169,-388
-1358,-8243,-460
-1370,-8193,-490
-1312,-8255,-526
-1272,-8197,-484
-1302,-8225,-490
-1324,-8199,-488
-1272,-8203,-528
-1318,-8217,-576
-1296,-8137,-546
-1280,-8159,-514
-1250,-8103,-516
-1286,-8047,-468
-1284,-8065,-510
-1248,-8069,-514
-1218,-7975,-502
-1224,-7917,-460
-1260,-7939,-480
-1206,-7927,-534
-1188,-7883,-494
-1226,-7883,-516
-1186,-7861,-532
-1214,-7875,-508
-1186,-7879,-564
-1216,-7903,-532
-1214,-7893,-476
-1180,-7921,-544
-1234,-7925,-514
-1204,-7935,-520
-1260,-8015,-516
-1270,-8027,-522
-1322,-8035,-444
-1302,-8079,-436
-1294,-8119,-390
-1316,-8135,-392
-1262,-8177,-406
-1362,-8161,-406
-1342,-8157,-356
-1410,-8193,-332
-1372,-8203,-394
-1394,-8233,-346
-1372,-8179,-358
-1374,-8173,-326
-1392,-8123,-364
-1368,-8135,-426
-1320,-8129,-336
-1360,-8127,-400
-1364,-8157,-408
-1384,-8053,-426
-1402,-8071,-400
-1390,-8129,-344
-1426,-8055,-310
-1406,-8003,-284
-1390,-8033,-254
-1402,-7985,-254
-1360,-8003,-266
-1384,-7993,-258
-1366,-7961,-270
-1352,-7997,-302
-1384,-7939,-356
-1344,-8037,-310
-1402,-8047,-356
-1388,-8117,-430
-1390,-8119,-410
-1358,-8079,-440
-1330,-8137,-446
-1370,-8147,-508
-1326,-8199,-520
-1324,-8153,-502
-1326,-8145,-484
-1326,-8155,-470
-1272,-8173,-478
-1298,-8131,-468
-1270,-8161,-454
-1308,-8173,-482
-1298,-8101,-468
-1302,-8143,-520
-1306,-8113,-522
-1258,-8109,-518
-1260,-8061,-548
-1274,-8045,-516
-1246,-8009,-510
-1208,-7955,-474
-1246,-7919,-552
-1224,-7921,-538
-1236,-7947,-504
-1210,-7869,-518
-1198,-7875,-484
-1202,-7929,-472
-1194,-7925,-500
-1244,-7999,-504
-1224,-7959,-520
-1278,-7973,-502
-1236,-8011,-532
-1240,-7983,-518
-1202,-7977,-446
-1276,-8059,-474
-1282,-8061,-450
-1270,-8067,-422
-1316,-8059,-392
-1282,-8091,-386
-1344,-8129,-408
-1360,-8119,-454
-1340,-8113,-412
-1358,-8141,-362
-1360,-8167,-320
-1386,-8189,-396
-1360,-8129,-380
-1334,-8117,-328
-1346,-8123,-288
-1430,-8143,-378
-1396,-8153,-378
-1378,-8111,-364
-1364,-7985,-332
-1360,-8039,-272
-1394,-8047,-344
-1394,-8009,-356
-1416,-8041,-332
-1378,-8043,-388
-1404,-7999,-350
-1408,-8033,-320
-1442,-8023,-338
-1468,-7995,-348
-1404,-7963,-296
-1350,-7991,-350
-1394,-8051,-296
-1410,-8077,-350
-1366,-8073,-340
-1304,-8023,-324
-1382,-8061,-412
-1408,-8101,-418
-1330,-8169,-462
-1410,-8187,-490
-1316,-8159,-454
-1280,-8123,-444
-1320,-8137,-424
-1346,-8115,-412
-1340,-8141,-512
-1272,-8147,-540
-1258,-8117,-514
-1236,-8067,-452
-1278,-8107,-480
-1296,-8089,-512
-1320,-8107,-530
-1258,-8023,-520
-1242,-8039,-492
-1212,-7931,-488
-1282,-8011,-472
-1272,-8019,-546
-1224,-7943,-466
-1210,-7911,-450
-1224,-7865,-452
-1178,-7911,-462
-1208,-7925,-464
-1264,-7935,-476
-1196,-7865,-494
-1256,-7893,-506
-1276,-8051,-548
-1246,-8045,-568
-1268,-7951,-550
-1244,-7999,-532
-1292,-7989,-524
-1274,-7999,-454
-1324,-8067,-438
-1298,-8015,-382
-1296,-8099,-362
-1306,-8095,-330
-1290,-8105,-352
-1330,-8051,-426
-1298,-8123,-370
-1360,-8127,-356
-1356,-8097,-412
-1380,-8119,-392
-1386,-8163,-402
-1382,-8099,-432
-1370,-8079,-358
-1336,-8081,-366
-1352,-8109,-352
-1388,-8025,-344
-1370,-8043,-354
-1338,-8015,-330
-1392,-8053,-346
-1348,-8001,-352
-1362,-8009,-306
-1364,-7979,-286
-1404,-8021,-294
-1372,-8053,-332
-1386,-7987,-330
-1430,-8037,-320
-1390,-8009,-296
-1424,-8049,-336
-1396,-8027,-328
-1336,-7993,-328
-1372,-8077,-344
-1392,-8085,-418
-1372,-8113,-456
-1368,-8089,-398
-1324,-8047,-442
-1306,-8135,-462
-1328,-8139,-482
-1350,-8149,-502
-1262,-8111,-498
-1332,-8101,-436
-1282,-8071,-496
-1344,-8073,-460
-1298,-8075,-464
-1248,-8047,-496
-1208,-8025,-454
-1274,-8011,-422
-1290,-8087,-492
-1330,-8039,-458
-1252,-8003,-482
-1222,-7943,-478
-1276,-7967,-462
-1266,-7921,-536
-1258,-7981,-524
-1268,-7953,-542
-1172,-7917,-506
-1208,-7985,-480
-1272,-7953,-518
-1232,-7969,-520
-1224,-7985,-472
-1210,-7921,-446
-1240,-7993,-472
-1248,-8015,-454
-1298,-8075,-432
-1236,-8009,-414
-1268,-7989,-396
-1234,-8005,-432
-1312,-8033,-428
-1300,-8081,-438
-1278,-8063,-456
-1282,-8041,-386
-1290,-8027,-362
-1350,-8065,-378
-1346,-8077,-404
-1332,-8081,-396
-1286,-8053,-368
-1372,-8051,-362
-1392,-8109,-382
-1348,-8091,-362
-1368,-8069,-358
-1310,-8093,-358
-1324,-8067,-332
-1358,-8041,-272
-1358,-8071,-312
-1360,-8055,-364
-1380,-8025,-394
-1358,-8055,-342
-1382,-7993,-324
-1404,-8033,-346
-1362,-8017,-326
-1310,-7977,-318
-1382,-7975,-324
-1396,-8037,-346
-1386,-7987,-410
-1368,-8035,-358
-1372,-8013,-324
-1336,-8001,-380
-1372,-8043,-390
-1396,-8111,-360
-1324,-8077,-376
-1306,-8041,-390
-1310,-8049,-434
-1378,-8109,-418
-1364,-8129,-508
-1374,-8083,-468
-1350,-8045,-452
-1292,-8129,-528
-1312,-8127,-482
-1330,-8023,-524
-1256,-8073,-546
-1334,-8065,-476
-1298,-8055,-484
-1306,-8083,-494
-1326,-7999,-530
-1238,-7979,-434
-1316,-8001,-418
-1256,-7969,-470
-1260,-7979,-450
-1234,-7929,-472
-1228,-8029,-456
-1262,-7997,-504
-1292,-7977,-494
-1246,-8015,-528
-1250,-7949,-502
-1226,-7981,-532
-1210,-7923,-466
-1220,-7965,-522
-1258,-8065,-498
-1294,-8029,-498
-1244,-8013,-454
-1292,-7997,-442
-1266,-8053,-446
-1348,-8069,-410
-1346,-8067,-392
-1278,-8029,-370
-1268,-8043,-330
-1308,-8041,-398
-1292,-8059,-360
-1340,-8099,-400
-1312,-8049,-384
-1292,-8051,-372
-1284,-8065,-420
-1350,-8077,-382
-1386,-8083,-388
-1310,-8039,-400
-1346,-8051,-404
-1366,-8049,-350
-1372,-8065,-374
-1384,-8081,-370
-1346,-8023,-346
-1342,-8021,-314
-1394,-8029,-254
-1378,-8005,-330
-1420,-8015,-306
-1352,-8021,-308
-1330,-7951,-322
-1388,-8015,-330
-1394,-8041,-370
-1356,-8067,-310
-1386,-8047,-356
-1364,-8055,-418
-1354,-8025,-424
-1372,-8129,-372
-1354,-8029,-454
-1334,-8077,-440
-1340,-8043,-440
-1372,-8109,-444
-1322,-8065,-420
-1330,-8095,-448
-1384,-8087,-440
-1354,-8057,-444
-1318,-8037,-470
-1310,-8103,-454
-1276,-8037,-476
-1284,-8085,-444
-1294,-8029,-420
-1288,-8011,-494
-1248,-8023,-482
-1268,-8017,-494
-1294,-8025,-490
-1268,-8001,-518
-1246,-8003,-516
-1218,-8011,-482
-1276,-7947,-446
-1260,-7997,-504
-1298,-7971,-510
-1314,-7995,-486
-1248,-7975,-440
-1280,-7967,-494
-1276,-7963,-454
-1254,-7951,-450
-1244,-8017,-446
-1280,-7975,-410
-1240,-7993,-476
-1312,-8011,-452
-1274,-7977,-422
-1272,-7989,-454
-1268,-7943,-386
-1342,-8035,-390
-1324,-8071,-400
-1292,-8093,-388
-1308,-8005,-368
-1306,-8001,-356
-1374,-8041,-326
-1348,-8085,-316
-1370,-8031,-400
-1330,-7991,-324
-1310,-8081,-354
-1370,-8075,-346
-1362,-8081,-398
-1354,-8081,-342
-1314,-8009,-366
-1328,-8045,-362
-1378,-8005,-366
-1352,-8083,-408
-1388,-8051,-404
-1326,-8009,-362
-1404,-7987,-304
-1392,-8071,-326
-1366,-8047,-342
-1354,-8033,-332
-1364,-7969,-338
-1316,-8017,-330
-1374,-8039,-320
-1352,-8083,-370
-1388,-8043,-400
-1364,-8029,-360
-1364,-8033,-348
-1394,-8037,-402
-1304,-8057,-456
-1336,-8073,-470
-1322,-8041,-406
-1342,-8021,-458
-1352,-8067,-462
-1356,-8087,-458
-1362,-8083,-492
-1318,-7985,-468
-1244,-8009,-504
-1366,-8033,-478
-1364,-8085,-440
-1298,-7979,-458
-1314,-7977,-454
-1280,-7991,-466
-1320,-7975,-472
-1276,-8043,-496
-1302,-7973,-516
-1250,-8005,-468
-1258,-7949,-472
-1260,-8001,-492
-1276,-7993,-502
-1264,-7975,-552
-1290,-7971,-492
-1272,-7957,-496
-1276,-7985,-462
-1274,-8003,-520
-1254,-8005,-452
-1264,-8059,-500
-1254,-7973,-444
-1336,-7979,-446
-1282,-8005,-410
-1288,-7979,-490
-1252,-8055,-430
-1322,-8011,-432
-1340,-7985,-412
-1296,-8043,-408
-1304,-8041,-358
-1340,-8007,-380
-1294,-8021,-370
-1314,-8033,-388
-1282,-8021,-406
-1362,-8037,-400
-1326,-8059,-352
-1316,-7965,-360
-1370,-8003,-350
-1332,-8057,-354
-1330,-8023,-360
-1352,-8033,-348
-1358,-8075,-368
-1358,-7995,-388
-1334,-8035,-338
-1348,-8049,-332
-1372,-8025,-392
-1360,-8025,-338
-1398,-8003,-344
-1324,-7999,-398
-1384,-8025,-378
-1388,-8085,-414
-1340,-8025,-392
-1338,-8013,-358
-1334,-8063,-396
-1368,-8061,-390
-1338,-8059,-380
-1342,-8025,-388
-1340,-8035,-436
-1364,-8087,-438
-1378,-8085,-422
-1364,-8065,-426
-1288,-8013,-434
-1308,-8051,-386
-1346,-8025,-394
-1326,-8095,-478
-1332,-8057,-472
-1314,-8031,-472
-1310,-8085,-478
-1294,-8037,-494
-1310,-8011,-502
-1258,-7951,-416
-1222,-7995,-420
-1278,-7935,-466
-1326,-8061,-536
-1256,-7971,-492
-1292,-7979,-460
-1314,-8003,-474
-1356,-8061,-516
-1340,-8001,-474
-1280,-8059,-430
-1320,-8007,-464
-1312,-8009,-442
-1248,-8001,-410
-1226,-7903,-378
-1234,-7945,-384
-1228,-7959,-482
-1304,-7977,-494
-1272,-7997,-478
-1308,-8063,-514
-1286,-8111,-508
-1328,-8073,-518
-1290,-8031,-468
-1302,-8003,-366
-1286,-8007,-340
-1384,-8053,-370
-1262,-8031,-346
-1290,-8027,-294
-1296,-7955,-314
-1292,-7991,-274
-1296,-7959,-294
-1242,-8021,-354
-1328,-8033,-386
-1366,-8023,-420
-1342,-8039,-406
-1338,-8059,-426
-1358,-8017,-394
-1362,-8039,-396
-1334,-8029,-400
-1310,-7949,-390
-1344,-7957,-354
-1320,-7985,-294
-1328,-8027,-320
-1346,-7965,-338
-1366,-8055,-280
-1304,-8049,-284
-1370,-8015,-378
-1406,-8051,-346
-1378,-8051,-432
-1370,-8019,-440
-1406,-8047,-442
-1342,-8071,-420
-1356,-8037,-406
-1332,-8059,-384
-1322,-8019,-402
-1298,-8007,-434
-1280,-8033,-490
-1334,-7995,-432
-1378,-8041,-480
-1322,-8021,-456
-1340,-8015,-454
-1348,-8063,-426
-1352,-8015,-416
-1318,-8053,-426
-1320,-8053,-456
-1298,-7971,-470
-1308,-8009,-464
-1292,-8017,-424
-1306,-8003,-460
-1276,-7987,-460
-1250,-7987,-450
-1302,-7971,-476
-1238,-8005,-466
-1318,-8021,-516
-1298,-8049,-496
-1282,-8075,-516
-1316,-7983,-546
-1290,-8045,-440
-1290,-8009,-436
-1318,-8013,-448
-1268,-7947,-418
-1262,-7957,-406
-1270,-7999,-418
-1308,-8025,-406
-1304,-8021,-426
-1270,-7997,-406
-1322,-8087,-394
-1362,-8055,-404
-1296,-8017,-388
-1294,-7967,-396
-1326,-8015,-354
-1304,-8015,-374
-1332,-8049,-440
-1326,-8049,-406
-1356,-7929,-354
-1338,-7979,-350
-1318,-8091,-404
-1218,-7955,-462
-1320,-7933,-334
-1438,-8041,-326
-1398,-8087,-426
-1382,-8115,-454
-1370,-8047,-378
-1406,-8041,-280
-1352,-8051,-332
-1374,-8051,-322
-1294,-7961,-270
-1302,-7975,-222
-1216,-7951,-330
-1308,-8003,-404
-1360,-8025,-366
-1342,-8041,-444
-1364,-8069,-432
-1356,-8019,-472
-1416,-8045,-428
-1334,-8027,-388
-1340,-8057,-412
-1364,-8073,-458
-1376,-8015,-406
-1334,-7985,-362
-1370,-7969,-316
-1290,-7997,-348
-1364,-8007,-380
-1318,-8013,-350
-1286,-8007,-448
-1276,-8017,-484
-1296,-8021,-500
-1400,-8069,-526
-1336,-8047,-596
-1300,-7991,-520
-1322,-7981,-442
-1338,-7993,-426
-1322,-8023,-438
-1274,-8017,-482
-1256,-7945,-432
-1270,-7961,-382
-1274,-7989,-404
-1358,-8021,-452
-1346,-8063,-398
-1258,-8009,-418
-1208,-7969,-438
-1304,-8025,-464
-1306,-8031,-480
-1310,-8025,-444
-1304,-8029,-534
-1270,-8037,-426
-1274,-7951,-446
-1284,-7959,-454
-1280,-8007,-424
-1270,-7949,-432
-1292,-7995,-394
-1304,-8053,-412
-1278,-8007,-430
-1346,-7989,-382
-1224,-8017,-400
-1308,-8057,-354
-1454,-8107,-382
-1278,-7969,-420
-1328,-7993,-348
-1322,-7989,-332
-1338,-7987,-360
-1300,-7991,-382
-1326,-8031,-396
-1326,-7987,-364
-1296,-7999,-354
-1310,-8045,-450
-1334,-8055,-430
-1352,-8031,-406
-1384,-8023,-356
-1326,-8025,-346
-1306,-8033,-360
-1286,-7985,-352
-1304,-7949,-332
-1316,-8003,-296
-1336,-7985,-352
-1352,-8025,-334
-1296,-7985,-392
-1302,-8045,-382
-1360,-8047,-410
-1388,-8095,-484
-1326,-8053,-450
-1322,-8013,-428
-1324,-7997,-430
-1348,-8047,-442
-1350,-8039,-432
-1296,-8051,-428
-1308,-7981,-382
-1292,-7981,-364
-1298,-7981,-412
-1356,-8017,-436
-1366,-8047,-440
-1318,-8013,-426
-1276,-8013,-522
-1288,-8019,-480
-1320,-8013,-488
-1320,-8065,-478
-1330,-8009,-484
-1276,-7987,-492
-1282,-7965,-444
-1306,-7999,-414
-1298,-8005,-498
-1314,-7973,-466
-1320,-7991,-416
-1330,-8003,-442
-1292,-7999,-444
-1278,-8011,-458
-1340,-8023,-430
-1336,-8081,-452
-1342,-8015,-418
-1254,-7977,-364
-1334,-8029,-424
-1306,-8047,-416
-1342,-8015,-446
-1284,-7999,-404
-1306,-7983,-362
-1324,-8025,-402
-1322,-7979,-452
-1362,-8041,-414
-1298,-8063,-412
-1278,-8013,-422
-1274,-8047,-408
-1352,-8123,-430
-1382,-8073,-384
-1340,-8027,-354
-1302,-7985,-304
-1312,-7969,-286
-1314,-7995,-328
-1346,-8045,-366
-1336,-8017,-440
-1332,-7963,-312
-1320,-8001,-354
-1348,-8025,-424
-1380,-8071,-412
-1354,-8019,-378
-1334,-7991,-364
-1326,-8039,-388
-1302,-8009,-400
-1318,-8013,-438
-1352,-8021,-364
-1300,-8051,-382
-1344,-8005,-376
-1328,-8025,-336
-1384,-8047,-402
-1328,-8105,-394
-1360,-8037,-390
-1352,-8007,-440
-1298,-8033,-436
-1292,-8041,-448
-1344,-8079,-450
-1350,-8065,-428
-1268,-8011,-434
-1292,-7983,-460
-1310,-8041,-438
-1304,-8011,-496
-1314,-8031,-444
-1290,-7991,-428
-1276,-7971,-426
-1302,-7973,-456
-1344,-8047,-418
-1292,-7989,-430
-1330,-8015,-468
-1296,-7991,-442
-1306,-7979,-440
-1306,-7971,-458
-1330,-7985,-478
-1306,-7999,-426
-1338,-8055,-438
-1264,-8001,-466
-1358,-8011,-454
-1302,-8001,-446
-1302,-8009,-460
-1284,-7999,-442
-1288,-8053,-420
-1320,-7953,-458
-1296,-8057,-420
-1290,-8069,-402
-1306,-8065,-362
-1272,-8001,-384
-1296,-7997,-406
-1306,-8019,-406
-1314,-7987,-354
-1350,-8011,-380
-1366,-8067,-394
-1292,-8037,-442
-1264,-8033,-410
-1344,-7983,-406
-1288,-8027,-364
-1296,-8007,-404
-1298,-7981,-408
-1334,-7983,-386
-1356,-7997,-382
-1296,-8013,-390
-1266,-7973,-366
-1330,-7999,-378
-1380,-8015,-400
-1300,-8041,-364
-1320,-7989,-346
-1300,-7977,-360
-1322,-8007,-396
-1300,-8019,-376
-1392,-8025,-344
-1292,-8053,-330
-1322,-8025,-350
-1308,-7959,-370
-1276,-8011,-372
-1350,-8009,-338
-1290,-7997,-406
-1306,-7989,-414
-1318,-8041,-446
-1336,-8029,-474
-1340,-8031,-456
-1328,-8031,-438
-1310,-7995,-380
-1326,-8035,-396
-1372,-7993,-460
-1370,-7995,-432
-1378,-7945,-486
-1244,-7997,-456
-1306,-7997,-376
-1334,-8013,-418
-1274,-7999,-466
-1290,-7997,-408
-1320,-8009,-388
-1326,-8069,-446
-1342,-8025,-502
-1272,-8015,-480
-1282,-7971,-446
-1330,-8023,-458
-1268,-7979,-494
-1314,-7955,-422
-1294,-7935,-434
-1266,-7995,-424
-1316,-7925,-474
-1316,-8007,-450
-1312,-8071,-450
-1332,-8011,-412
-1318,-8053,-448
-1370,-7967,-402
-1284,-8029,-442
-1332,-8037,-476
-1344,-8005,-442
-1320,-8005,-418
-1322,-7999,-378
-1320,-8033,-422
-1312,-8007,-410
-1396,-8021,-372
-1342,-7989,-388
-1374,-8015,-422
-1356,-8055,-432
-1380,-8013,-406
-1314,-8013,-392
-1294,-8019,-380
-1278,-7995,-346
-1366,-8029,-408
-1370,-8013,-338
-1336,-7999,-358
-1312,-8005,-304
-1352,-8001,-356
-1368,-8021,-394
-1298,-8067,-438
-1314,-7965,-382
-1272,-8011,-356
-1338,-8019,-388
-1332,-8015,-414
-1300,-8033,-404
-1274,-7949,-382
-1278,-7937,-368
-1358,-8005,-410
-1290,-8037,-412
-1322,-8035,-372
-1280,-7991,-366
-1318,-8021,-390
-1296,-8063,-458
-1378,-8033,-410
-1322,-8007,-390
-1288,-8019,-456
-1308,-8025,-430
-1336,-8005,-422
-1310,-8059,-402
-1326,-7987,-398
-1302,-7987,-436
-1318,-8035,-434
-1252,-8079,-422
-1278,-8017,-466
-1254,-7943,-394
-1268,-7987,-380
-1256,-7999,-474
-1300,-8003,-506
-1352,-8003,-474
-1346,-8067,-434
-1296,-8019,-466
-1372,-8043,-466
-1336,-8085,-458
-1360,-8033,-412
-1326,-8053,-418
-1306,-7991,-418
-1310,-8025,-384
-1340,-7993,-418
-1334,-7995,-428
-1306,-7971,-414
-1324,-7989,-432
-1314,-8031,-488
-1314,-7973,-478
-1376,-8013,-494
-1332,-8037,-486
-1324,-8015,-474
-1346,-8043,-446
-1328,-8029,-422
-1364,-8023,-342
-1368,-8025,-332
-1338,-8019,-354
-1304,-8023,-302
-1314,-7983,-342
-1334,-7979,-376
-1340,-8017,-406
-1338,-8009,-434
-1322,-8033,-380
-1334,-8029,-398
-1288,-8001,-390
-1318,-7989,-394
-1332,-8039,-430
-1326,-7975,-498
-1306,-8003,-390
-1342,-8007,-310
-1314,-7951,-344
-1292,-8013,-384
-1318,-8017,-348
-1290,-8037,-342
-1370,-8031,-402
-1288,-8023,-366
-1320,-7999,-362
-1314,-8053,-338
-1326,-8041,-368
-1330,-8019,-392
-1316,-7997,-418
-1324,-7997,-376
-1262,-8011,-440
-1258,-8019,-470
-1312,-8085,-416
-1296,-7993,-460
-1306,-8015,-476
-1310,-7995,-468
-1340,-8009,-398
-1270,-8045,-398
-1336,-8033,-412
-1362,-8043,-418
-1316,-8015,-430
-1286,-8001,-418
-1330,-8021,-442
-1310,-8005,-370
-1292,-7995,-412
-1312,-8033,-446
-1378,-8013,-470
-1338,-8043,-446
-1228,-7973,-482
-1278,-7985,-484
-1330,-7999,-470
-1344,-8003,-478
-1350,-7993,-472
-1276,-7979,-408
-1284,-7927,-402
-1316,-8003,-380
-1330,-8043,-402
-1354,-8031,-422
-1332,-7973,-410
-1322,-7991,-452
-1332,-8015,-402
-1300,-8083,-412
-1354,-8077,-388
-1356,-8007,-380
-1330,-7979,-368
-1304,-7983,-418
-1326,-8011,-400
-1348,-8023,-368
-1354,-8049,-428
-1358,-8051,-420
-1376,-8007,-430
-1266,-7983,-364
-1340,-7993,-388
-1388,-8041,-390
-1322,-8043,-370
-1348,-8053,-354
-1296,-8019,-358
-1358,-7983,-358
-1338,-8007,-364
-1354,-8033,-404
-1354,-7963,-392
-1332,-7945,-384
-1316,-7959,-410
-1360,-8045,-388
-1318,-8049,-376
-1314,-8009,-394
-1318,-8039,-376
-1346,-7969,-412
-1332,-8063,-424
-1296,-8007,-406
-1324,-7995,-366
-1290,-7989,-346
-1306,-7977,-382
-1304,-8031,-410
-1308,-8037,-428
-1316,-7991,-414
-1348,-7993,-398
-1272,-7975,-382
-1236,-7999,-476
-1326,-8055,-450
-1294,-8033,-416
-1270,-8009,-420
-1252,-8039,-460
-1296,-7989,-412
-1298,-8017,-444
-1290,-7977,-390
-1290,-7983,-426
-1348,-7979,-436
-1314,-8065,-434
-1334,-8021,-460
-1296,-7951,-406
-1344,-7995,-420
-1310,-7999,-412
-1294,-8039,-474
-1328,-8051,-500
-1276,-7987,-440
-1268,-7975,-460
-1340,-8031,-466
-1318,-7989,-446
-1308,-7969,-424
-1334,-8021,-402
-1324,-8049,-384
-1284,-8031,-458
-1390,-8025,-414
-1332,-8049,-400
-1304,-8011,-374
-1380,-7981,-386
-1398,-8061,-362
-1332,-8013,-402
-1330,-8009,-410
-1322,-8011,-412
-1356,-8027,-408
-1310,-8065,-396
-1372,-8007,-468
-1326,-7991,-410
-1314,-8007,-404
-1320,-8037,-442
-1312,-8005,-406
-1318,-8057,-408
-1300,-8029,-410
-1300,-8023,-360
-1360,-8053,-330
-1366,-8023,-346
-1288,-8027,-376
-1302,-8015,-376
-1348,-8037,-370
-1342,-8029,-396
-1304,-8031,-408
-1304,-8017,-388
-1302,-8009,-418
-1308,-8057,-400
-1288,-8011,-406
-1332,-8015,-394
-1294,-7977,-416
-1288,-7997,-420
-1382,-8063,-436
-1338,-8013,-432
-1360,-8023,-430
-1346,-7975,-424
-1286,-7997,-382
-1286,-7995,-348
-1282,-7979,-358
-1324,-8031,-432
-1296,-8003,-398
-1294,-8013,-410
-1290,-7921,-496
-1324,-8027,-474
-1262,-8045,-480
-1320,-8077,-432
-1306,-8045,-488
-1274,-8017,-446
-1296,-7961,-466
-1284,-8015,-414
-1380,-8027,-480
-1350,-7991,-414
-1290,-7915,-400
-1268,-8039,-378
-1318,-8059,-374
-1364,-8091,-434
-1362,-8039,-436
-1274,-7991,-366
-1316,-8005,-424
-1320,-7975,-466
-1336,-8067,-494
-1314,-8049,-442
-1346,-7997,-464
-1290,-7991,-444
-1356,-8013,-438
-1358,-8035,-420
-1350,-8009,-412
-1312,-8001,-424
-1308,-7983,-376
-1248,-7999,-364
-1320,-8001,-398
-1386,-8013,-346
-1368,-8023,-410
-1318,-7951,-340
-1404,-8019,-416
-1328,-8027,-370
-1348,-8057,-386
-1290,-8041,-374
-1318,-7981,-336
-1266,-7961,-392
-1302,-8019,-378
-1366,-8005,-424
-1310,-8019,-398
-1366,-7987,-432
-1332,-8063,-408
-1264,-8051,-380
-1382,-8053,-414
-1390,-8033,-406
-1374,-7983,-422
-1286,-8033,-374
-1356,-8001,-316
-1352,-8033,-412
-1350,-8015,-426
-1330,-7959,-380
-1282,-7919,-396
-1288,-7985,-410
-1322,-8083,-474
-1360,-8041,-456
-1344,-8029,-424
-1276,-7971,-452
-1268,-7991,-414
-1334,-8001,-402
-1332,-8065,-432
-1304,-7985,-424
-1270,-7985,-452
-1286,-7973,-418
-1260,-8021,-440
-1334,-8041,-418
-1326,-7989,-392
-1356,-7993,-434
-1330,-8027,-398
-1298,-7977,-426
-1328,-8033,-412
-1342,-8001,-432
-1300,-7975,-464
-1320,-8043,-472
-1334,-8019,-408
-1272,-7987,-494
-1352,-8059,-442
-1316,-7973,-450
-1336,-7989,-420
-1296,-8025,-406
-1318,-8015,-460
-1302,-8013,-412
-1360,-8019,-418
-1354,-8003,-426
-1350,-8057,-404
-1376,-8017,-362
-1316,-8049,-402
-1400,-8025,-430
-1408,-8015,-398
-1300,-8039,-432
-1322,-8007,-456
-1406,-8027,-446
-1318,-8021,-428
-1356,-8035,-398
-1380,-7995,-386
-1330,-8005,-412
-1308,-8015,-382
-1394,-8005,-418
-1340,-8031,-420
-1358,-8011,-384
-1342,-7999,-384
-1338,-8007,-326
-1362,-8035,-418
-1334,-7987,-354
-1310,-8031,-396
-1362,-7969,-402
-1352,-8023,-416
-1324,-8053,-426
-1334,-8027,-460
-1300,-8007,-384
-1278,-7989,-398
-1372,-8063,-398
-1352,-8051,-394
-1340,-7999,-404
-1292,-7979,-412
-1310,-8017,-366
-1386,-8027,-416
-1332,-8053,-402
-1284,-7997,-412
-1310,-7971,-310
-1346,-7955,-414
-1318,-8027,-424
-1324,-8045,-482
-1326,-8011,-422
-1262,-8013,-428
-1278,-7975,-458
-1330,-8017,-420
-1308,-8007,-390
-1292,-8005,-438
-1278,-8001,-436
-1318,-7981,-434
-1292,-7985,-410
-1346,-8057,-472
-1292,-8035,-486
-1292,-7963,-408
-1288,-7983,-370
-1292,-7993,-456
-1360,-8009,-440
-1358,-8007,-422
-1286,-7997,-384
-1298,-8013,-376
-1316,-8025,-402
-1304,-7965,-436
-1348,-8015,-390
-1306,-8001,-420
-1348,-8031,-402
-1290,-7967,-452
-1332,-7997,-404
-1310,-8017,-476
-1332,-8041,-444
-1336,-8017,-412
-1354,-8051,-394
-1358,-8035,-438
-1326,-8055,-384
-1322,-8015,-370
-1364,-7977,-312
-1388,-8029,-436
-1352,-8011,-396
-1294,-8015,-414
-1304,-7999,-380
-1362,-7983,-396
-1384,-8045,-432
-1354,-8019,-414
-1322,-8003,-374
-1332,-7977,-402
-1350,-7971,-432
-1346,-8029,-392
-1344,-8029,-442
-1368,-8025,-376
-1352,-7979,-420
-1358,-8043,-362
-1372,-8059,-352
-1346,-8001,-340
-1336,-8053,-400
-1332,-8009,-374
-1346,-8039,-418
-1298,-8033,-428
-1314,-7925,-400
-1312,-8001,-402
-1272,-8019,-422
-1268,-8011,-414
-1302,-8059,-420
-1332,-8019,-454
-1324,-8011,-442
-1288,-7985,-476
-1314,-8059,-366
-1326,-7997,-388
-1322,-8055,-424
-1322,-8031,-412
-1308,-8011,-436
-1286,-7953,-330
-1276,-8009,-386
-1356,-8003,-372
-1274,-7997,-464
-1256,-7999,-402
-1278,-8001,-424
-1306,-8035,-436
-1276,-7977,-478
-1328,-8007,-462
-1304,-7969,-458
-1294,-8049,-418
-1248,-7965,-434
-1304,-7999,-388
-1348,-8017,-402
-1258,-8001,-416
-1300,-8003,-358
-1300,-7977,-372
-1296,-8025,-392
-1362,-8031,-360
-1360,-8011,-432
-1338,-7981,-396
-1292,-8033,-430
-1320,-8043,-444
-1340,-8035,-386
-1308,-8025,-364
-1368,-8003,-392
-1322,-8093,-426
-1368,-8009,-428
-1278,-7955,-432
-1306,-7971,-402
-1350,-8045,-394
-1320,-8017,-410
-1370,-8027,-398
-1346,-8001,-386
-1346,-7971,-420
-1352,-8001,-414
-1334,-8027,-398
-1404,-8047,-412
-1360,-8023,-400
-1332,-7975,-362
-1300,-8053,-392
-1324,-7971,-418
-1330,-7985,-450
-1280,-8011,-430
-1340,-8001,-406
-1334,-8025,-434
-1340,-7989,-430
-1352,-8027,-456
-1338,-8017,-346
-1326,-8033,-382
-1334,-7995,-390
-1314,-7985,-436
-1302,-7999,-418
-1328,-7991,-400
-1334,-8013,-402
-1274,-8005,-390
-1290,-8031,-408
-1318,-8003,-426
-1294,-8013,-462
-1352,-8051,-440
-1326,-8047,-448
-1328,-8017,-430
-1296,-8047,-436
-1296,-8061,-414
-1304,-7971,-408
-1314,-8023,-402
-1296,-8005,-404
-1312,-7989,-482
-1324,-8001,-414
-1294,-7987,-442
-1272,-7995,-410
-1282,-8045,-406
-1290,-8001,-462
-1310,-8037,-428
-1320,-8005,-436
-1360,-8005,-514
-1332,-7959,-448
-1318,-7991,-408
-1276,-8001,-404
-1292,-8009,-420
-1310,-8015,-388
-1308,-8027,-346
-1306,-8039,-370
-1336,-7989,-352
-1332,-8017,-446
-1312,-8047,-400
-1346,-7995,-422
-1368,-8013,-370
-1332,-7979,-412
-1286,-8005,-362
-1402,-8027,-394
-1296,-8015,-416
-1296,-7995,-378
-1294,-7997,-384
-1396,-8025,-426
-1290,-8053,-458
-1304,-8015,-396
-1332,-7947,-374
-1370,-7991,-400
-1270,-8025,-448
-1358,-8063,-390
-1362,-8061,-422
-1336,-7981,-418
-1354,-8015,-424
-1346,-8019,-370
-1326,-7999,-370
-1340,-7973,-382
-1356,-7977,-458
-1326,-7995,-384
-1372,-8007,-418
-1352,-8029,-476
-1312,-8037,-448
-1356,-8053,-380
-1300,-8025,-400
-1302,-8029,-416
-1320,-8005,-378
-1348,-7999,-406
-1290,-7995,-422
-1308,-7967,-396
-1340,-8047,-464
-1338,-8027,-434
-1352,-8073,-424
-1274,-7979,-398
-1302,-8025,-396
-1272,-8033,-446
-1390,-8021,-412
-1262,-8013,-440
-1290,-7987,-404
-1258,-8021,-372
-1320,-7975,-404
-1332,-8027,-466
-1284,-8051,-416
-1310,-7995,-406
-1254,-7981,-376
-1302,-7987,-430
-1306,-8033,-406
-1280,-7971,-418
-1300,-7971,-414
-1256,-8007,-426
-1292,-8011,-416
-1340,-8051,-420
-1334,-7989,-418
-1302,-7983,-434
-1302,-8001,-444
-1274,-7999,-448
-1286,-8007,-400
-1310,-8089,-408
-1304,-8001,-430
-1334,-8007,-354
-1364,-8023,-362
-1304,-8099,-392
-1322,-8041,-390
-1328,-8009,-424
-1288,-8023,-414
-1314,-8005,-384
-1340,-8027,-400
-1334,-8023,-388
-1326,-7991,-368
-1338,-7963,-434
-1350,-8023,-430
-1388,-8051,-412
-1332,-8043,-420
-1304,-8031,-368
-1306,-8025,-384
-1340,-8075,-410
-1376,-8007,-354
-1346,-8027,-366
-1314,-7989,-438
-1346,-8027,-348
-1352,-8009,-380
-1376,-8047,-422
-1356,-8009,-468
-1316,-7961,-456
-1270,-8007,-462
-1316,-8023,-458
-1342,-8013,-468
-1320,-8015,-430
-1352,-8039,-368
-1332,-8033,-454
-1296,-8047,-412
-1328,-7951,-394
-1310,-8001,-400
-1322,-8025,-416
-1344,-8061,-406
-1332,-8039,-384
-1326,-8029,-410
-1350,-7987,-396
-1346,-8067,-458
-1330,-8031,-458
-1274,-8023,-452
-1274,-8031,-444
-1298,-7979,-454
-1334,-8035,-442
-1320,-8009,-450
-1322,-8003,-442
-1282,-8011,-466
-1298,-8001,-446
-1292,-8029,-450
-1324,-8063,-386
-1328,-8043,-394
-1312,-7913,-370
-1290,-8015,-342
-1248,-7997,-396
-1332,-8051,-436
-1310,-8013,-416
-1292,-8013,-404
-1312,-7991,-406
-1318,-8033,-434
-1308,-8009,-422
-1330,-8005,-456
-1328,-7987,-424
-1272,-7971,-448
-1320,-7985,-378
-1314,-8041,-378
-1298,-8049,-354
-1324,-8003,-344
-1272,-7995,-322
-1326,-7983,-348
-1344,-8055,-382
-1312,-8027,-404
-1310,-8033,-404
-1290,-8025,-420
-1350,-8039,-424
-1330,-8071,-420
-1318,-8033,-408
-1320,-7999,-416
-1324,-7975,-404
-1342,-7983,-406
-1270,-8029,-394
-1318,-8005,-382
-1370,-8005,-336
-1328,-8019,-342
-1372,-8037,-422
-1344,-8069,-364
-1338,-8007,-348
-1366,-8005,-382
-1348,-8013,-420
-1370,-8017,-410
-1370,-8017,-400
-1298,-7989,-444
-1306,-8023,-432
-1328,-8083,-392
-1308,-8055,-490
-1296,-7987,-438
-1312,-8019,-436
-1346,-8009,-452
-1334,-7985,-450
-1318,-8009,-404
-1356,-8041,-428
-1344,-7999,-440
-1316,-8067,-398
-1322,-8025,-456
-1342,-7971,-442
-1352,-8029,-438
-1310,-8007,-452
-1296,-7965,-406
-1326,-7987,-392
-1338,-7977,-400
-1320,-8003,-390
-1316,-8015,-434
-1310,-8021,-454
-1316,-8061,-410
-1322,-8033,-458
-1306,-8011,-500
-1288,-8011,-412
-1294,-8009,-426
-1304,-7993,-384
-1284,-8017,-426
-1310,-8021,-394
-1276,-7991,-386
-1332,-8049,-358
-1324,-8011,-394
-1282,-7973,-404
-1294,-8029,-392
-1306,-8075,-422
-1276,-8025,-372
-1276,-7965,-388
-1358,-8045,-422
-1336,-8033,-432
-1340,-8023,-414
-1292,-8007,-416
-1328,-8019,-388
-1314,-7997,-402
-1324,-8035,-414
-1344,-7989,-420
-1352,-8007,-386
-1314,-8045,-404
-1380,-7991,-430
-1314,-8045,-436
-1326,-8061,-398
-1342,-8009,-390
-1318,-7987,-454
-1284,-7947,-398
-1356,-8021,-400
-1316,-7985,-386
-1320,-7997,-404
-1376,-8015,-416
-1332,-8007,-470
-1326,-8057,-418
-1344,-8039,-424
-1316,-7991,-380
-1324,-8053,-380
-1342,-8021,-356
-1368,-7971,-440
-1272,-7993,-358
-1356,-7997,-384
-1312,-8001,-400
-1326,-7979,-372
-1358,-8017,-380
-1350,-8047,-410
-1300,-7977,-416
-1286,-8033,-450
-1342,-8033,-426
-1344,-8045,-458
-1298,-8003,-484
-1264,-7959,-426
-1318,-8017,-390
-1332,-8035,-382
-1358,-8075,-356
-1310,-8019,-374
-1324,-8021,-418
-1266,-8001,-354
-1270,-8023,-416
-1376,-8033,-426
-1374,-8033,-432
-1302,-8035,-390
-1256,-8007,-410
-1312,-8027,-404
-1310,-8031,-462
-1358,-8009,-454
-1280,-8017,-424
-1284,-8003,-386
-1308,-7995,-380
-1398,-8059,-350
-1338,-8053,-370
-1286,-8025,-368
-1262,-7989,-356
-1364,-8033,-382
-1362,-8035,-390
-1312,-7989,-396
-1318,-7955,-400
-1286,-8021,-380
-1318,-7971,-396
-1338,-8045,-420
-1336,-7969,-384
-1308,-8043,-402
-1310,-7999,-412
-1308,-8051,-438
-1336,-8007,-396
-1350,-8017,-388
-1272,-8061,-354
-1320,-8005,-348
-1308,-8041,-420
-1340,-8029,-362
-1282,-8015,-386
-1326,-8011,-382
-1324,-7991,-412
-1348,-8013,-406
-1322,-8031,-382
-1322,-7981,-436
-1330,-8003,-418
-1292,-8015,-400
-1364,-7987,-432
-1342,-8039,-440
-1358,-8015,-410
-1352,-8049,-460
-1334,-8019,-380
-1318,-7993,-384
-1336,-8003,-434
-1366,-8053,-376
-1334,-8075,-410
-1336,-7999,-442
-1386,-8019,-430
-1284,-8019,-426
-1354,-8037,-452
-1296,-8027,-382
-1314,-8009,-412
-1302,-8029,-452
-1308,-8005,-474
-1314,-8039,-446
-1322,-8035,-464
-1332,-8007,-436
-1334,-7949,-440
-1376,-8035,-398
-1300,-8001,-430
-1318,-7985,-418
-1314,-7975,-432
-1312,-7987,-422
-1310,-7973,-374
-1354,-8045,-396
-1370,-8021,-426
-1298,-7961,-402
-1326,-8039,-402
-1326,-8013,-464
-1342,-8019,-464
-1300,-8005,-438
-1296,-7985,-452
-1316,-8051,-376
-1312,-7971,-408
-1290,-8019,-360
-1266,-7997,-368
-1264,-8005,-324
-1316,-8009,-366
-1352,-8025,-408
-1392,-7939,-414
-1268,-8017,-446
-1312,-7989,-394
-1312,-8007,-364
-1322,-8041,-408
-1340,-8013,-380
-1300,-8005,-424
-1282,-8019,-434
-1322,-7977,-422
-1332,-7939,-382
-1304,-8031,-358
-1356,-8043,-406
-1306,-7999,-370
-1286,-8035,-340
-1366,-8055,-376
-1342,-7991,-386
-1362,-8015,-430
-1310,-8025,-404
-1358,-8039,-412
-1322,-8045,-420
-1338,-7995,-444
-1326,-7969,-418
-1342,-7983,-398
-1298,-7979,-428
-1272,-8041,-422
-1314,-7993,-424
-1270,-7983,-470
-1336,-8013,-450
-1356,-8069,-432
-1330,-8055,-408
-1298,-8019,-428
-1306,-7965,-428
-1308,-8043,-404
-1302,-7979,-426
-1332,-8031,-424
-1310,-8013,-390
-1292,-7955,-392
-1350,-8023,-410
-1362,-8057,-440
-1268,-8001,-428
-1310,-7989,-436
-1294,-8003,-452
-1366,-7975,-506
-1364,-8065,-474
-1324,-8013,-452
-1346,-7985,-422
-1318,-8005,-424
-1346,-8013,-452
-1320,-7993,-404
-1320,-7997,-352
-1328,-7973,-384
-1310,-7955,-426
-1302,-8047,-428
-1342,-8061,-414
-1264,-8019,-404
-1326,-8027,-468
-1316,-8007,-398
-1354,-8049,-436
-1322,-7971,-444
-1320,-7977,-408
-1312,-7987,-394
-1312,-8045,-414
-1370,-8031,-414
-1324,-8039,-426
-1258,-7939,-358
-1274,-7987,-394
-1308,-8007,-394
-1364,-8023,-352
-1314,-8053,-400
-1302,-7981,-392
-1278,-8053,-414
-1366,-7987,-442
-1318,-8005,-414
-1312,-7993,-412
-1252,-7963,-386
-1304,-7971,-380
-1346,-8025,-430
-1322,-8047,-364
-1296,-8003,-416
-1284,-7991,-444
-1326,-8021,-374
-1278,-8045,-432
-1360,-8021,-456
-1366,-7963,-382
-1326,-7973,-416
-1340,-7989,-414
-1316,-8053,-402
-1350,-8043,-406
-1320,-8009,-386
-1342,-8033,-370
-1306,-7981,-440
-1336,-7917,-376
-1320,-8021,-428
-1326,-8027,-406
-1294,-8007,-422
-1348,-8017,-424
-1296,-8025,-452
-1300,-8021,-480
-1326,-8059,-466
-1388,-8011,-438
-1332,-8035,-422
-1298,-7995,-404
-1290,-8011,-382
-1354,-7995,-396
-1308,-8059,-396
-1326,-8025,-410
-1352,-7983,-434
-1278,-7997,-446
-1356,-8023,-446
-1370,-8011,-480
-1372,-8039,-462
-1364,-7977,-408
-1300,-7991,-412
-1348,-8043,-390
-1346,-8025,-396
-1322,-8055,-420
-1320,-7971,-406
-1304,-7973,-402
-1308,-7951,-342
-1328,-8057,-438
-1332,-8029,-432
-1348,-8037,-392
-1368,-7999,-454
-1340,-7991,-418
-1332,-7961,-424
-1326,-7997,-410
-1318,-8013,-428
-1326,-7987,-352
-1334,-8021,-346
-1344,-8023,-348
-1282,-8021,-320
-1292,-7973,-362
-1324,-8029,-378
-1284,-8025,-384
-1292,-8009,-442
-1334,-8015,-476
-1310,-8073,-450
-1322,-8035,-408
-1348,-8003,-428
-1310,-8067,-410
-1376,-8065,-418
-1294,-8029,-442
-1270,-7995,-368
-1322,-7995,-362
-1326,-7989,-364
-1324,-8071,-406
-1344,-8055,-370
-1298,-7955,-410
-1280,-8019,-426
-1328,-7987,-464
-1372,-7965,-432
-1344,-8039,-404
-1290,-8007,-448
-1350,-8045,-472
-1336,-7989,-438
-1310,-7999,-448
-1336,-8023,-398
-1296,-7965,-352
-1328,-7985,-390
-1312,-7959,-416
-1328,-8023,-358
-1278,-8037,-384
-1348,-8025,-438
-1360,-8007,-450
-1356,-7997,-490
-1324,-8031,-404
-1316,-7969,-452
-1346,-7981,-408
-1288,-8009,-422
-1310,-7987,-406
-1318,-7991,-402
-1288,-8007,-422
-1350,-8001,-404
-1340,-7995,-394
-1384,-8021,-420
-1300,-8013,-398
-1332,-8039,-422
-1336,-8057,-440
-1356,-8057,-448
-1334,-7997,-482
-1332,-8037,-388
-1314,-7991,-412
-1338,-7975,-400
-1310,-8029,-386
-1330,-8037,-394
-1286,-8017,-396
-1354,-8029,-366
-1310,-8043,-452
-1310,-7995,-418
-1280,-8009,-408
-1336,-8047,-438
-1344,-8087,-398
-1300,-8015,-408
-1336,-7983,-344
-1292,-7973,-388
-1324,-8003,-442
-1360,-7991,-396
-1300,-8007,-350
-1312,-7973,-348
-1346,-7993,-382
-1342,-8047,-380
-1354,-8015,-388
-1282,-8063,-418
-1306,-7943,-430
-1298,-8037,-430
-1364,-8031,-444
-1324,-8041,-438
-1296,-8031,-444
-1286,-7989,-394
-1322,-7999,-398
-1302,-8055,-414
-1306,-8019,-446
-1324,-7999,-378
-1318,-7989,-376
-1330,-7995,-422
-1298,-8033,-420
-1274,-7973,-394
-1300,-7997,-388
-1294,-7993,-412
-1306,-8011,-434
-1312,-8037,-458
-1306,-7995,-422
-1280,-7965,-348
-1312,-7991,-408
-1344,-7999,-370
-1342,-8019,-390
-1302,-8015,-408
-1306,-8019,-396
-1354,-8041,-422
-1352,-8023,-434
-1362,-8069,-452
-1304,-8005,-432
-1330,-8009,-392
-1354,-7989,-360
-1312,-8039,-404
-1314,-8007,-408
-1354,-8011,-484
-1330,-7957,-378
-1304,-7973,-424
-1360,-8009,-424
-1340,-8037,-436
-1314,-7997,-378
-1268,-7979,-398
-1296,-8057,-434
-1320,-8029,-390
-1304,-8055,-406
-1334,-8051,-394
-1318,-7987,-434
-1306,-8003,-428
-1326,-7989,-398
