-30,-11,27
-19,-27,-1
-14,-38,22
-2,-26,12
12,27,22
11,-4,-2
11,9,4
3,-2,10
-6,41,14
9,32,48
4,6,41
-9,29,0
-1,29,34
-15,-4,1
-17,13,7
3,50,30
-6,52,3
-20,-13,13
-46,-23,-3
-33,-12,-12
-27,33,8
-14,31,20
-20,37,-8
-34,14,-13
-16,-13,29
-10,55,5
0,-30,-28
-8,-22,8
23,16,-8
41,47,16
56,-37,22
49,5,10
31,-32,-16
5,25,3
-9,4,-31
-26,13,-40
-27,-10,-27
-30,8,-44
-35,-28,-11
-47,-23,-9
-32,12,-22
-63,5,-20
-37,-71,0
-9,-16,12
7,18,-7
19,7,-6
8,4,33
-17,-78,0
-6,-19,-33
0,5,-20
10,-23,-8
-7,-5,-41
-3,-24,-45
-19,-11,-11
-31,-30,-29
-20,-19,-39
-10,8,-19
-20,-28,-38
-24,-56,-47
-32,-5,-40
-25,-36,-49
-15,-32,-26
2,-38,-40
27,-24,-26
17,-44,-30
28,-63,-35
35,-15,-31
51,-21,6
63,6,4
-3,-62,-95
-145,-33,-130
24,-147,-63
-2,-142,-21
-43,-48,-45
24,-210,-127
41,134,-11
106,223,-56
149,128,-40
121,118,-16
30,222,-22
-84,157,1
-56,-88,3
82,150,155
187,385,308
195,305,214
213,145,245
200,25,402
149,221,368
164,332,369
359,600,598
630,1475,914
309,741,782
228,215,148
79,-234,-119
91,-1220,-387
-105,-1490,-423
85,-1714,-243
158,-1091,95
186,-319,43
269,290,-26
166,338,-73
26,307,-132
10,73,-131
70,164,77
19,-2,4
-65,-197,-51
-49,-119,7
1,54,89
68,203,174
34,109,85
-80,5,-46
-60,-155,-10
-64,-50,48
-85,-83,23
-24,-7,25
-28,-9,60
-82,44,52
-127,-179,-2
-100,-18,96
-77,-3,82
-154,-208,-53
-108,-182,-48
-59,-201,80
1,-98,208
-19,-211,54
-76,-229,-58
-17,14,23
-33,113,-27
-25,-143,-29
-22,-45,62
-7,66,-19
-9,62,72
27,127,60
-4,181,5
8,123,25
-5,50,52
0,14,27
12,-70,0
-32,-67,-36
-20,-212,-13
-36,-170,12
-26,-142,-46
-15,-19,43
0,111,21
-18,198,34
-25,251,-22
-70,123,-71
-74,2,-25
-77,-124,-41
-97,-349,-50
-121,-382,-4
-182,-353,-25
-66,-416,46
-77,-303,48
-41,-275,30
44,-156,141
-36,-62,36
-54,-88,-19
-4,-67,43
31,38,45
-16,31,-15
-18,47,-27
6,141,2
-2,55,4
-30,-63,10
4,9,54
-10,-23,-48
8,5,25
16,84,74
-8,158,29
39,244,75
21,98,62
3,125,44
-46,59,10
-20,121,-2
2,159,44
-47,48,-20
-29,8,7
-47,-69,87
-69,-3,73
-194,-435,27
-462,-3120,186
-1384,-6968,646
-1071,-14472,1148
-476,-6302,1535
-1011,6158,3439
-1636,15795,3632
-1753,16414,2654
-841,9598,1437
-570,4723,417
-946,5484,-504
-1512,9175,-1349
-2168,11775,-1842
-2836,10191,-2233
-2591,3328,-2885
-2185,-3791,-3923
-2970,-5681,-5101
-4486,-4412,-5712
-6109,-4662,-5352
-7441,-8258,-3965
-8145,-13204,-1826
-8192,-15537,739
-7289,-13390,2924
-5788,-7298,3903
-4503,928,3673
-3965,8789,2842
-4163,13695,1686
-4511,13935,278
-4731,9606,-915
-5130,2853,-1398
-5845,-3754,-1063
-6419,-8524,-134
-6557,-10198,1011
-6195,-8391,1892
-5554,-4188,2255
-4806,306,2162
-4075,3241,1862
-3462,4052,1558
-3085,3383,1321
-2902,2065,1124
-2785,621,978
-2684,-612,886
-2548,-1435,850
-2311,-1801,868
-1966,-1826,904
-1443,-1711,875
-732,-1574,693
191,-1497,310
1335,-1500,-337
2685,-1574,-1255
4273,-1630,-2530
6102,-1463,-4163
7985,-987,-5746
10087,-498,-7285
12449,23,-8767
14981,769,-10061
16920,1606,-10174
15956,931,-6973
11032,2439,-2370
10025,8568,-59
10759,14771,1374
9888,26555,2366
4246,32767,2271
3309,29855,-4928
7405,5079,-11729
2968,-15166,-14961
-3417,-32768,-1533
776,-32768,5256
1118,-32768,2264
-2943,4127,-753
-2111,32767,-4456
3656,32767,-5034
8357,3560,-490
9181,-17795,30
8160,-16565,-3495
5626,-1256,-6109
5051,13790,-5027
5297,23931,-1079
4192,30698,2469
2037,32154,4052
271,25001,2969
161,9536,1494
312,-3633,163
-14,-5340,-1913
-1122,1202,-4498
-1654,2938,-6490
-1742,-4680,-7647
-2274,-14458,-8151
-4118,-19353,-8715
-6959,-20115,-8844
-9436,-22173,-6740
-9878,-26524,-1858
-7835,-26801,2730
-5106,-17391,4135
-2741,-3369,3040
-136,6156,1794
2374,9789,2025
3442,13324,3118
2505,20301,4076
115,27832,3584
-1113,29260,1248
-736,23874,-1494
-65,13857,-3676
74,1631,-5119
-1128,-8628,-5845
-3664,-15790,-5630
-6360,-22090,-4075
-7723,-26806,-1408
-7405,-24690,831
-6092,-14713,1348
-4321,-2965,696
-2242,4178,466
-378,6051,1229
702,6423,2050
962,7981,2303
987,8620,2095
1159,6056,1591
1484,1650,1120
1919,-1281,958
2589,-1036,925
3489,1464,762
4560,3995,511
5698,4996,297
6768,4462,74
7621,3316,-300
8084,2363,-655
8009,1548,-699
7316,579,-94
6129,-147,1057
4770,528,1994
3003,3150,2098
532,5527,1580
-1080,2344,1287
-1230,-7124,2223
292,-17491,3648
2132,-19109,2852
2808,-9382,401
3289,3497,-1869
4755,9717,-2851
6358,8512,-2136
6711,6109,-807
5915,5899,488
4549,6596,1331
3151,5925,1779
1918,4121,2079
742,2385,2330
-328,815,2327
-1168,-558,2033
-1785,-1578,1635
-2154,-2525,1236
-2267,-3471,812
-2189,-3840,295
-1991,-3118,-316
-1740,-1614,-1035
-1419,-178,-1779
-1129,840,-2418
-953,1309,-2881
-957,1198,-3114
-1223,541,-2993
-1792,-656,-2563
-2553,-2292,-1903
-3359,-3810,-1152
-4051,-4434,-396
-4465,-3741,231
-4564,-1988,586
-4383,386,606
-4045,2735,281
-3634,4333,-360
-3232,4564,-1153
-2911,3361,-1768
-2787,1316,-2006
-2905,-908,-1887
-3173,-2783,-1506
-3455,-3939,-993
-3660,-3980,-442
-3723,-2826,60
-3620,-996,415
-3376,831,567
-3016,1998,559
-2681,2405,438
-2299,2033,366
-2045,1367,231
-1765,484,152
-1479,-394,75
-1161,-1150,-24
-840,-1565,-162
-421,-1873,-273
52,-2071,-486
551,-2069,-660
1324,-2169,-868
1412,-1561,-1101
2302,-1939,-678
3095,-1488,-674
3824,-43,-939
4556,1764,-1059
5306,3393,-678
5669,5315,36
5638,7430,1014
5172,9304,1960
4395,9995,2501
3431,8701,2559
2474,5264,2301
1605,355,2056
938,-5358,2038
738,-11007,2011
980,-14337,1598
1300,-13321,654
1585,-8669,-418
2029,-3328,-1033
2696,557,-938
3237,3085,-332
3437,5146,401
3359,6824,971
3117,7503,1380
2698,7039,1637
2184,6094,1839
1648,5314,1983
1137,4415,1927
684,3035,1584
348,1532,1089
133,548,587
-39,226,25
-201,235,-631
-366,349,-1248
-535,338,-1714
-758,-209,-2141
-1135,-1191,-2536
-1655,-2389,-2722
-2223,-3714,-2599
-2745,-5115,-2292
-3257,-6133,-1954
-3672,-6205,-1588
-3818,-5299,-1147
-3682,-3663,-771
-3374,-1425,-552
-2919,1166,-522
-2519,3744,-725
-2191,5384,-1113
-1949,5529,-1466
-1870,4435,-1676
-2003,2682,-1729
-2291,838,-1636
-2621,-828,-1498
-2935,-2057,-1388
-3161,-2676,-1249
-3258,-2755,-1088
-3231,-2474,-923
-3083,-2041,-754
-2836,-1607,-616
-2534,-1222,-513
-2192,-904,-430
-1836,-703,-338
-1479,-620,-255
-1107,-635,-166
-726,-677,-70
-329,-685,29
111,-594,100
589,-382,145
1134,-45,169
1678,500,177
2211,1130,228
2728,1615,314
3159,1972,402
3499,2224,561
3740,2462,786
3832,2719,1032
3759,2987,1289
3525,3151,1550
3165,3003,1749
2694,2289,1874
2233,926,1897
1803,-983,1855
1515,-3184,1808
1437,-5061,1710
1532,-5853,1480
1742,-5197,1122
2029,-3450,739
2339,-1328,522
2579,611,492
2740,2095,678
2683,3110,916
2498,3460,1098
2248,3343,1298
1896,3068,1449
1514,2625,1484
1149,2197,1435
803,1889,1309
507,1508,1043
288,1000,697
57,656,343
-149,310,-58
-309,-161,-467
-529,-453,-817
-702,-774,-1136
-899,-982,-1409
-1180,-1034,-1623
-1438,-1253,-1774
-1732,-1628,-1831
-2064,-2014,-1757
-2355,-2373,-1611
-2581,-2532,-1421
-2700,-2255,-1266
-2729,-1507,-1188
-2643,-497,-1182
-2491,550,-1209
-2327,1365,-1284
-2176,1784,-1367
-2090,1818,-1435
-2071,1494,-1466
-2120,937,-1461
-2229,323,-1405
-2358,-282,-1285
-2457,-793,-1152
-2540,-1054,-1033
-2544,-1153,-911
-2472,-1105,-820
-2364,-933,-730
-2202,-819,-630
-1984,-807,-509
-1748,-811,-406
-1481,-785,-322
-1190,-719,-256
-894,-621,-184
-582,-602,-93
-235,-619,1
130,-543,106
536,-402,161
971,-76,177
1375,432,222
1791,793,312
2165,1102,416
2468,1400,551
2728,1613,713
2912,1832,874
2984,2091,1052
2964,2255,1248
2848,2227,1422
2633,2000,1563
2379,1459,1662
2103,592,1672
1841,-530,1604
1655,-1882,1541
1553,-3006,1448
1550,-3526,1317
1616,-3280,1131
1712,-2390,942
1838,-1254,796
1952,-153,770
1998,803,830
1967,1509,905
1865,1933,986
1721,2091,1054
1517,2054,1093
1272,1940,1087
1015,1789,1029
766,1636,925
526,1444,747
308,1165,491
89,856,203
-113,489,-104
-303,57,-412
-507,-354,-711
-715,-708,-986
-948,-958,-1199
-1178,-1185,-1347
-1419,-1460,-1475
-1686,-1716,-1529
-1934,-1868,-1478
-2121,-2014,-1378
-2243,-2028,-1276
-2325,-1660,-1177
-2318,-985,-1120
-2233,-168,-1087
-2126,601,-1093
-1998,1164,-1124
-1889,1470,-1179
-1830,1521,-1215
-1825,1298,-1247
-1874,844,-1246
-1939,229,-1172
-2015,-350,-1078
-2088,-697,-1006
-2127,-871,-931
-2110,-926,-836
-2054,-933,-747
-1950,-973,-642
-1790,-1030,-537
-1598,-989,-442
-1386,-841,-359
-1135,-718,-298
-860,-633,-222
-582,-554,-129
-270,-522,-36
48,-444,40
371,-230,124
726,9,198
1080,333,259
1416,738,324
1719,1103,407
1970,1389,549
2163,1558,704
2298,1620,856
2375,1631,987
2387,1612,1095
2330,1486,1208
2234,1214,1289
2093,784,1349
1960,194,1365
1820,-446,1329
1682,-1029,1265
1579,-1537,1224
1517,-1917,1168
1513,-1986,1092
1528,-1650,1005
1557,-1028,928
1594,-371,870
1613,210,847
1589,699,861
1517,1078,890
1405,1267,897
1271,1300,888
1089,1278,851
906,1228,789
715,1187,705
519,1126,571
328,973,373
145,764,150
-51,493,-87
-249,111,-321
-446,-305,-531
-652,-641,-718
-862,-843,-882
-1068,-967,-1031
-1269,-1121,-1148
-1462,-1269,-1215
-1642,-1379,-1221
-1787,-1445,-1189
-1884,-1393,-1146
-1939,-1159,-1112
-1952,-739,-1079
-1920,-245,-1061
-1859,212,-1032
-1790,598,-1021
-1740,856,-1016
-1702,968,-1021
-1688,905,-1010
-1693,691,-996
-1718,383,-971
-1748,45,-917
-1767,-275,-864
-1769,-512,-811
-1755,-663,-748
-1697,-770,-669
-1604,-833,-602
-1482,-859,-526
-1334,-847,-450
-1164,-818,-359
-970,-771,-261
-736,-712,-167
-490,-603,-89
-219,-421,-5
71,-207,70
356,17,133
652,247,212
942,499,301
1203,770,375
1441,1001,459
1646,1145,559
1809,1233,653
1913,1262,754
1981,1244,847
1986,1172,945
1957,1001,1025
1899,751,1084
1807,439,1119
1705,60,1144
1608,-344,1152
1522,-710,1129
1454,-967,1089
1420,-1077,1044
1403,-1035,991
1405,-804,940
1397,-449,890
1395,-105,851
1368,198,829
1315,457,813
1241,682,808
1141,852,780
1018,945,734
874,965,664
724,919,584
553,815,482
389,659,355
225,477,203
59,289,31
-107,82,-146
-276,-109,-319
-439,-294,-486
-604,-448,-627
-778,-538,-741
-948,-628,-849
-1105,-738,-930
-1262,-844,-986
-1399,-933,-1017
-1512,-960,-1022
-1588,-905,-1016
-1629,-739,-1020
-1649,-487,-1020
-1643,-201,-1015
-1620,52,-994
-1598,231,-971
-1576,340,-946
-1560,391,-920
-1549,380,-898
-1545,297,-860
-1539,173,-829
-1527,18,-797
-1518,-146,-747
-1485,-318,-690
-1441,-466,-631
-1375,-564,-580
-1288,-621,-508
-1184,-652,-437
-1044,-668,-342
-889,-660,-266
-703,-578,-196
-508,-453,-128
-294,-312,-52
-78,-196,23
158,-97,94
384,28,167
619,185,235
841,375,291
1047,572,389
1235,721,480
1392,859,558
1525,987,644
1616,1093,741
1671,1120,822
1687,1037,884
1674,864,941
1626,623,988
1560,326,1005
1495,14,1015
1430,-290,998
1353,-532,969
1292,-679,948
1246,-752,935
1217,-735,898
1196,-562,851
1178,-276,801
1147,8,763
1116,192,731
1067,310,707
995,441,668
909,582,628
806,680,567
687,721,498
553,720,415
427,670,325
278,549,212
118,383,73
-32,190,-61
-186,-27,-196
-335,-235,-334
-486,-379,-461
-624,-456,-576
-764,-504,-694
-904,-563,-784
-1033,-635,-846
-1153,-743,-879
-1259,-809,-896
-1337,-798,-907
-1400,-700,-912
-1434,-518,-900
-1435,-308,-889
-1419,-78,-880
-1402,142,-879
-1374,313,-872
-1359,381,-863
-1346,331,-841
-1342,224,-811
-1338,64,-764
-1336,-100,-719
-1327,-221,-679
-1298,-307,-632
-1254,-356,-577
-1199,-399,-511
-1112,-443,-452
-1014,-463,-397
-899,-453,-337
-767,-451,-272
-621,-439,-203
-460,-416,-135
-286,-372,-67
-107,-271,3
83,-136,70
281,16,148
480,187,214
661,367,286
833,524,361
989,637,440
1123,709,501
1241,771,575
1321,814,644
1380,809,718
1412,737,777
1423,627,811
1405,499,840
1378,350,864
1329,159,880
1284,-43,876
1244,-224,861
1183,-326,826
1116,-384,818
1076,-465,835
1051,-467,815
1025,-296,767
1003,7,710
960,285,662
914,407,637
857,421,612
783,423,568
692,448,492
587,481,410
479,462,327
363,392,250
236,310,161
100,215,55
-29,91,-54
-167,-50,-175
-295,-195,-286
-418,-309,-387
-539,-389,-486
-657,-426,-578
-764,-448,-665
-868,-488,-728
-963,-527,-770
-1057,-570,-794
-1126,-586,-800
-1189,-549,-815
-1228,-439,-824
-1247,-306,-821
-1246,-167,-803
-1239,-44,-798
-1226,67,-792
-1211,153,-782
-1202,178,-763
-1185,123,-725
-1171,21,-683
-1158,-85,-644
-1140,-160,-607
-1109,-208,-573
-1067,-260,-514
-1005,-324,-468
-932,-362,-412
-846,-367,-358
-744,-353,-302
-629,-358,-244
-507,-349,-177
-377,-319,-106
-226,-271,-32
-73,-176,22
90,-30,80
251,118,139
409,241,211
560,328,284
698,387,345
816,485,417
932,546,481
1027,580,541
1120,590,575
1177,621,609
1203,623,660
1216,533,714
1205,375,758
1191,216,770
1158,125,778
1113,58,783
1079,-42,795
1044,-135,787
1007,-162,760
968,-132,735
936,-102,710
899,-85,672
859,-47,634
813,41,594
757,151,563
704,236,519
636,290,457
561,329,399
473,347,339
373,327,267
280,263,191
171,179,106
59,111,14
-42,33,-81
-162,-60,-165
-270,-143,-263
-373,-197,-343
-471,-238,-436
-570,-267,-520
-677,-329,-588
-770,-419,-635
-857,-506,-671
-934,-550,-707
-994,-530,-725
-1043,-484,-743
-1075,-410,-750
-1094,-315,-741
-1098,-212,-740
-1091,-95,-737
-1083,-21,-709
-1070,13,-687
-1051,34,-661
-1033,40,-635
-1009,41,-602
-991,22,-570
-960,-27,-539
-922,-107,-496
-881,-188,-459
-829,-249,-410
-769,-298,-357
-689,-342,-305
-603,-356,-254
-505,-331,-206
-392,-285,-145
-272,-230,-85
-147,-176,-28
-13,-104,26
116,-22,82
256,67,154
386,146,221
509,248,284
635,342,343
737,443,388
833,536,442
915,574,493
975,581,550
1015,550,592
1037,492,629
1043,430,653
1035,341,675
1016,240,696
991,151,708
961,53,714
933,-17,708
905,-59,688
868,-91,663
833,-93,644
796,-91,619
762,-73,588
727,-27,548
677,64,506
630,148,468
569,204,430
507,245,385
437,278,337
366,283,280
277,261,199
190,209,129
98,136,60
6,52,-16
-83,-10,-109
-174,-55,-197
-265,-106,-288
-362,-156,-364
-459,-227,-428
-549,-314,-492
-644,-408,-540
-730,-486,-578
-805,-551,-605
-868,-557,-623
-914,-499,-635
-939,-390,-648
-943,-261,-657
-946,-152,-661
-936,-60,-656
-925,0,-641
-914,41,-640
-897,44,-627
-894,35,-605
-882,-3,-567
-859,-65,-537
-838,-92,-513
-812,-105,-482
-781,-157,-436
-743,-225,-393
-693,-299,-344
-631,-332,-304
-561,-308,-253
-464,-285,-202
-371,-248,-153
-261,-200,-111
-148,-130,-58
-40,-56,5
81,0,68
202,70,111
302,191,171
403,273,236
502,304,305
598,304,353
673,368,390
734,462,427
794,479,475
847,440,523
882,397,556
900,398,567
900,385,588
888,312,606
881,180,630
863,59,633
826,19,624
795,15,611
767,-16,605
740,-44,586
706,-27,565
670,8,535
627,49,508
585,60,475
545,66,443
498,102,403
443,143,355
383,187,297
320,220,246
257,217,197
178,191,135
103,147,60
22,96,-15
-65,13,-80
-146,-79,-143
-223,-157,-211
-311,-163,-289
-395,-166,-350
-462,-219,-405
-536,-291,-455
-608,-363,-497
-676,-408,-541
-737,-452,-564
-778,-485,-576
-810,-453,-585
-826,-357,-586
-838,-228,-595
-829,-125,-596
-831,-51,-585
-816,-7,-567
-800,4,-542
-782,-5,-523
-755,-3,-529
-739,18,-504
-714,3,-482
-692,-56,-439
-660,-141,-406
-625,-199,-374
-593,-231,-336
-545,-243,-291
-480,-268,-237
-403,-277,-193
-324,-219,-160
-239,-154,-119
-138,-110,-69
-46,-82,-8
55,-55,43
162,11,82
254,117,129
339,217,182
426,252,243
505,256,299
570,301,336
623,371,376
670,407,419
720,376,469
752,345,494
775,366,515
779,387,531
783,344,554
776,241,562
763,151,557
737,102,556
707,69,552
677,10,548
645,-33,531
612,-25,506
569,14,483
526,35,470
500,33,443
463,51,405
418,112,355
369,158,319
329,158,283
276,135,233
220,147,172
150,170,110
84,152,54
16,93,6
-51,26,-54
-134,-26,-123
-213,-54,-190
-284,-116,-231
-353,-202,-284
-428,-239,-345
-492,-250,-393
-552,-297,-429
-593,-379,-459
-635,-404,-490
-676,-360,-515
-700,-315,-536
-708,-289,-544
-715,-248,-550
-710,-175,-548
-715,-104,-545
-713,-67,-538
-699,-76,-519
-689,-81,-494
-673,-70,-482
-652,-61,-456
-629,-59,-448
-603,-87,-409
-569,-137,-369
-527,-178,-351
-487,-175,-320
-437,-169,-285
-382,-182,-239
-326,-201,-193
-254,-202,-133
-179,-150,-90
-101,-67,-57
-7,2,-16
76,76,13
145,115,68
228,104,139
302,96,176
369,123,197
429,182,235
486,229,288
535,240,347
589,258,395
621,322,413
653,399,424
667,413,462
676,337,498
686,235,515
683,214,515
662,232,502
651,219,499
631,145,500
596,85,499
557,61,487
517,43,467
481,15,440
440,-9,419
398,-8,398
363,12,372
331,32,340
291,77,295
260,122,242
207,175,191
161,176,153
112,125,103
50,89,55
-6,68,3
-76,45,-54
-139,6,-111
-202,-25,-153
-268,-72,-201
-332,-121,-258
-392,-192,-307
-447,-271,-353
-503,-348,-397
-540,-401,-416
-578,-418,-448
-606,-380,-480
-627,-318,-483
-636,-270,-484
-640,-226,-477
-640,-171,-480
-635,-89,-473
-622,-45,-453
-606,-23,-438
-583,-1,-426
-557,39,-417
-534,67,-411
-495,39,-402
-469,-23,-402
-446,-94,-385
-420,-175,-357
-392,-275,-324
-362,-378,-290
-325,-388,-257
-279,-345,-212
-224,-276,-155
-162,-200,-100
-83,-122,-35
0,-21,-1
80,107,31
170,176,79
251,187,122
327,200,154
386,252,175
439,311,215
485,318,266
520,276,302
539,281,336
546,319,366
545,303,403
552,218,430
552,135,452
545,110,461
544,120,459
542,102,460
544,72,449
540,91,438
520,141,428
500,169,423
470,150,418
439,133,402
393,156,389
350,172,373
305,156,349
261,133,318
215,126,285
167,126,240
123,102,196
79,65,138
34,40,86
-12,23,34
-61,-15,-14
-106,-50,-66
-159,-62,-111
-218,-57,-153
-276,-77,-190
-325,-135,-224
-371,-172,-269
-421,-197,-308
-460,-230,-333
-490,-263,-358
-505,-280,-382
-518,-263,-416
-536,-202,-451
-546,-163,-452
-544,-189,-443
-541,-221,-447
-540,-193,-456
-547,-132,-455
-537,-115,-434
-522,-163,-401
-490,-172,-382
-469,-102,-387
-443,-29,-373
-411,-38,-345
-368,-115,-308
-326,-154,-295
-292,-115,-282
-255,-96,-253
-211,-124,-217
-152,-164,-170
-101,-163,-142
-62,-81,-113
-1,-26,-62
50,-14,-10
117,-12,42
169,41,77
225,126,100
283,148,138
337,156,179
387,173,217
434,226,236
468,275,251
492,280,268
494,265,315
497,216,375
499,175,412
502,186,424
497,248,416
493,291,414
485,273,418
468,209,424
450,129,427
434,77,397
406,72,353
372,77,334
329,38,336
293,-23,339
261,-40,314
216,26,270
161,102,239
123,101,246
93,40,245
65,38,202
29,130,134
4,205,64
-29,195,31
-61,131,2
-102,87,-52
-158,88,-117
-213,49,-158
-271,-72,-178
-325,-200,-202
-383,-262,-240
-435,-281,-278
-462,-332,-309
-488,-382,-328
-495,-391,-346
-502,-322,-370
-500,-241,-389
-482,-172,-407
-463,-132,-400
-451,-98,-401
-445,-41,-401
-429,-8,-397
-419,-10,-386
-407,-29,-369
-396,-58,-346
-390,-80,-326
-367,-99,-313
-336,-108,-296
-305,-130,-282
-271,-135,-274
-230,-133,-254
-182,-170,-233
-137,-209,-200
-93,-207,-177
-52,-169,-144
-2,-121,-102
57,-87,-54
106,-40,-17
155,41,15
194,111,59
245,115,107
297,126,151
339,169,169
375,253,186
404,289,221
435,246,262
453,220,286
464,238,286
453,265,293
446,237,320
439,151,358
433,79,370
402,83,364
385,123,353
367,115,359
353,63,372
335,37,363
312,87,342
287,152,318
260,156,305
242,128,314
210,116,296
181,158,249
144,195,208
101,182,183
62,113,162
13,46,140
-33,18,97
-77,27,52
-124,16,14
-165,-26,1
-205,-73,-33
-236,-75,-87
-265,-67,-131
-300,-71,-173
-320,-122,-196
-344,-169,-206
-372,-167,-243
-398,-141,-284
-410,-135,-300
-427,-161,-299
-430,-186,-303
-430,-178,-322
-430,-140,-344
-423,-114,-360
-414,-135,-363
-410,-162,-355
-390,-180,-359
-374,-172,-355
-358,-160,-352
-336,-153,-334
-313,-161,-306
-279,-168,-276
-245,-140,-272
-210,-77,-270
-179,-38,-240
-135,-62,-210
-97,-100,-174
-52,-121,-152
-22,-55,-141
22,-22,-108
67,-24,-60
117,-35,-35
150,15,-27
185,60,8
218,38,41
258,-29,85
291,-19,109
315,71,124
341,138,154
359,174,203
393,171,245
409,203,256
413,285,257
414,315,267
409,268,296
408,190,317
391,159,323
360,182,315
337,192,319
320,155,325
297,86,318
259,80,300
227,70,288
198,39,279
171,-7,265
141,-1,253
114,42,231
79,93,208
58,128,193
38,138,174
8,163,138
-22,178,101
-61,180,81
-93,143,54
-137,86,25
-164,47,-13
-209,21,-58
-251,-16,-111
-278,-86,-133
-321,-164,-154
-348,-239,-183
-372,-269,-213
-393,-278,-239
-405,-272,-250
-402,-263,-254
-397,-229,-271
-389,-156,-289
-369,-84,-300
-359,-38,-310
-346,-29,-298
-334,-49,-289
-312,-54,-293
-306,-39,-301
-284,-34,-291
-269,-66,-289
-249,-103,-284
-223,-125,-275
-203,-138,-270
-193,-174,-248
-162,-236,-223
-124,-256,-212
-88,-204,-191
-54,-146,-168
-12,-94,-142
30,-81,-110
81,-44,-76
119,18,-53
159,53,-22
204,63,9
235,84,28
266,127,47
292,147,77
305,135,105
322,108,129
330,89,157
335,104,175
339,109,192
335,99,221
343,86,233
335,117,247
334,138,264
330,152,263
317,149,269
305,149,283
288,150,280
265,160,275
243,166,275
221,161,270
191,152,255
159,153,240
125,147,231
85,117,219
54,59,200
23,30,166
-10,25,140
-46,39,119
-76,34,101
-106,47,87
-132,47,69
-156,56,23
-181,75,-10
-209,63,-30
-235,33,-52
-256,-12,-82
-279,-40,-118
-302,-69,-150
-322,-106,-164
-338,-165,-178
-349,-200,-209
-364,-180,-231
-371,-174,-242
-373,-183,-240
-358,-212,-233
-340,-201,-250
-333,-122,-273
-316,-68,-276
-280,-75,-253
-258,-98,-261
-234,-75,-268
-215,-29,-269
-204,-34,-257
-174,-95,-231
-149,-139,-213
-130,-109,-223
-106,-65,-219
-85,-87,-188
-52,-163,-159
-17,-191,-149
17,-133,-153
48,-75,-129
80,-69,-101
128,-96,-59
165,-59,-34
187,19,-29
215,60,-12
247,63,21
271,67,67
287,87,93
303,136,101
307,172,114
321,164,147
329,141,178
327,129,185
327,149,180
310,160,185
295,126,200
284,56,222
264,11,233
243,18,226
217,65,219
200,90,243
189,62,252
168,99,236
150,183,219
126,218,207
104,172,212
77,144,201
52,136,165
14,160,154
-19,143,137
-54,107,114
-84,45,96
-126,47,88
-153,30,49
-187,1,19
-209,-37,11
-237,-66,0
-256,-77,-38
-267,-66,-62
-280,-48,-84
-293,-45,-112
-297,-62,-126
-305,-60,-137
-310,-55,-156
-313,-73,-169
-313,-72,-175
-312,-72,-181
-302,-73,-205
-298,-87,-223
-293,-99,-235
-277,-146,-229
-268,-186,-223
-249,-207,-225
-223,-182,-229
-209,-115,-229
-168,-118,-224
-143,-119,-227
-121,-81,-209
-94,-89,-188
-66,-110,-192
-31,-110,-170
-9,-77,-147
23,-60,-136
64,-43,-113
94,-14,-115
117,2,-101
147,-11,-71
167,-31,-47
190,-42,-30
208,-38,-14
225,-35,0
247,-20,21
261,-9,47
272,33,74
282,82,91
292,107,87
290,119,115
293,93,155
296,84,156
285,129,159
282,177,167
263,207,179
242,211,196
223,200,220
187,210,224
150,192,249
144,122,262
132,78,216
122,119,164
108,165,135
84,114,127
69,-14,127
34,-56,91
-27,-9,72
-72,-25,89
-108,-86,108
-147,-64,116
-198,67,125
-212,117,125
-197,72,100
-184,62,49
-184,153,-13
-181,190,-59
-170,93,-105
-184,-16,-149
-226,-55,-160
-274,-120,-142
-321,-254,-119
-348,-371,-109
-371,-355,-129
-376,-282,-146
-369,-229,-153
-344,-213,-141
-300,-168,-127
-262,-58,-142
-217,49,-173
-167,110,-199
-129,125,-214
-112,109,-201
-99,63,-186
-95,-9,-183
-102,-42,-181
-104,-78,-160
-103,-151,-137
-96,-220,-130
-67,-252,-131
-42,-232,-124
-10,-231,-124
32,-241,-114
85,-212,-103
128,-131,-113
163,-16,-102
211,9,-76
231,53,-51
241,87,-22
244,121,12
236,132,38
232,100,71
238,76,101
245,96,113
250,137,105
251,144,93
258,96,90
251,39,86
240,-13,100
228,-52,119
213,-48,133
197,-19,141
189,49,142
156,138,144
141,161,169
127,123,176
109,100,163
86,118,151
64,133,156
51,114,150
34,111,135
12,145,112
-19,187,80
-52,145,74
-84,43,78
-124,-32,76
-156,-73,61
-185,-74,42
-207,-44,33
-213,-30,20
-220,-3,1
-225,46,-15
-238,54,-44
-236,8,-53
-240,-29,-61
-249,-23,-73
-255,-14,-79
-260,1,-85
-264,-1,-96
-253,-2,-99
-256,-11,-119
-251,-38,-130
-244,-83,-128
-231,-137,-131
-213,-164,-148
-199,-128,-165
-183,-112,-146
-129,-249,-137
-99,-262,-191
-111,-54,-250
-94,17,-186
-69,-194,-135
-63,-279,-116
-51,-149,-90
-56,23,-59
3,3,-29
60,1,-27
101,146,-53
139,272,-78
174,205,-98
215,40,-83
212,-20,-61
209,-34,-59
202,-84,-38
208,-158,-38
183,-128,-17
181,-108,14
165,-108,46
170,-138,68
188,-127,91
202,-27,91
226,103,85
255,188,83
269,261,92
273,306,93
268,306,90
247,264,80
197,199,97
152,65,127
108,-52,134
63,-83,123
27,-45,113
-4,-23,127
-16,-76,134
-25,-105,117
-25,-33,77
-33,60,51
-39,65,55
-49,60,69
-66,104,76
-89,178,57
-117,210,39
-141,177,35
-171,105,43
-201,58,46
-227,19,30
-244,-51,4
-251,-72,-25
-250,-102,-58
-249,-143,-84
-255,-156,-105
-251,-143,-106
-254,-158,-97
-274,-114,-88
-235,-191,-123
-246,-101,-112
-259,64,-55
-222,6,-38
-195,-55,-59
-173,49,-53
-142,163,-117
-124,166,-102
-74,38,-92
-75,13,-109
-59,-9,-126
-62,-23,-110
-53,-111,-97
-48,-162,-72
-30,-159,-57
-21,-88,-59
20,-75,-61
61,-88,-64
93,-46,-79
129,11,-65
162,36,-57
182,75,-50
213,88,-42
214,107,-43
216,98,-29
218,33,-3
215,-26,5
205,-25,8
198,-8,11
192,-14,16
194,-48,37
188,-55,45
193,-15,49
197,-2,40
204,21,29
199,49,27
189,100,43
171,91,50
158,75,59
141,73,57
104,77,52
74,60,65
40,32,90
20,-3,91
-10,7,84
-14,16,63
-33,32,34
-45,40,35
-69,30,43
-79,15,39
-99,9,22
-121,40,5
-159,54,11
-176,24,38
-189,-24,46
-206,-5,21
-224,53,3
-227,56,6
-228,0,12
-222,-17,11
-222,10,-17
-224,52,-46
-222,31,-50
-218,-16,-43
-219,-36,-39
-214,-52,-53
-218,-51,-69
-220,-61,-68
-211,-99,-46
-197,-130,-28
-178,-93,-35
-151,-18,-51
-123,41,-70
-94,47,-65
-63,9,-51
-42,-15,-57
-23,-7,-71
-11,17,-77
6,-1,-54
27,-42,-36
40,-46,-36
58,-25,-47
71,-17,-53
96,-62,-50
116,-86,-32
136,-76,-35
151,-42,-42
166,-9,-44
185,8,-26
191,20,-17
202,37,-6
206,52,-5
212,46,-13
208,24,-6
199,-1,5
193,-9,18
189,-15,20
183,-11,7
180,-4,2
162,-3,5
148,-22,16
133,-47,25
118,-49,23
105,-13,15
86,22,22
81,19,29
59,23,27
35,51,23
20,57,29
2,32,26
-20,15,28
-38,30,24
-72,49,23
-81,13,26
-99,16,16
-122,36,8
-144,41,14
-154,-4,15
-175,-35,14
-188,-17,10
-203,1,3
-214,-7,1
-208,-21,6
-220,6,2
-214,27,-2
-212,20,-14
-206,11,-29
-208,-2,-27
-207,-33,-24
-205,-64,-16
-199,-76,-17
-194,-47,-18
-183,-11,-12
-164,10,-17
-154,19,-9
-136,19,-5
-123,41,4
-85,-21,-16
-72,-15,-45
-42,4,-50
-34,-14,-46
-14,-66,-36
5,-81,-26
7,-35,-33
26,-42,-30
44,-67,-20
57,-64,-10
73,-28,4
96,-12,-1
123,-7,-10
151,40,-23
163,79,-24
187,75,-17
199,37,-33
191,34,-38
184,2,-28
171,-56,-11
171,-114,1
162,-112,-1
149,-42,-8
145,-10,-9
143,3,11
153,-43,6
151,-23,-23
148,31,-30
142,22,-14
131,-25,-21
120,-16,-21
96,48,-16
66,61,-14
48,8,8
25,-22,18
-3,13,14
-17,5,4
-37,-18,-13
-45,-34,-11
-59,-17,-7
-71,-14,-13
-80,-9,-28
-95,11,-25
-125,42,-21
-135,8,-4
-152,-25,0
-175,-2,0
-187,3,0
-194,-10,4
-190,-18,2
-196,2,3
-197,38,1
-187,41,2
-181,17,-10
-180,21,-16
-177,20,-13
-178,2,-12
-183,-22,0
-179,-35,17
-163,-37,22
-157,-23,4
-138,15,-1
-128,24,15
-109,16,25
-92,0,29
-65,20,7
-49,58,-6
-25,56,5
-8,31,15
10,29,17
24,54,8
32,84,9
53,45,31
68,2,25
84,-15,8
96,7,-13
102,11,-12
125,-48,0
136,-69,-3
144,-43,-17
151,6,-33
157,1,-33
159,-15,-11
159,-26,6
159,-4,4
158,19,-10
164,23,-24
162,53,-16
158,47,-2
157,58,-12
140,101,-22
129,75,-18
115,25,9
124,-82,-46
80,-12,-65
85,-54,-43
57,-128,-68
46,-163,-80
21,-122,-68
-2,-132,-75
-14,-177,-63
-45,-150,-53
-63,-103,-44
-75,-63,-22
-86,-43,-20
-92,17,-18
-90,76,-16
-93,108,-24
-95,96,-25
-107,97,-22
-124,67,-33
-139,47,-25
-156,-16,-20
-182,-46,-10
-198,-79,2
-205,-113,4
-208,-123,-1
-208,-94,2
-205,-69,15
-186,-56,16
-174,-18,22
-158,38,31
-133,83,26
-119,113,34
-108,131,42
-101,140,48
-84,128,53
-76,99,40
-82,81,32
-77,34,40
-69,-36,45
-59,-105,50
-48,-103,41
-31,-84,31
-7,-86,23
21,-94,10
35,-34,12
50,28,21
75,26,32
90,32,33
89,84,37
108,112,43
122,96,40
133,79,43
140,85,22
145,110,4
144,85,-7
146,5,-14
139,-53,-16
129,-90,-27
121,-133,-35
118,-154,-41
109,-137,-45
108,-104,-48
100,-49,-51
102,-36,-49
95,-39,-38
92,-25,-35
92,-2,-54
88,25,-73
76,54,-86
53,40,-79
40,-11,-59
21,-43,-53
-2,-53,-79
-32,-47,-87
-48,-82,-69
-68,-134,-59
-76,-139,-50
-87,-79,-71
-102,-35,-85
-96,-37,-65
-103,-39,-48
-113,-10,-39
-119,20,-38
-123,38,-44
-131,40,-43
-138,38,-26
-141,24,-13
-150,7,-4
-147,2,-4
-156,14,-6
-155,8,-5
-157,-9,9
-153,-27,13
-145,-44,17
-136,-40,17
-129,-13,19
-114,0,40
-109,5,67
-94,40,69
-74,93,60
-59,150,50
-48,156,61
-37,98,78
-23,64,84
-13,57,77
4,56,58
13,50,45
21,40,57
29,-7,70
42,-17,56
48,-12,35
55,-16,38
66,-30,47
79,-45,52
91,-6,43
104,56,36
117,94,27
124,82,23
127,65,28
129,52,18
128,53,5
126,16,-11
121,-16,-22
113,-22,-24
101,-42,-35
94,-61,-38
82,-80,-44
75,-101,-51
64,-102,-63
64,-96,-77
50,-94,-86
44,-72,-81
36,-83,-67
30,-86,-72
24,-34,-91
12,24,-94
3,32,-86
-10,10,-74
-20,5,-70
-41,4,-92
-62,-8,-93
-70,-78,-84
-88,-120,-84
-99,-122,-83
-114,-112,-91
-120,-121,-83
-123,-137,-70
-124,-107,-72
-129,-74,-53
-135,-25,-47
-129,7,-24
-121,25,-4
-121,58,-3
-114,92,-7
-111,115,1
-102,96,8
-103,56,20
-101,37,30
-105,29,19
-99,-5,22
-101,-25,31
-101,-46,41
-96,-76,59
-81,-77,56
-77,-41,54
-62,10,71
-43,36,81
-20,67,91
-4,121,94
11,166,90
31,151,85
39,139,91
49,133,92
58,122,89
61,106,73
64,86,67
70,30,60
67,-24,48
66,-53,40
55,-61,38
56,-70,49
64,-98,57
68,-84,39
80,0,19
90,71,12
99,81,15
109,72,13
109,80,-1
118,75,-18
105,58,-42
92,36,-49
82,-1,-49
58,-23,-50
40,-69,-59
30,-123,-74
3,-139,-98
-21,-137,-90
-17,-202,-64
-19,-227,-76
-20,-154,-113
-17,-34,-127
-10,1,-112
-7,-8,-97
-16,26,-82
-29,67,-104
-44,60,-118
-61,5,-101
-76,-50,-65
-95,-76,-58
-106,-74,-65
-106,-56,-83
-116,-47,-84
-116,-76,-65
-110,-96,-64
-103,-87,-72
-100,-66,-72
-104,-57,-68
-96,-87,-41
-91,-82,-23
-100,-22,-9
-96,31,0
-89,51,23
-80,71,37
-77,83,60
-65,82,67
-51,87,47
-42,102,36
-28,93,46
-20,66,64
-17,37,73
-18,25,66
-16,36,47
-24,17,73
-19,-33,105
-15,-70,118
2,-34,100
9,60,84
27,113,94
55,99,113
66,119,114
88,183,87
85,206,65
88,162,62
86,82,76
74,38,83
62,28,72
60,7,38
50,-9,34
48,-40,34
45,-65,28
40,-78,17
43,-66,-3
47,-58,-21
50,-49,-33
51,-33,-29
51,-13,-37
52,14,-42
53,22,-53
40,55,-67
29,50,-71
15,15,-72
6,-29,-76
-14,-67,-88
-25,-109,-101
-40,-138,-110
-47,-160,-108
-55,-158,-115
-60,-128,-119
-64,-112,-123
-66,-105,-129
-69,-99,-120
-69,-98,-105
-67,-86,-104
-68,-59,-100
-64,-14,-101
-69,12,-102
-72,19,-82
-77,15,-69
-83,-12,-55
-83,-42,-54
-84,-59,-53
-92,-56,-50
-84,-61,-35
-77,-64,-29
-82,-47,-33
-72,-20,-18
-75,-15,7
-62,-44,19
-54,-34,29
-49,38,38
-36,69,57
-21,72,69
-12,108,71
-2,165,67
-4,166,72
9,112,106
13,52,111
13,63,97
19,84,81
16,66,83
23,32,110
21,18,113
27,23,96
36,34,78
30,44,82
41,19,102
45,18,109
59,37,89
56,90,61
58,148,38
53,113,58
56,24,83
45,14,69
39,37,33
37,38,14
31,30,14
27,-7,24
29,-32,14
28,-14,-22
21,16,-50
18,-24,-56
13,-86,-44
10,-124,-59
-5,-65,-84
-13,-39,-93
-23,-63,-85
-19,-91,-75
-31,-77,-80
-37,-51,-102
-34,-37,-116
-38,-42,-112
-35,-61,-110
-46,-51,-111
-49,-41,-122
-50,-63,-129
-56,-77,-125
-66,-98,-112
-68,-102,-121
-76,-91,-116
-77,-87,-105
-84,-94,-93
-77,-94,-83
-70,-73,-70
-65,-29,-75
-57,20,-64
-46,33,-41
-36,38,-38
-37,54,-42
-32,63,-32
-32,48,-13
-33,11,-2
-28,-6,15
-30,11,15
-27,3,14
-25,-19,23
-16,-43,36
-15,-54,38
-10,-36,47
-2,-8,51
3,28,71
18,51,90
16,94,90
22,143,102
33,145,116
42,134,115
51,145,109
48,174,111
53,157,105
50,112,101
47,62,84
31,51,77
21,13,78
23,-66,75
13,-86,67
2,-37,59
0,-20,68
3,-34,60
5,-14,58
19,42,46
19,95,25
22,102,21
35,93,24
27,104,11
27,96,-9
13,62,-38
2,21,-44
-16,-35,-45
-39,-95,-45
-50,-147,-52
-64,-169,-66
-65,-156,-86
-66,-140,-91
-57,-140,-89
-56,-107,-89
-46,-62,-103
-38,-11,-113
-31,5,-116
-33,6,-111
-33,-4,-109
-46,4,-102
-53,-23,-99
-58,-67,-98
-58,-85,-109
-58,-75,-108
-65,-87,-100
-66,-104,-85
-54,-137,-78
-49,-103,-94
-44,-66,-100
-39,-66,-90
-28,-86,-72
-28,-67,-44
-27,-17,-42
-16,4,-42
-19,17,-28
-12,36,6
-1,30,35
6,40,27
11,69,20
17,97,18
22,83,29
27,31,38
24,26,45
21,28,51
12,10,63
20,-24,72
10,8,84
13,51,94
16,68,100
34,70,94
33,89,96
36,106,95
40,103,97
47,107,89
42,127,88
36,132,82
31,112,79
16,56,81
2,6,79
-5,-19,76
-16,-36,63
-17,-22,62
-17,-7,52
-13,20,39
-14,60,24
-18,75,20
-9,29,16
-14,-4,6
-17,-2,-13
-17,36,-26
-20,37,-30
-24,20,-38
-45,16,-48
-51,-10,-48
-65,-92,-54
-61,-168,-64
-67,-174,-77
-64,-125,-90
-59,-81,-98
-48,-66,-99
-36,-46,-105
-41,-15,-122
-37,-21,-122
-49,-66,-113
-51,-107,-93
-56,-104,-79
-55,-76,-96
-49,-23,-114
-45,11,-95
-29,-34,-76
-31,-55,-87
-29,-32,-96
-25,-23,-93
-20,-71,-77
-7,-96,-58
-9,-55,-59
-10,15,-61
-1,3,-55
4,-26,-35
5,-34,-18
1,-24,-8
11,-35,-1
19,-22,2
23,16,8
30,49,16
33,51,18
33,38,33
34,43,50
32,29,60
31,10,56
38,22,60
34,71,65
30,83,72
30,66,90
31,55,86
22,67,85
23,69,77
17,54,77
15,51,81
8,53,99
8,46,96
5,59,69
-2,73,63
-6,69,70
-7,30,80
-13,15,66
-21,47,47
-32,65,40
-29,25,49
-35,-5,43
-35,7,30
-39,26,12
-39,23,-2
-43,21,-3
-43,8,-7
-51,3,-18
-49,-24,-33
-51,-46,-47
-57,-58,-49
-61,-58,-50
-65,-69,-53
-65,-82,-67
-66,-63,-84
-61,-65,-79
-59,-90,-78
-50,-110,-74
-45,-67,-94
-44,-7,-101
-39,15,-100
-30,-7,-73
-24,-28,-67
-23,0,-87
-20,5,-98
-11,-27,-94
-13,-61,-88
-3,-93,-90
-3,-73,-103
-12,-71,-99
-5,-110,-82
-9,-154,-64
-10,-128,-62
-5,-76,-63
8,-59,-49
14,-41,-29
27,9,-13
38,50,-6
48,81,-21
53,102,-14
58,92,6
56,77,16
56,61,20
40,70,32
37,32,35
32,-6,41
23,-18,35
15,-12,37
14,-37,44
12,-55,58
15,-54,62
12,-11,54
8,30,53
11,56,68
15,76,84
8,108,87
12,150,82
2,169,78
-3,153,96
-6,93,95
-3,68,72
-10,82,37
-24,73,25
-40,13,34
-50,-55,39
-69,-77,37
-80,-87,24
-88,-103,19
-84,-107,22
-83,-46,35
-68,11,23
-56,74,0
-45,123,-9
-38,130,-6
-32,98,-19
-28,76,-27
-32,58,-43
-43,29,-55
-57,-38,-56
-69,-101,-59
-79,-143,-55
-84,-183,-67
-82,-203,-83
-73,-189,-83
-65,-150,-79
-42,-106,-83
-29,-53,-78
-7,-8,-83
6,34,-90
20,50,-88
17,79,-74
25,57,-61
20,36,-62
21,26,-63
9,3,-67
17,-69,-61
9,-123,-64
7,-136,-68
12,-139,-64
10,-147,-55
22,-145,-55
28,-106,-45
30,-45,-33
43,-6,-21
54,19,-12
57,68,-5
55,113,6
56,116,25
52,96,36
45,93,36
37,99,35
32,77,41
29,30,46
21,7,50
13,23,45
14,18,36
13,-11,42
1,-25,35
-9,-7,39
-5,-3,49
-16,6,49
-18,26,56
-27,54,69
-29,71,67
-39,68,68
-32,36,60
-36,58,54
-33,66,44
-34,70,33
-37,79,27
-46,77,24
-60,45,18
-74,-7,24
-83,-56,27
-93,-79,19
-90,-64,10
-88,-42,5
-75,-2,-5
-71,30,-5
-62,33,-7
-57,14,-21
-52,7,-35
-54,-12,-40
-45,-32,-42
-46,-21,-54
-48,-11,-44
-45,-31,-52
-45,-56,-62
-42,-73,-58
-38,-93,-58
-37,-91,-55
-27,-87,-60
-12,-58,-61
-2,-33,-68
2,-18,-75
16,-2,-66
23,1,-64
26,-5,-66
25,-8,-58
26,-16,-51
22,-20,-44
28,-33,-41
31,-40,-43
44,-20,-50
47,-17,-55
54,-25,-57
54,-23,-48
51,-17,-45
40,-57,-32
42,-83,-18
40,-61,-15
37,-26,-11
34,15,4
41,39,14
35,57,22
38,70,18
40,64,14
37,50,17
35,41,24
26,42,28
20,53,23
12,45,12
-8,27,14
-24,0,39
-33,-49,52
-43,-91,51
-36,-77,43
-49,-2,27
-47,46,31
-39,61,50
-35,84,60
-36,106,37
-43,102,30
-49,67,35
-56,39,44
-57,31,51
-62,52,29
-75,79,3
-75,58,19
-80,-22,31
-87,-87,20
-85,-92,0
-83,-74,-16
-88,-74,-7
-74,-68,5
-67,-15,1
-54,44,-7
-49,59,-34
-41,53,-29
-42,31,-6
-35,-4,-6
-31,-17,-16
-24,22,-33
-23,40,-43
-12,5,-33
-2,-45,-43
-11,-38,-59
-9,-49,-61
-10,-102,-52
-1,-133,-46
1,-107,-45
11,-50,-60
19,-3,-65
33,-10,-50
42,-22,-40
47,-13,-48
46,-1,-56
56,1,-52
57,-6,-36
55,10,-41
48,19,-42
48,-10,-44
43,-47,-39
36,-85,-34
29,-90,-26
34,-84,-21
33,-55,-20
31,-25,-19
34,6,-14
31,48,-9
35,45,4
29,31,11
21,28,9
17,49,12
14,55,14
15,47,18
2,43,10
-8,42,5
-20,11,9
-30,-45,11
-45,-89,20
-52,-80,18
-62,-62,22
-61,-38,24
-70,0,32
-63,44,42
-62,55,45
-55,67,32
-59,87,27
-52,88,39
-53,79,39
-52,68,30
-48,79,19
-63,87,7
-75,38,8
-81,-38,20
-86,-76,26
-94,-89,7
-97,-104,6
-90,-108,13
-71,-81,13
-57,-19,1
-46,55,-11
-28,97,-20
-24,77,-2
-14,42,1
-15,48,-8
-8,54,-11
-6,44,-17
-8,21,-24
-6,0,-20
-11,-39,-30
-10,-86,-39
-8,-131,-44
1,-143,-37
1,-118,-42
20,-79,-50
34,-21,-59
44,46,-52
48,40,-41
58,13,-34
53,22,-42
47,28,-41
55,10,-27
55,4,-24
48,22,-27
51,59,-31
48,31,-39
49,-43,-38
40,-77,-42
32,-82,-54
31,-94,-56
27,-93,-48
20,-68,-38
20,-50,-20
15,-30,-26
4,-5,-26
1,8,-7
1,1,12
2,11,4
6,54,-10
-3,106,0
-6,100,11
-7,40,22
-7,1,5
-29,28,-14
-47,17,-8
-49,-51,12
-62,-89,25
-78,-50,14
-83,-6,4
-90,-26,26
-77,-72,43
-82,-35,41
-66,35,21
-65,66,9
-50,71,9
-48,70,32
-48,59,29
-59,68,18
-59,53,23
-71,31,34
-68,-1,42
-75,-20,38
-74,21,25
-68,16,21
-59,-20,27
-49,-39,22
-38,-29,10
-31,-12,-13
-20,6,-18
-11,14,-3
-5,14,9
-8,11,0
-5,19,-10
0,12,-7
-11,-4,3
3,-32,14
16,-24,-4
15,24,-32
33,40,-31
40,11,-23
42,-13,-23
45,-24,-34
43,-25,-59
48,-52,-66
35,-77,-47
33,-92,-38
29,-77,-34
26,-59,-43
30,-40,-43
30,-28,-38
35,-20,-25
35,6,-23
45,16,-31
50,30,-54
48,49,-69
44,37,-52
38,-16,-37
24,-46,-38
0,-36,-45
-10,-43,-47
-20,-88,-41
-38,-111,-21
-44,-109,-10
-38,-89,-6
-24,-62,-23
-20,4,-31
-17,50,-19
-16,48,-6
-10,41,-14
-25,48,-22
-35,31,-13
-54,-10,-3
-62,-73,21
-76,-61,29
-85,-27,28
-79,-2,20
-75,27,21
-68,45,38
-60,34,39
-54,25,26
-51,37,13
-52,46,15
-49,38,29
-48,37,35
-53,54,35
-53,64,31
-63,41,41
-64,-2,50
-57,-29,51
-56,-8,35
-43,34,31
-30,65,42
-16,93,46
-3,126,43
8,141,26
18,113,6
21,55,-12
14,19,-7
6,-34,3
0,-75,0
-1,-86,-8
3,-58,-27
-3,-54,-18
2,-88,-5
12,-110,-9
27,-60,-25
37,9,-43
47,37,-37
58,30,-31
64,61,-29
68,86,-50
55,60,-62
54,-1,-53
40,-45,-41
31,-72,-48
20,-67,-51
9,-53,-50
5,-91,-47
7,-119,-40
6,-95,-60
9,-51,-69
22,-37,-66
20,-37,-61
22,-5,-67
11,11,-58
1,2,-60
-18,-32,-38
-21,-67,-13
-37,-59,-22
-37,-35,-26
-48,-1,-24
-39,5,-14
-39,2,-5
-40,9,-12
-42,16,-19
-40,-5,-15
-39,-16,-7
-47,-16,-3
-51,7,2
-63,22,6
-75,20,20
-76,-15,35
-82,-25,38
-73,-6,37
-69,32,40
-57,49,41
-46,74,44
-41,105,41
-38,121,40
-29,78,47
-31,38,40
-35,34,30
-39,32,30
-44,2,47
-39,-36,53
-40,-35,43
-42,9,33
-37,10,35
-17,-27,39
0,-9,42
0,38,17
11,71,10
23,76,9
26,72,21
29,52,18
23,41,7
22,21,-14
21,3,-6
18,-31,6
13,-64,6
22,-68,-16
21,-29,-42
30,-19,-42
38,-58,-39
36,-57,-45
35,-24,-51
27,-8,-51
34,-41,-45
33,-42,-39
21,-11,-49
26,7,-55
26,4,-64
20,-13,-60
14,-41,-47
13,-58,-56
8,-57,-66
2,-38,-73
3,-48,-63
-5,-61,-65
-10,-47,-77
-25,-39,-66
-31,-77,-52
-39,-91,-40
-34,-85,-32
-35,-32,-36
-30,4,-41
-31,38,-39
-28,29,-15
-28,16,-23
-30,13,-29
-35,7,-30
-47,-16,-18
-58,-18,6
-52,-18,20
-66,-4,11
-62,20,13
-63,20,19
-61,-16,34
-54,-20,41
-50,25,38
-45,59,32
-33,63,32
