-9,-2,-11
-15,-4,-8
-12,-3,-7
-14,-3,-5
-15,2,-10
-13,-6,-9
-13,-2,-7
-10,-3,-7
-7,-2,-11
-10,-8,-6
-15,-2,-10
-10,-1,-12
-12,-1,-2
-15,-3,-8
-9,-1,-7
-16,0,-4
-13,-4,-13
-15,-2,-7
-12,2,-5
-12,-8,-12
-6,-3,-9
-16,-3,-9
-14,-5,-9
-12,-1,-8
-15,-2,-7
-13,0,-11
-9,-2,-6
-13,-5,-11
-14,0,-7
-10,2,-4
-13,-2,-11
-8,-2,-8
-11,-5,-8
-17,1,-13
-11,-3,-11
-9,-4,-10
-9,-1,-6
-8,1,-8
-12,-1,-12
-10,-2,-7
-13,-2,-12
-16,3,-5
-6,-2,-4
-12,-3,-8
-9,-5,-8
-14,-4,-8
-15,-3,-9
-14,2,-9
-10,-4,-12
-14,-5,-10
-8,2,-11
-11,-3,-11
-11,4,-10
-14,0,-12
-12,0,-10
-11,-3,-2
-12,-3,-5
-12,-6,-8
-12,-3,-9
-8,-3,-10
-6,-5,-12
-14,-2,-6
-9,4,-10
-11,1,-11
-19,-3,-6
-10,-2,-7
-12,1,-6
-13,-5,-9
-9,-5,-11
-9,-1,-8
-13,-4,-10
-13,2,-8
-11,-5,-8
-11,-3,-9
-6,0,-6
-17,-5,-7
-10,-6,-6
-12,-1,-9
-11,-7,-5
-9,3,-7
-14,-1,-8
-15,-7,-8
-13,-3,-8
-8,-3,-10
-9,-3,-6
-9,0,-8
-11,-2,-9
-12,1,-7
-13,-4,-8
-17,-6,-3
-6,-3,-8
-13,0,-8
-10,-4,-8
-11,0,-9
-9,-4,-9
-13,-4,-6
-10,-2,-11
-11,-4,-6
-12,4,-8
-11,-7,-8
-13,0,-13
-14,-3,-10
-10,-2,-9
-15,-4,-6
-24,-4,-651
-22,44,829
-124,61,-495
-190,56,-227
-72,-1027,-903
-150,-1025,-866
-598,488,-1313
294,1814,-1178
360,652,-761
878,2283,-396
1045,2965,-476
1331,3269,-258
1033,1447,50
880,679,189
705,-1424,254
730,-3635,64
691,-3194,-124
875,-613,33
851,493,67
1087,1823,-113
892,969,-117
748,-420,-27
951,-853,316
1190,-520,336
1313,-146,160
1427,453,241
1288,-36,223
1322,-58,406
1883,-306,506
1768,-612,904
1387,-206,732
1488,365,550
1564,247,562
1336,550,676
1728,366,691
1651,307,834
1609,149,891
1383,170,874
1485,-41,995
1447,-525,499
1140,282,845
1087,-472,424
1214,-43,526
1154,206,346
1177,-160,-59
1065,-459,542
1076,-170,410
1090,708,368
1052,840,442
1006,571,462
1013,546,665
1107,399,688
1019,-215,739
931,-215,531
1053,216,477
1122,737,568
1011,561,634
917,499,616
958,433,584
977,325,439
901,55,393
897,144,456
860,163,429
776,161,374
757,487,394
782,683,439
827,858,426
845,1030,561
823,1041,347
630,836,390
610,840,355
555,797,267
523,796,195
426,840,164
326,843,72
318,887,129
259,796,266
328,987,389
382,832,396
415,846,362
346,764,350
365,883,285
313,948,319
271,1199,363
262,1181,450
294,984,349
298,968,370
246,940,371
146,740,417
164,824,364
310,1172,375
295,1079,378
214,791,431
216,844,458
229,717,405
233,612,380
220,649,314
120,836,261
185,810,475
200,705,405
239,801,315
122,734,233
97,797,259
32,668,309
44,718,264
123,953,359
116,879,342
164,739,232
173,576,193
261,923,173
152,886,302
25,834,383
11,714,412
71,833,419
139,998,483
40,849,491
-62,614,499
-23,805,500
5,881,498
29,840,443
60,741,355
105,993,299
182,1146,253
142,921,243
90,1042,357
-76,737,382
-48,661,346
45,632,293
88,651,239
34,492,253
-21,448,241
24,532,264
90,647,234
57,683,307
1,650,392
-3,773,294
45,759,284
55,631,329
68,531,223
68,652,243
-46,398,245
-44,247,207
70,292,168
100,159,150
98,-70,131
50,-153,13
45,129,1
46,206,-29
64,3,-75
151,-57,-150
151,-300,-142
147,-311,-146
124,-332,-124
130,-162,-146
88,-188,-147
112,-180,-194
129,-133,-196
130,-280,-215
149,-275,-225
79,-428,-257
15,-580,-316
42,-636,-335
89,-657,-412
162,-572,-465
114,-769,-460
2,-1001,-468
42,-1060,-483
13,-945,-501
5,-804,-570
-28,-837,-514
50,-536,-500
7,-811,-491
-110,-1160,-417
-73,-1243,-373
131,-646,-457
97,-641,-396
-134,-1160,-292
-208,-1571,-204
-51,-1385,-286
10,-1365,-402
45,-1311,-474
68,-804,-527
-126,-1129,-448
-144,-1373,-374
-38,-1285,-389
66,-942,-488
-65,-1028,-480
-118,-1017,-486
-110,-1032,-409
-136,-901,-412
-91,-447,-370
-19,59,-284
-1,154,-189
160,-98,-312
5,-593,-441
-128,-1210,-366
-162,-1292,-416
-55,-1108,-538
-57,-1159,-530
43,-785,-466
-33,-1121,-417
31,-1016,-495
-15,-1248,-515
4,-1065,-496
-98,-1313,-465
-128,-1446,-456
-93,-1422,-457
-55,-1385,-452
2,-972,-375
-17,-1100,-342
-56,-1242,-380
2,-1094,-384
-76,-1255,-388
9,-1097,-327
-46,-1270,-361
-9,-1053,-405
30,-867,-391
20,-788,-352
-25,-794,-298
125,-344,-308
218,158,-345
96,-297,-280
15,-710,-254
38,-933,-276
39,-1212,-328
27,-1256,-310
92,-946,-344
52,-1086,-304
61,-1065,-295
69,-1094,-292
21,-1207,-247
78,-1062,-318
107,-806,-356
105,-757,-320
26,-1013,-248
40,-1114,-281
35,-1167,-333
71,-1079,-356
83,-1035,-344
89,-932,-326
111,-948,-270
126,-1003,-283
89,-1099,-234
144,-922,-323
121,-1021,-309
70,-1113,-241
89,-1060,-211
168,-795,-171
152,-669,-150
144,-704,-83
139,-838,-66
204,-551,-88
137,-724,-128
75,-1097,-126
78,-1118,-178
98,-1118,-223
80,-1171,-241
126,-929,-255
66,-911,-230
119,-837,-290
153,-820,-335
122,-941,-322
150,-795,-324
134,-832,-282
131,-684,-301
127,-662,-285
50,-854,-252
63,-895,-209
31,-951,-248
109,-1014,-105
-36,-1077,-261
23,-883,-274
139,-826,-194
129,-700,-281
136,-689,-284
134,-825,-199
-48,-900,-202
201,-757,-247
145,-829,-231
-3,-935,-234
128,-610,-261
129,-744,-281
29,-893,-230
89,-727,-243
136,-675,-237
128,-711,-166
191,-423,-120
132,-493,-123
212,-233,-152
170,-550,-119
95,-740,-101
71,-815,-150
66,-695,-153
79,-649,-156
113,-482,-161
114,-366,-219
108,-400,-251
94,-376,-214
57,-465,-58
99,-547,78
132,-557,-50
169,-437,-54
147,-344,-140
144,-323,-120
73,-459,-113
105,-288,-140
106,-250,-134
102,-329,-103
86,-519,-95
65,-506,-143
100,-302,-214
28,-449,-197
-4,-567,-134
111,-278,-148
25,-447,-129
32,-338,-207
54,-204,-175
12,-320,-144
13,-334,-130
60,-150,-161
50,-174,-184
30,-313,-99
37,-263,-98
7,-353,-51
63,-183,-47
28,-193,-55
-102,-631,15
-44,-566,8
30,-387,-85
79,-47,-98
83,-60,-72
33,-96,-47
84,-41,-21
41,-88,17
59,76,10
77,252,-24
9,102,38
52,231,52
-31,-102,90
-14,-40,70
-59,-167,25
-98,-350,93
-25,-29,39
-28,-11,8
-36,-22,22
-68,-149,33
-20,-45,-20
-48,1,-7
-79,-172,-7
-67,-190,30
-32,-51,-18
-32,45,-24
-40,-2,53
-124,-271,94
-59,-13,58
-27,132,33
-52,84,7
-26,320,31
-62,236,52
-47,150,43
-60,72,56
-136,-146,116
-127,-87,150
-83,28,103
-34,273,95
-33,304,109
-26,296,146
-14,311,135
-71,186,158
-51,297,214
-74,293,269
-93,352,335
-49,467,285
-21,557,235
-77,502,241
-142,458,299
-134,516,317
-103,490,282
-112,651,303
-126,786,311
-126,882,360
-143,881,437
-192,937,499
-314,660,544
-209,1116,484
-219,1229,415
-240,1309,342
-237,1387,330
-297,1196,362
-283,1228,468
-254,1322,356
-168,1638,274
-142,1690,229
-143,1759,234
-132,1822,298
-175,1737,391
-220,1615,302
-160,1670,453
-170,1579,363
-171,1625,464
-213,1627,572
-222,1833,697
-258,2049,707
-300,2219,579
-406,2003,485
-387,1721,422
-346,1411,455
-321,1257,461
-230,1293,464
-231,1475,580
-162,1543,499
-224,1390,560
-207,1306,628
-210,1193,617
-188,1250,678
-187,1255,719
-156,1178,761
-52,1374,770
-46,1502,782
-15,1474,743
32,1605,757
10,1507,822
-2,1588,830
-90,1390,887
-215,1320,882
-396,1161,803
-192,1197,695
-104,804,902
-76,1363,1016
-307,1348,646
-214,1132,665
-53,1088,735
196,1239,690
30,1184,714
-300,1108,904
-156,613,627
18,547,782
80,432,657
-56,371,695
114,319,794
188,647,687
33,532,398
-18,-388,611
-242,-299,588
287,-189,785
122,-511,670
-109,-466,660
-288,340,1116
-183,344,1156
-180,153,1134
88,1384,1543
42,1364,1207
81,583,1114
-152,653,1309
-562,102,1465
-584,-404,1619
-561,-201,1896
-716,-350,2053
-969,-1163,1911
-938,-1278,1822
-762,-1127,1662
-596,-474,1737
-884,-753,1951
-866,-502,1953
-720,-201,1845
-668,-377,1875
-820,-937,2037
-846,-1033,2154
-745,-1058,2184
-792,-1280,2049
-592,-993,1893
-399,-614,1742
-304,-491,1633
-342,-410,1593
-447,-624,1663
-457,-862,1657
-489,-860,1515
-439,-442,1130
-255,65,928
-292,215,871
-451,-102,1086
-493,-516,1244
-399,-805,1207
-256,-1014,790
-60,-726,645
-119,-538,576
-1,265,442
-201,-619,477
-161,-696,54
55,-411,54
293,6,57
217,-17,205
-355,-445,419
-165,-339,349
-248,-642,301
-543,-1178,-175
-92,-709,-274
-223,-1221,-357
-197,-1153,-358
-178,-1233,-262
71,-859,-136
76,-947,-5
12,-904,136
-148,-1444,12
-63,-939,-57
130,-553,-245
181,-471,-269
-140,-1206,-208
-100,-1332,-139
-240,-1848,151
-376,-1761,652
-355,-1489,779
-213,-799,188
137,154,-144
152,-139,-117
-38,-710,11
-74,-873,115
-133,-1118,202
1,-1327,116
-27,-1358,78
97,-977,-24
182,-837,-19
-59,-1222,184
-132,-1133,105
-187,-1003,41
-185,-1036,90
-209,-961,110
-273,-823,123
-397,-948,214
-396,-787,269
-500,-1020,173
-304,-728,17
-223,-510,38
-269,-608,190
-244,-692,168
-189,-741,100
-172,-705,57
-180,-810,73
-191,-795,49
-254,-851,109
-273,-948,40
-293,-985,-95
-230,-708,-151
-233,-646,-129
-294,-764,-108
-367,-1049,-114
-378,-1116,-297
-300,-946,-463
-367,-1017,-485
-437,-1037,-430
-471,-1303,-624
-675,-1369,-974
-676,-1443,-1088
-823,-3018,-1704
-764,-2577,-1439
-840,-2542,-1127
-798,-2344,-697
-500,-1192,-139
-298,14,75
23,168,256
223,1027,331
524,1225,538
448,599,606
357,-89,578
182,-745,333
222,-1434,77
189,-1394,-126
140,-1204,-247
3,-1660,-236
79,-1977,-155
46,-2170,-223
4,-1819,-179
-153,-1557,-101
-265,-1384,-298
-85,-996,-350
-126,-1408,-266
-207,-1570,-266
-177,-2194,-17
-62,-2139,46
55,-1624,55
122,-1237,109
116,-1195,101
117,-1533,88
239,-1239,-12
183,-1852,-150
126,-1604,-287
61,-1091,-297
-48,-1249,-267
-28,-1099,-351
17,-2020,-307
-19,-2786,-267
50,-3455,-159
54,-2671,-157
20,-1681,-160
22,-1699,-94
-1,-1769,-67
-4,-1870,1
67,-1983,-19
-19,-1544,-170
-8,-1557,-244
-32,-1679,-296
-91,-950,-320
-83,-881,-221
-125,-853,-235
-235,-1006,-320
-284,-605,-370
-181,-615,-294
-115,-831,-316
-144,-729,-395
-97,-654,-395
40,-909,-304
75,-966,-262
14,-829,-329
-53,-498,-339
35,-980,-146
13,-995,-167
-99,-665,-230
-134,-861,-128
-169,-489,-115
-165,-337,-83
-55,-237,-74
98,-680,-17
85,-431,-91
26,-159,-85
-19,87,22
63,29,98
-13,301,26
-66,311,-32
-136,320,-3
-36,423,70
-5,280,60
9,200,41
-44,73,-9
8,-105,39
-35,72,2
-72,-1,8
-67,7,25
-122,599,-42
-207,746,20
-208,706,102
-157,785,189
-185,1062,185
-268,1523,200
-305,1951,236
-339,2696,165
-392,3104,196
-415,2769,241
-353,2430,112
-305,2035,113
-205,1958,105
-396,2977,236
-467,3490,257
-511,3834,197
-612,4078,180
-536,3085,215
-388,2681,138
-329,2911,81
-268,3750,10
-280,3317,192
-352,2886,208
-688,4178,166
-323,2537,112
-390,2793,82
-360,2688,73
-314,1905,155
-213,1566,200
-139,1715,127
-219,1257,118
-154,1533,86
-113,1514,92
-68,1802,81
-43,1653,76
-109,863,62
5,1038,57
-7,956,11
41,1497,1
-3,1900,-8
-165,1804,6
-154,1763,74
-118,630,121
-6,167,86
187,695,0
217,1000,-63
222,1550,-93
74,1079,33
-111,721,133
8,576,104
34,-180,85
129,101,79
77,130,64
145,693,92
160,781,164
180,928,188
175,743,217
95,355,273
130,184,254
225,239,247
262,277,185
259,212,199
303,137,212
337,-103,203
340,-213,216
262,-456,196
332,-325,177
371,-276,113
358,-4,50
304,-122,96
219,-303,109
250,-287,90
294,-281,58
328,-176,4
333,-215,-40
339,-421,40
366,-464,93
537,-566,95
719,-581,-61
714,-689,-163
563,-868,-120
449,-921,-33
403,-694,-81
328,-502,-136
146,-585,-212
-69,-829,-110
-199,-443,-43
-346,-565,-50
-453,-535,-19
-611,-662,52
-693,-789,135
-685,-574,128
-638,-483,134
-723,-718,235
-661,-533,268
-700,-487,280
-687,-475,273
-746,-363,277
-768,-348,279
-773,-412,346
-863,-683,412
-821,-487,440
-865,-625,382
-866,-546,410
-856,-465,469
-893,-531,544
-902,-576,582
-895,-568,580
-949,-654,617
-968,-631,686
-995,-651,676
-1045,-636,687
-1058,-572,727
-1049,-486,771
-980,-388,721
-932,-383,644
-944,-548,636
-935,-528,664
-952,-614,688
-882,-506,617
-786,-334,516
-826,-453,576
-824,-330,562
-787,-311,530
-784,-387,540
-769,-408,517
-733,-300,424
-754,-467,443
-719,-248,435
-739,-93,390
-774,-215,397
-748,-226,395
-717,-229,382
-662,-252,352
-591,-168,315
-579,-199,234
-487,-197,130
-508,-290,16
-458,-47,-21
-409,23,-84
-360,14,-162
-298,-123,-170
-236,-259,-132
-162,-156,-199
-70,14,-285
-15,61,-317
38,155,-315
25,-37,-288
104,-95,-297
219,72,-370
285,216,-424
240,140,-386
278,86,-256
387,187,-351
503,396,-469
507,392,-509
517,221,-409
571,215,-500
666,378,-590
684,475,-604
620,366,-513
619,239,-450
724,466,-578
762,611,-691
730,545,-653
639,249,-628
715,418,-650
765,608,-741
738,717,-813
648,495,-717
679,502,-676
706,586,-765
775,678,-792
717,422,-745
749,554,-730
792,691,-795
790,686,-769
699,455,-705
764,655,-746
740,676,-787
726,547,-820
677,536,-850
604,488,-845
589,640,-893
594,664,-913
596,538,-887
585,285,-808
637,339,-775
615,403,-737
599,587,-713
504,423,-675
534,501,-690
601,460,-744
635,458,-752
583,166,-650
640,412,-704
649,515,-766
583,335,-804
607,356,-824
542,261,-777
563,414,-791
571,447,-855
633,672,-938
570,413,-844
545,155,-761
567,266,-808
633,509,-886
698,734,-938
570,391,-822
631,358,-771
716,468,-813
698,373,-758
658,187,-653
629,338,-731
633,603,-779
631,581,-709
633,775,-735
525,397,-616
567,220,-527
633,281,-608
688,419,-664
679,474,-721
582,331,-640
532,311,-522
547,440,-467
567,645,-414
564,741,-392
486,497,-325
487,522,-303
475,491,-327
488,558,-317
510,800,-417
470,627,-402
354,614,-377
239,450,-305
290,545,-245
385,532,-234
421,470,-239
444,528,-274
428,457,-228
425,415,-164
498,430,-104
538,510,-85
479,295,7
467,103,83
480,2,89
491,-1,-1
579,470,-112
618,756,-9
574,488,-99
475,330,-125
505,382,-114
510,370,-141
542,454,-136
542,496,-133
457,375,-89
407,317,-33
406,312,-17
382,325,-8
351,355,22
331,333,26
333,298,7
321,299,35
290,279,33
285,288,70
209,174,60
203,261,18
172,285,-25
32,125,-28
-22,198,-71
-102,43,-104
-165,33,-128
-215,83,-163
-250,190,-220
-300,245,-235
-368,163,-211
-398,148,-164
-432,71,-104
-443,74,-38
-496,50,36
-536,35,106
-648,-353,201
-527,-108,307
-629,-40,203
-717,-79,236
-821,-279,257
-829,-322,210
-870,-44,186
-900,133,219
-1048,186,212
-1125,227,269
-1130,350,367
-1154,331,479
-1171,169,495
-1120,205,438
-1065,263,358
-1098,431,326
-1179,327,362
-1149,324,393
-1113,174,398
-1091,146,325
-1111,66,328
-1191,-187,407
-1083,104,364
-1026,256,314
-1057,256,310
-1184,-163,487
-1173,-166,445
-1062,86,505
-1120,301,371
-1303,42,451
-1373,-77,557
-1289,165,537
-1180,651,396
-1019,1327,110
-1080,1406,-34
-1160,984,380
-1210,283,643
-1290,92,398
-1246,137,151
-1245,239,96
-1266,-79,275
-1159,-215,391
-1101,79,387
-1049,114,304
-955,267,131
-985,211,171
-1126,47,289
-1185,5,365
-1090,101,328
-1085,60,172
-944,55,118
-850,162,90
-838,55,96
-891,-76,134
-1008,-167,168
-1036,-92,130
-959,78,61
-797,214,18
-850,-37,90
-945,-230,197
-954,-521,298
-978,-631,277
-910,-475,218
-746,-110,172
-723,-284,185
-810,-1037,450
-879,-1825,820
-557,-1142,897
-303,-1215,719
-478,-1106,661
-347,-135,479
-626,-101,293
-598,-325,375
-520,-748,365
-338,-692,222
-437,-155,42
-571,-190,234
-630,-118,320
-633,-259,278
-593,-297,298
-561,-412,464
-472,-246,476
-503,-234,397
-515,-102,382
-576,6,332
-595,249,183
-580,69,229
-563,312,208
-487,294,179
-554,248,181
-500,624,77
-540,529,78
-479,460,51
-448,154,8
-473,97,-40
-605,584,-80
-488,789,-67
-287,671,-182
-405,177,-180
-349,173,-123
-303,83,-209
-294,295,-334
-159,197,-273
-41,-96,-39
44,15,103
-33,17,145
-137,11,160
-90,20,58
-74,116,-119
-46,231,-215
-4,163,-52
-23,92,90
-107,-89,124
-65,-90,1
72,-99,-126
160,35,-184
166,65,-150
166,-53,-122
249,-59,-181
390,108,-160
415,33,-67
392,-110,-26
339,-124,-50
443,2,-157
300,78,-139
127,-20,-38
-4,-77,-40
-115,115,-35
-212,204,-4
-160,122,42
-72,141,-14
19,121,-64
85,214,-122
108,154,-166
124,201,-153
127,145,2
128,-48,109
124,-173,106
154,-122,72
261,42,-17
240,-26,1
136,11,6
-25,-11,35
-130,24,105
-272,-64,121
-362,-35,71
-457,15,-55
-548,13,-90
-512,-31,-25
-494,104,32
-576,-55,119
-530,-146,183
-553,-216,222
-573,-102,200
-580,-54,185
-653,-155,268
-704,-133,268
-723,-105,213
-682,-94,186
-612,-121,174
-587,-122,167
-620,-150,201
-657,-244,188
-629,-157,111
-610,-117,62
-568,-129,85
-566,-200,154
-572,-177,197
-514,-206,79
-496,-165,39
-480,-87,125
-472,-112,112
-507,-130,98
-515,-165,123
-498,-94,110
-473,-63,34
-451,-204,61
-409,-145,52
-366,-65,48
-325,18,30
-311,-107,76
-261,-109,67
-228,-83,31
-252,-24,-11
-248,-25,37
-234,-178,42
-202,-65,-46
-209,-17,-76
-174,69,-48
-221,-5,55
-190,-78,116
-150,-5,183
-216,-191,210
-204,-111,115
-224,40,-22
-224,202,-104
-267,167,-47
-297,-5,31
-280,-71,50
-250,3,70
-239,43,121
-246,109,166
-219,122,188
-190,108,213
-168,72,251
-139,89,246
-218,46,216
-276,92,243
-300,126,278
-342,278,196
-402,138,129
-445,133,18
-477,65,-18
-514,54,-63
-557,84,-88
-530,37,-86
-513,-40,-49
-516,-88,-6
-500,-28,12
-478,-64,50
-520,-93,88
-489,-88,35
-501,-59,-4
-499,-76,59
-541,10,-8
-540,168,-88
-542,16,-104
-534,-24,-31
-482,88,11
-488,90,8
-287,-135,3
-69,-187,229
-550,269,42
-518,342,132
-382,141,152
-422,-41,21
-428,-31,24
-441,-78,46
-435,-73,108
-390,-90,88
-354,-142,2
-401,-185,-42
-346,18,-44
-306,116,-52
-290,50,-38
-297,-29,-11
-301,-36,-43
-281,-80,-27
-242,-46,-73
-208,10,-88
-175,-30,-67
-164,-1,-63
-155,13,-42
-137,47,-55
-51,80,-57
-44,21,-3
27,107,-16
95,60,-19
144,108,-16
152,152,24
187,94,70
243,62,29
330,97,-11
362,171,-36
372,175,-40
372,49,-32
394,79,18
423,144,16
418,54,35
437,64,43
476,98,78
473,123,85
489,229,60
505,133,32
537,127,16
511,62,35
520,61,20
574,163,-23
584,256,-81
613,264,-78
570,117,1
603,150,47
604,125,-12
648,178,-79
670,205,-100
696,214,-96
696,213,-56
635,70,89
639,74,192
662,109,236
651,85,173
667,98,105
651,159,75
632,84,24
659,153,-130
658,162,-217
675,137,-208
652,104,-162
666,31,-159
671,24,-160
661,84,-71
654,128,-5
639,45,-2
636,-49,-26
661,40,-88
667,15,-100
668,83,-62
717,129,6
711,50,-12
756,62,11
764,42,13
800,144,-11
791,148,4
785,145,7
804,125,-14
823,51,-34
809,79,5
810,95,46
811,39,45
804,73,25
801,38,36
804,81,9
810,93,-53
837,200,-140
840,188,-135
857,224,-160
956,754,-87
935,626,-97
943,785,-51
864,494,52
777,84,129
793,-95,178
779,-187,101
744,-189,112
785,327,139
813,359,105
805,142,84
759,70,59
745,-58,62
765,-231,39
761,-174,-12
778,-99,-35
730,-189,-14
726,-179,26
702,-65,48
742,176,-9
747,181,-109
659,111,-72
659,188,-116
691,327,-36
580,307,-48
622,326,80
547,244,6
523,138,-9
572,213,93
642,532,138
660,633,124
607,386,69
647,522,143
539,255,91
557,-44,3
526,-46,16
469,-118,50
493,-98,99
481,-139,89
481,135,76
440,98,86
380,-72,101
378,-116,96
338,50,59
315,-77,1
361,94,-27
354,284,-17
314,-45,38
280,-145,-5
282,-95,-8
213,-295,-32
282,-117,-90
263,-107,-164
274,25,-123
246,61,-79
277,104,-67
222,-43,6
200,-149,36
242,-204,93
425,-36,368
291,-53,163
295,43,158
311,-45,60
261,-210,-59
174,-216,-46
149,-222,-49
126,-101,4
88,-34,24
123,105,36
145,45,25
108,-138,23
130,-82,42
112,-62,106
117,-6,108
65,-16,57
103,60,-12
114,204,-49
144,188,-49
161,86,-11
149,40,68
127,-39,190
93,-138,216
78,-156,221
77,-143,207
94,-113,188
82,-184,139
81,-188,101
76,-113,77
55,-98,89
60,-4,43
62,93,-18
24,36,-2
-1,81,-25
-11,192,-106
-20,161,-64
-89,-57,9
-69,-14,14
-88,14,26
-141,-18,101
-168,-14,133
-173,-76,68
-146,-40,-23
-136,44,-83
-180,39,-59
-193,58,-81
-248,139,-94
-302,162,-60
-349,115,-69
-321,41,-121
-325,34,-205
-320,84,-124
-322,127,-108
-363,101,-77
-417,67,-6
-442,88,32
-468,95,12
-464,83,-27
-444,79,-67
-452,123,-93
-489,144,-54
-481,172,-45
-445,197,-132
-389,211,-256
-399,143,-258
-362,49,-250
-304,-34,-266
-181,157,-306
-151,177,-291
-147,129,-204
-196,-62,-28
-209,-110,65
-184,15,9
-202,-91,28
-178,-88,2
-85,-24,-96
-50,-77,-122
-84,-156,-94
-140,-182,-14
-152,-122,24
-106,39,-19
-58,167,47
17,253,-3
15,88,-197
29,133,-221
15,90,-113
-20,117,-4
-45,190,57
-69,188,96
-72,217,56
-91,361,-53
-57,410,-55
-119,428,14
-160,380,103
-164,502,133
-204,488,184
-207,429,151
-156,309,50
-1,401,-216
203,394,-334
242,408,-208
11,-44,48
-27,-71,35
86,91,-135
294,163,-313
296,70,-380
206,70,-322
69,-34,-232
52,-144,-281
185,67,-426
221,-31,-416
251,-13,-383
139,-130,-297
184,-2,-294
186,83,-261
142,-229,-280
280,-109,-269
360,-133,-432
460,-75,-555
517,-85,-604
399,-77,-514
248,-234,-324
184,-183,-281
142,-108,-407
201,123,-507
325,-138,-440
283,-273,-523
275,-414,-502
414,-177,-544
505,19,-681
538,82,-674
468,-29,-598
442,-1,-514
425,143,-386
307,-74,-359
541,63,-537
761,113,-749
833,-16,-710
758,16,-575
810,-36,-564
983,367,-770
1037,295,-757
1019,49,-585
880,-223,-517
1041,-77,-424
936,185,-566
953,208,-453
931,195,-393
903,140,-403
971,96,-292
908,-65,-198
766,-96,-143
752,-122,-59
708,-65,-104
850,-281,120
506,-49,-165
773,-76,-177
756,156,12
710,-37,41
743,-140,169
767,-255,146
842,43,158
735,-73,115
683,-245,145
707,-234,225
695,-122,275
674,-269,300
790,-50,196
831,125,174
813,116,215
776,-54,266
714,25,296
636,-25,320
552,-168,323
394,-200,385
447,-369,335
609,6,364
637,54,382
678,-95,426
474,-61,518
366,-74,543
378,-131,566
479,84,415
492,-30,375
414,-99,367
399,-95,348
409,57,308
405,103,345
317,55,364
262,61,391
174,-66,340
172,7,254
225,72,209
229,39,150
267,133,68
285,208,40
269,91,62
202,-120,178
170,-111,161
254,73,116
327,35,77
270,-33,107
172,-96,173
100,-113,185
55,-135,122
96,-107,12
144,62,-54
71,103,-19
-35,-52,43
-98,-113,37
-72,-41,24
-73,80,-26
-93,63,-33
-102,47,-21
-35,262,-68
-18,224,-158
-21,119,-150
-3,243,-120
208,158,23
672,114,103
363,6,123
176,107,72
43,232,25
-23,318,-88
129,224,-182
210,125,-141
257,72,-114
268,-132,-103
159,-300,-190
169,-103,-260
168,-16,-276
105,-81,-226
40,-196,-156
-37,-225,-150
-132,-333,-160
-189,-323,-257
-197,-13,-378
-325,102,-442
-612,-50,-409
-868,-141,-448
-1013,-81,-606
-1071,-28,-767
-1173,0,-831
-1325,31,-813
-1556,43,-623
-1734,14,-448
-1830,-173,-286
-1805,85,-327
-1773,211,-294
-1766,204,-173
-1849,-78,-48
-1753,81,108
-1531,249,-3
-1190,487,-252
-1061,474,-337
-1128,293,-244
-1298,106,-148
-1324,-65,-68
-1171,276,-194
-975,545,-289
-955,565,-321
-1036,389,-248
-1093,343,-149
-1115,101,-92
-1042,214,-185
-905,348,-262
-939,352,-242
-1072,293,-219
-1216,-4,-82
-1268,-297,-82
-1213,-248,-173
-1216,-306,-203
-1285,-844,-198
-1025,-136,-150
-960,423,-310
-1106,171,141
-1051,394,186
-1041,277,206
-964,245,239
-1022,-147,474
-1156,-399,697
-1218,-474,807
-1040,-38,605
-758,555,208
-720,643,-9
-764,707,48
-944,505,207
-888,516,288
-966,215,261
-962,424,220
-1029,424,96
-871,651,-8
-1040,281,-74
-1005,582,-60
-1196,346,46
-1232,267,144
-1209,175,19
-1185,77,-101
-1017,161,-189
-1012,282,-260
-963,356,-117
-965,204,129
-884,55,269
-751,92,199
-678,311,78
-596,384,103
-500,314,221
-405,288,276
-266,421,200
16,520,74
229,316,-98
577,280,-178
583,384,-162
1002,106,-39
1129,-62,107
1160,-165,494
1177,-306,819
1302,-315,1043
1334,-684,1049
1620,-326,908
1715,-302,758
1783,-287,732
1851,-451,777
1888,-406,693
1986,-256,543
1896,-338,501
1807,-334,454
1855,-102,378
1815,-92,321
1776,-67,320
1872,-20,285
1868,38,194
1831,183,63
1789,-89,124
1633,-271,88
1601,-357,125
1597,-316,202
1417,-313,207
1406,194,41
1424,390,-169
1499,538,-403
1387,666,-390
1191,702,-126
843,285,268
826,-428,492
1183,-474,284
1411,208,-229
1358,326,-424
1375,607,-387
1318,569,-197
1277,365,-26
1254,291,-16
1205,202,-84
1367,458,-168
1430,527,-182
1389,423,-185
1274,87,-25
957,-240,238
740,-233,582
677,6,686
755,-81,508
925,549,145
910,764,2
1035,836,-77
1016,754,-121
886,492,-275
797,335,-393
724,65,-459
809,40,-450
844,32,-305
656,-15,-197
693,68,-217
682,16,-118
602,58,-259
566,141,-304
536,118,-234
520,92,-200
548,229,-256
540,222,-237
420,-25,-151
309,-247,-51
322,-160,-101
451,-5,-146
472,20,-160
472,10,-79
465,226,-42
369,138,8
306,103,79
302,17,123
242,-126,75
308,31,-13
276,-5,-78
242,-6,-70
146,-120,-46
45,-59,-71
-7,-134,-50
-139,-182,-155
-153,-219,-182
-160,-315,-193
-114,-287,-207
-91,-153,-178
-154,-173,-167
-158,-100,-131
-163,-139,-127
-189,-161,-73
-207,-249,-14
-228,-321,-53
-141,-186,-100
-115,11,-102
-244,-209,-4
-266,-205,7
-202,-55,-46
-195,-12,-60
-278,-188,2
-314,-173,29
-406,-326,-10
-367,-248,-93
-340,-279,-189
-348,-348,-193
-384,-297,-131
-441,-301,-95
-606,-565,-117
-627,-517,-180
-570,-352,-170
-568,-284,-206
-616,-176,-271
-710,-293,-178
-842,-414,-116
-903,-330,-29
-913,-416,-24
-847,-272,-60
-897,-328,-4
-1008,-422,99
-1023,-357,248
-1020,-162,306
-1074,-251,479
-1181,-381,524
-1275,-254,530
-1253,-164,549
-1232,82,570
-1282,-56,539
-1195,-184,387
-1227,-108,361
-1241,72,398
-1266,-94,529
-1280,-93,565
-1278,-119,542
-1210,-77,547
-1169,-18,441
-1051,20,448
-1092,-159,458
-1090,-247,433
-966,-100,386
-874,54,331
-866,-89,383
-859,-149,368
-949,-378,323
-958,-401,358
-888,-257,342
-761,-181,304
-768,-200,293
-795,-124,287
-920,-245,365
-993,-244,415
-933,-166,400
-883,-262,381
-989,-364,361
-1020,-202,359
-1017,-99,380
-972,-98,398
-1014,-176,362
-1082,-267,352
-1021,-264,395
-888,-79,365
-802,-39,232
-638,-28,64
-550,225,-83
-612,240,-63
-676,-3,0
-547,55,13
-487,33,-6
-429,153,-27
-380,37,-153
-204,264,-303
-181,259,-324
-235,131,-217
-245,-19,-186
-155,39,-203
-32,180,-258
-59,39,-274
-133,-129,-306
-191,-273,-441
-106,-181,-771
162,29,-1277
137,-109,-1771
117,-246,-1978
-52,-554,-2164
21,-473,-2283
118,-476,-2473
133,-494,-2411
142,37,-2367
515,1057,-2230
517,1084,-2151
528,476,-2028
402,-188,-2322
444,-972,-2522
489,-1204,-2516
378,-917,-2421
262,-1153,-2310
350,-270,-2111
678,409,-2314
766,547,-2738
947,994,-2702
823,868,-2405
790,423,-1885
575,-227,-1773
710,-87,-2044
896,549,-2242
663,-60,-2055
528,-238,-1838
618,130,-1772
626,416,-1766
489,-111,-1608
556,-170,-1511
459,101,-1499
460,293,-1193
281,-292,-986
201,-758,-1113
211,-315,-1300
214,62,-1413
-207,-792,-1311
-384,-5,-992
-299,421,-759
-187,221,-546
-178,-280,-432
-75,82,-317
-281,-255,-186
-48,-1048,-50
-38,-264,174
-56,50,199
-91,97,309
-141,142,205
-295,346,-19
-188,780,-141
-419,332,-270
-311,184,-297
-190,285,-269
-125,-98,-23
-272,-245,-17
-147,-11,-8
-191,-128,-7
-106,-659,114
-88,-1585,-127
-129,-902,-91
235,1799,-676
91,2482,-708
-129,2664,-867
-178,2140,-745
-405,1139,-537
-412,336,-302
-461,293,-181
-562,475,-344
-520,-40,-98
-755,-308,-259
-564,-317,-267
-440,-969,-244
-204,-1562,79
-418,-2114,168
-256,-1876,569
-416,-103,235
-647,416,-125
-735,648,-363
-971,111,-239
-938,-19,-71
-632,-132,61
-645,-570,246
-731,-324,377
-775,-452,346
-759,-538,326
-899,-470,9
-946,-709,-218
-1044,-752,-176
-893,-1241,110
-440,-844,249
-1070,-821,-44
-2223,-1433,2236
-1520,-1602,401
-1218,-1905,-351
-1796,-3004,643
-2061,-4824,1738
-1636,-3405,1357
574,923,-30
-861,1583,363
-1660,494,-48
-539,2043,461
-510,1506,333
-475,1013,370
-505,501,105
-579,652,-103
-605,752,-508
-662,-23,-725
-755,-492,258
-654,37,42
-633,802,-23
-687,720,-3
-630,316,66
-617,-62,177
-589,220,-88
-739,-215,-140
-796,-484,-288
-629,89,-221
-450,187,-312
-394,-306,-348
-500,-369,-337
-921,175,-521
-897,757,-584
-881,336,-709
-673,274,-651
-567,261,-696
-794,33,-482
-880,-241,-386
-946,-333,-403
-852,-79,-181
-743,163,-94
-355,169,-109
-302,-101,-130
137,-289,4
-161,-582,-360
-600,-470,-791
-519,-533,-871
-342,-686,-592
-151,-700,-252
-126,-488,-240
-50,-333,-99
-201,-312,-45
-334,255,14
-432,-266,420
-1150,-66,59
-564,-171,65
-366,57,-24
-309,101,-89
-351,366,-63
-231,454,45
-67,148,136
-72,5,60
-133,190,-28
-146,194,-114
-51,-79,-111
-36,-111,-52
-177,101,-173
-126,-15,-224
-103,-225,-178
224,-543,-64
31,-358,-32
-48,-282,-2
-119,14,-83
-242,12,-132
-52,111,-2
-28,124,6
-166,56,-65
-277,-67,-158
-269,-53,-148
-207,-198,-143
2,-237,-151
-69,-210,-92
-78,-191,-96
-139,-151,-43
-190,-140,1
-75,97,28
-9,246,32
-89,203,9
-242,57,-36
-205,-73,-44
169,71,76
-9,-162,17
-25,140,-16
-63,-117,-103
-30,-19,-135
-109,38,-138
12,-68,-75
-30,-76,-35
36,-145,-79
12,-134,-55
35,-33,-55
-26,35,-73
-52,-41,-72
-24,-105,-15
33,-198,-35
80,-58,-7
50,-167,11
63,-90,60
142,-30,79
124,21,85
88,273,47
58,119,58
88,34,70
90,-4,80
107,-6,81
133,-17,100
118,12,105
16,143,50
17,111,46
77,128,64
74,87,39
87,-26,-12
119,24,11
182,206,27
183,187,0
270,276,-16
301,211,-1
374,106,-27
422,22,-46
506,80,-72
516,38,-77
603,30,-76
548,126,-87
595,153,-65
544,154,-51
544,196,-51
499,237,-39
483,216,-36
506,157,-22
510,143,-12
509,50,41
427,-172,89
467,-402,141
597,-227,163
695,-196,142
893,-117,62
993,-180,68
1113,-237,48
1240,-212,24
1390,-300,46
1524,-310,55
1675,-344,56
1817,-410,90
2012,-285,82
2038,-231,118
2043,455,189
1987,-139,239
1694,-3,189
2158,-79,282
2004,64,206
2036,138,237
2534,218,322
2256,16,394
1863,-173,288
1556,-44,161
1240,31,98
1204,190,49
1144,162,-22
1073,146,-90
1011,177,-136
971,102,-157
865,88,-110
769,56,-29
752,36,9
813,84,53
801,57,74
787,58,63
798,140,80
692,133,130
710,208,154
670,225,190
484,64,185
526,289,204
524,208,204
513,161,191
294,138,145
292,157,15
286,23,-58
288,18,-146
175,74,-277
123,-52,-337
29,-239,-387
-3,-171,-362
72,-124,-281
61,-129,-152
32,-115,-68
-84,-187,68
-97,-161,133
-67,-75,120
-19,-144,103
64,-193,82
86,-372,150
-105,-519,275
-161,-505,272
-72,-566,202
-32,-588,159
-6,-623,170
-2,-731,167
-13,-761,211
-4,-841,219
35,-892,234
74,-1023,254
107,-1092,247
117,-1220,255
83,-1184,243
62,-1173,238
72,-1204,243
36,-1250,255
97,-1350,258
89,-1398,180
187,-1282,183
190,-1225,177
154,-1254,163
170,-1125,227
100,-1119,209
131,-1059,187
160,-1090,171
130,-1185,194
156,-1188,226
178,-1252,261
126,-1304,305
75,-1289,317
85,-1258,337
40,-1251,322
141,-1197,294
36,-1223,302
12,-1263,293
-11,-1314,255
17,-1296,210
29,-1314,189
84,-1339,193
92,-1433,210
66,-1484,215
19,-1492,198
-22,-1485,184
2,-1410,172
48,-1404,181
75,-1324,197
42,-1305,176
39,-1297,166
29,-1303,189
-15,-1236,159
-3,-1158,134
-1,-1161,117
3,-1124,157
-17,-1193,202
-14,-1178,223
-30,-1102,230
-28,-1007,216
-9,-1002,186
3,-912,145
8,-866,129
1,-953,133
1,-947,134
25,-970,133
31,-965,134
39,-951,125
26,-904,112
35,-869,107
35,-895,144
50,-847,170
32,-866,182
-29,-868,202
-31,-816,180
-6,-750,191
5,-779,187
-25,-818,174
-32,-845,143
-57,-844,95
-25,-779,46
33,-729,41
21,-790,38
-47,-837,33
-75,-793,29
-64,-740,56
18,-718,123
34,-653,139
20,-615,130
-6,-647,120
-2,-522,70
-5,-289,36
-5,-170,33
-60,-114,11
-98,-17,-12
-60,110,-5
-81,206,-8
-105,366,-58
-99,517,-160
-143,609,-216
-119,803,-261
-128,945,-267
-156,1104,-295
-259,1270,-343
-258,1605,-392
-317,1766,-354
-270,1831,-324
-342,1347,-339
-409,1871,-411
-360,1764,-339
-309,1937,-289
-287,1791,-273
-183,1488,-196
-138,1423,-63
-71,1303,144
-47,1478,234
-44,1405,202
16,1631,115
39,1579,34
82,1450,-99
103,1270,-186
90,1200,-227
1,1080,-264
-126,1027,-300
-201,1144,-292
-171,1192,-249
-203,1181,-207
-170,1229,-161
-133,1221,-114
-141,1227,-77
-124,1243,-94
-99,1282,-118
-101,1292,-150
-91,1251,-187
-81,1218,-224
-94,1298,-233
-107,1285,-216
-94,1280,-210
-93,1276,-188
-96,1268,-193
-112,1241,-208
-83,1293,-237
-84,1374,-236
-61,1324,-179
-55,1216,-141
-50,1157,-120
-46,1146,-89
-32,1223,-120
-4,1200,-138
-46,1183,-169
-62,1166,-176
-44,1165,-173
-41,1214,-140
-30,1183,-105
-35,1156,-105
-29,1157,-127
-15,1221,-131
-3,1209,-138
-19,1235,-139
-69,1219,-139
-72,1217,-133
-100,1198,-132
-97,1307,-148
-134,1241,-158
-128,1211,-218
-157,1166,-262
-123,1211,-273
-151,1316,-273
-160,1322,-256
-124,1305,-208
-39,1286,-188
-4,1268,-190
2,1272,-172
-26,1318,-137
-72,1386,-116
-80,1429,-88
-87,1367,-56
-40,1241,-29
-24,1233,-26
-19,1208,-46
-63,1162,-55
-67,1192,-103
-45,1296,-118
72,1463,-138
175,1388,-12
136,1312,-44
120,1229,-60
106,1147,-62
76,1111,-78
70,1190,-93
92,1167,-75
106,1204,-67
131,1309,-65
135,1316,-54
162,1170,-46
135,978,-65
84,923,-51
61,893,-30
80,892,-29
82,930,-3
86,859,41
101,951,-5
60,878,-35
76,780,-85
9,617,-93
-44,588,-64
-1,734,-34
-14,682,-55
21,745,-75
-25,687,-110
-88,725,-136
-56,576,-141
-67,557,-156
-5,685,-193
9,735,-177
3,822,-180
57,921,-177
71,797,-168
78,670,-135
60,569,-107
28,564,-103
-23,695,-145
-6,751,-151
-47,650,-165
-20,655,-175
-10,608,-146
-25,496,-94
-32,497,-65
-13,486,-57
14,485,-64
5,412,-67
26,387,-54
-94,369,-75
-38,459,-123
-1,507,-152
-23,455,-146
-129,416,-148
-148,381,-132
-168,211,-137
-98,359,-125
-150,393,-103
-135,207,-103
-93,339,-53
-117,264,-59
-121,350,-31
-66,248,-10
-25,202,-19
9,186,-26
14,195,-51
-19,189,-77
-17,127,-68
-27,82,-75
-36,49,-81
-12,24,-49
-34,-26,-39
-55,18,-31
-99,-37,-18
-69,-62,-29
-67,-107,-37
-54,-169,-29
19,-180,-25
-44,-251,-25
-19,-266,-9
17,-248,-7
32,-313,8
55,-371,-3
58,-435,-8
66,-475,4
43,-539,35
62,-738,92
63,-841,119
136,-800,153
165,-793,139
228,-815,137
292,-840,140
305,-887,137
357,-964,146
397,-901,180
426,-924,204
380,-942,203
225,-933,207
233,-926,249
235,-938,264
169,-895,256
128,-846,259
154,-893,250
167,-961,240
158,-970,235
88,-979,249
84,-1041,205
35,-1024,160
52,-979,148
58,-1023,177
47,-988,160
84,-977,157
64,-940,150
46,-834,145
37,-797,141
29,-796,146
21,-848,138
8,-809,145
35,-778,148
29,-820,172
45,-848,170
43,-913,146
58,-977,153
50,-987,151
33,-920,137
39,-805,115
52,-869,127
14,-711,97
4,-577,41
46,-427,32
75,247,-1
90,-308,-38
127,19,-13
189,-97,7
250,-223,45
435,-627,118
482,-551,171
535,-699,177
670,-714,229
729,-670,256
786,-593,189
855,-454,139
903,-222,71
970,-35,9
1166,877,-93
1050,915,-146
1180,1235,-378
1311,1184,-264
864,609,-186
679,263,-76
616,234,130
652,681,282
556,642,355
563,644,355
542,605,393
525,602,463
456,328,565
568,540,587
712,803,507
487,705,543
552,404,580
577,255,539
545,387,522
435,216,513
404,323,492
546,506,481
548,625,479
575,480,416
423,428,436
432,113,412
492,-185,408
376,-95,305
435,80,290
349,58,236
343,156,219
261,148,228
253,75,260
191,-35,250
247,55,261
167,36,309
136,112,295
101,147,302
114,213,302
122,130,335
74,195,298
-28,112,261
-49,235,252
-50,134,186
-35,221,300
-36,49,245
-40,-163,219
-68,-239,192
-82,-288,167
-95,-213,162
-90,-80,149
-88,-37,152
-111,-56,128
-133,-87,81
-72,-128,78
-84,-325,64
-85,-368,72
-68,-361,26
-99,-430,-3
-74,-458,15
-120,-460,6
-134,-430,-21
-117,-541,-33
-210,-581,-119
-270,-554,-127
-355,-507,-132
-410,-576,-119
-467,-619,-103
-432,-588,-70
-481,-636,-83
-547,-727,-93
-666,-813,-98
-761,-891,-48
-853,-1159,69
-897,-1148,127
-748,-778,60
-716,-736,66
-746,-1101,4
-732,-1281,-12
-850,-883,-312
-362,-249,-207
-878,-1045,-231
-1007,-1147,-277
-1038,-1145,-177
-926,-1007,-45
-948,-991,-115
-852,-709,-105
-899,-906,-92
-846,-1067,-36
-800,-1079,-84
-923,-845,-203
-987,-863,-210
-981,-662,-166
-912,-547,-64
-958,-529,-85
-1077,-557,-180
-1035,-464,-144
-1008,-460,-75
-972,-504,76
-884,-386,242
-902,-239,223
-835,-150,209
-892,-282,213
-1016,-439,281
-946,-326,206
-869,-186,-2
-865,46,-183
-881,128,-256
-895,27,-190
-1201,-291,-11
-1316,-359,62
-1394,-291,-102
-1394,-110,-196
-1151,-122,-39
-864,-449,222
-890,-1027,365
-959,-953,263
-991,-786,170
-699,-177,81
-535,-61,118
-489,-174,146
-517,-182,147
-635,-254,123
-635,-275,149
-489,-287,200
-447,-296,211
-322,-282,224
-198,-289,264
-97,-308,251
-140,-557,313
68,-469,253
203,-623,244
219,-835,321
293,-1209,460
367,-1373,551
401,-1494,494
373,-1310,343
554,-1466,402
694,-1387,430
637,-1351,305
630,-1693,363
487,-1413,238
663,-887,80
645,-867,-69
725,-915,-2
802,-888,3
850,-1264,227
1061,-1398,246
865,-1997,210
781,-1979,283
797,-2197,309
855,-2273,393
1071,-1874,153
1020,-2442,-276
907,-2393,-134
1299,-2202,55
1044,-1611,-117
817,-1247,-170
695,-1087,-153
869,-593,-274
638,-321,-331
517,-356,-403
440,-680,-300
569,-798,-247
582,-1257,-243
613,-1480,-267
667,-1030,-341
528,-664,-368
473,-632,-205
367,-645,-123
313,-740,-243
361,-503,-359
408,-169,-427
392,-313,-433
280,-262,-385
233,-162,-357
283,-233,-301
390,-311,-324
335,-413,-315
332,-403,-341
354,-217,-341
302,-190,-199
291,-37,-210
225,-69,-238
306,-249,-260
433,-9,-118
642,1087,124
616,1306,249
872,1343,1009
398,752,167
398,-513,-110
226,-1253,-343
236,-1212,-361
431,-1127,-179
507,-1039,-114
156,-478,-225
218,-616,-337
140,-1097,-450
63,-1195,-472
-85,-1115,-436
-11,-807,-351
-62,-336,-195
-110,9,-133
-27,-32,-131
59,-152,-157
71,-232,-130
66,-259,-131
-90,-224,-72
-59,-175,2
79,-265,-3
62,-72,-49
15,-2,-82
2,57,-55
40,83,13
79,89,29
78,34,19
16,-76,48
-13,-41,47
28,-54,44
24,69,28
36,118,61
47,91,42
59,81,29
35,109,8
5,113,-6
-21,49,-17
-44,58,8
-91,95,-2
-106,171,1
-177,219,-18
-225,246,-12
-331,347,-35
-445,370,-17
-571,411,26
-692,450,32
-743,529,77
-747,609,89
-676,560,106
-473,731,151
-432,732,223
-422,713,198
-558,824,233
-592,912,336
-543,774,217
-750,734,297
-701,660,146
-647,417,315
-343,540,359
-508,717,91
-656,644,-32
-404,553,142
-97,709,-356
-480,212,-87
-329,52,-105
-422,-144,0
-439,-55,-24
-478,109,-46
-590,272,-62
-684,464,-67
-704,498,-35
-608,477,4
-649,393,16
-630,423,6
-628,661,6
-636,511,0
-693,553,-122
-796,491,-182
-702,565,-229
-557,595,-211
-460,547,-229
-397,613,-206
-311,483,-240
-238,366,-254
-212,277,-185
-91,98,-141
30,-68,-71
81,-74,-102
54,-69,-127
45,-12,-173
-37,-8,-172
-71,-19,-217
30,-221,-147
33,-413,-129
-41,-379,-235
-234,-183,-351
-181,-126,-278
-88,-296,-177
0,-307,-213
2,-450,-206
148,-702,-156
267,-870,-92
305,-938,-56
270,-730,-117
177,-800,-82
175,-795,-51
272,-1023,135
316,-1109,280
396,-1069,376
481,-1115,508
412,-1092,671
371,-1027,773
525,-1067,920
626,-896,1032
428,-570,976
377,-417,942
318,-515,1101
255,-605,1280
130,-504,1353
53,-279,1195
-152,-3,944
-411,246,787
-509,217,882
-556,8,1083
-585,136,1296
-729,401,1459
-739,836,1434
-646,837,1325
-1002,648,1341
-1833,1255,592
-1344,463,710
-1180,220,486
-1012,76,657
-795,221,652
-1138,-187,915
-1217,-549,858
-1216,-19,540
-1029,99,398
-1061,59,465
-1021,238,493
-1220,336,543
-1345,219,598
-1313,299,587
-1478,437,612
-1522,465,674
-1590,682,731
-1450,782,740
-1476,743,852
-1521,690,891
-1758,906,1423
-1359,826,1186
-1112,650,932
-1196,1006,816
-1428,976,926
-1473,640,1270
-2674,-206,1055
-1478,116,1090
-998,363,1436
-1442,158,1342
-1488,672,1147
-1406,761,1046
-1040,840,926
-837,903,874
-1022,710,876
-1064,1056,626
-1212,720,588
-1093,591,749
-891,491,765
-700,23,697
-645,-701,765
-603,-794,714
-508,-682,606
-334,-446,690
-458,-503,604
-487,-893,663
-465,-778,756
-726,-510,1000
-852,-509,1046
-1079,313,1136
-1248,232,1344
-726,-660,1175
-543,-1036,1040
-564,-1025,885
-598,-934,586
-318,-581,250
-293,141,118
-345,374,224
-340,266,316
-317,13,385
-343,-201,424
-122,108,370
-145,443,341
-161,1002,460
-293,973,458
-439,1017,607
-2393,4092,335
288,1047,310
17,1266,25
227,959,97
-128,1301,26
-102,1230,-38
-256,1395,-142
-303,1460,-142
-280,1703,2
96,2860,61
177,1767,-101
119,1817,-147
218,1283,-137
440,1644,348
931,1646,314
776,1265,-24
411,842,-119
209,3057,57
-2241,9657,-925
-1618,4621,-1808
-205,701,86
-11,-9,-20
-11,1,-16
-18,-2,23
-27,37,-7
62,427,-3
-31,-97,-15
-221,-1048,-18
-12,-39,-8
34,-149,68
-38,90,90
-37,81,90
-34,70,27
-11,-6,34
-11,-19,74
-15,0,-7
-10,-4,-2
-11,-3,-7
-10,0,-6
-12,-8,-8
-11,1,-9
-11,-4,-6
-9,5,-6
-12,-2,-7
-13,-2,-10
-14,0,-10
-16,-4,-5
-15,-1,-8
-13,1,-7
-13,-3,-6
-16,-1,-7
-17,-2,-9
-12,3,-4
-7,1,-5
-7,-2,-6
-11,0,-1
-11,-3,17
-9,-6,31
-16,5,9
-13,-2,-9
-18,-6,-5
-10,-3,-5
-6,-5,-7
-15,0,-7
-10,-5,-9
-16,-5,-9
-10,-3,-7
-9,-8,-9
-11,-2,-7
-15,-2,-7
-15,-2,-13
-9,-6,-6
-8,0,-10
-13,0,-10
-17,-4,-8
-12,-5,-12
-12,1,-8
-15,-1,-8
-14,-1,-6
-11,0,-10
-11,-6,-8
-13,0,-5
-12,-1,-12
-6,-5,-8
-15,2,-9
-7,-3,-10
-15,-11,-4
-13,-2,-10
-17,-2,-11
-14,-4,-10
-13,-6,-10
-11,-1,-8
-9,0,-8
-13,-6,-9
-12,1,-9
-12,-6,-6
-14,-2,-8
-10,-7,-8
-11,-6,-4
-13,-4,-8
