-2168,-2399,7504
-2178,-2439,7516
-2188,-2365,7500
-2164,-2391,7530
-2174,-2415,7572
-2132,-2363,7532
-2112,-2441,7580
-2202,-2435,7520
-2092,-2435,7564
-2136,-2373,7516
-2138,-2407,7522
-2160,-2421,7482
-2150,-2393,7510
-2138,-2399,7518
-2152,-2425,7508
-2156,-2395,7530
-2152,-2387,7522
-2120,-2447,7640
-2156,-2409,7488
-2170,-2385,7458
-2206,-2413,7540
-2164,-2437,7532
-2174,-2399,7506
-2198,-2431,7474
-2146,-2355,7520
-2164,-2427,7560
-2224,-2395,7542
-2180,-2377,7526
-2166,-2385,7492
-2130,-2383,7520
-2126,-2423,7546
-2162,-2423,7500
-2186,-2481,7534
-2170,-2351,7524
-2176,-2405,7544
-2150,-2393,7520
-2146,-2433,7562
-2154,-2403,7552
-2182,-2419,7542
-2170,-2409,7528
-2156,-2389,7572
-2130,-2415,7500
-2204,-2419,7504
-2158,-2409,7548
-2164,-2413,7522
-2134,-2369,7528
-2158,-2405,7490
-2138,-2385,7574
-2166,-2387,7504
-2176,-2385,7558
-2176,-2391,7470
-2178,-2385,7538
-2176,-2369,7576
-2180,-2385,7616
-2168,-2381,7470
-2210,-2437,7502
-2214,-2397,7432
-2226,-2417,7658
-2196,-2413,7748
-2358,-2479,7770
-2192,-2353,7780
-2332,-2311,7458
-2534,-2293,7286
-2422,-2297,7296
-2568,-2331,7242
-2476,-2339,7388
-2522,-2265,7270
-2502,-2227,7344
-2562,-2323,7416
-2466,-2355,7468
-2410,-2391,7468
-2446,-2375,7490
-2388,-2355,7490
-2390,-2321,7430
-2340,-2361,7398
-2326,-2485,7572
-2370,-2407,7502
-2374,-2371,7460
-2406,-2265,7320
-2480,-2301,7418
-2474,-2277,7456
-2488,-2427,7542
-2336,-2431,7504
-2404,-2527,7528
-2400,-2485,7592
-2662,-2515,7574
-2720,-2359,7360
-2536,-2307,7266
-2242,-2221,7364
-1704,-2305,8336
-2572,-2159,7260
-2730,-1935,8282
-3580,-1141,7686
-3720,-809,7996
-2720,-703,8852
-1972,-289,8112
-1960,-149,7552
-1842,79,6376
-1472,583,5510
-1896,95,7344
-2846,-1299,9926
-3470,-2091,13556
-4036,-785,9454
-5634,-1923,9902
-3738,-1293,8260
-2612,-1423,7526
-2056,-1879,7674
-1706,-2241,7760
-1374,-2039,7552
-1654,-2463,8500
-2636,-3169,9260
-2984,-3431,9162
-2272,-2989,7652
-1752,-2799,6966
-1598,-2647,6678
-1932,-2649,6928
-2528,-3207,7712
-2580,-2709,6652
-2342,-2423,5664
-2270,-2207,5394
-2492,-1985,5864
-2884,-1791,6600
-3070,-1529,7016
-3186,-1471,7620
-2992,-1181,7798
-2630,-817,7536
-2454,-663,7060
-2462,-743,7164
-2570,-661,7244
-2846,-625,7568
-3114,-553,7462
-3166,-563,7582
-2934,-405,7540
-2732,-423,7644
-2762,-429,7576
-2748,-325,7338
-2814,-239,7406
-2626,-121,7458
-2608,-81,7528
-2730,-231,7624
-2636,-95,7406
-2804,-311,7676
-3070,-457,7266
-2938,-695,7374
-3290,-1085,7110
-3456,-1151,6264
-3686,-1227,5552
-3956,-1475,5942
-3986,-1521,6240
-4082,-1495,6340
-4106,-1963,6552
-3536,-2061,5350
-80,483,7514
-4550,1939,8150
-2138,831,4934
-2530,-145,7904
-2580,-1337,8388
-2732,-1565,8886
-3054,-1105,8134
-2812,-1909,8300
-2186,-2101,8414
-1944,-1879,7998
-2472,-2349,8210
-2648,-2163,8046
-2658,-2397,8078
-4806,-4127,11392
-2904,-2021,7404
-3182,-2573,7764
-2896,-2285,7516
-2546,-2271,7572
-2712,-2387,7456
-1918,-2899,8486
-2262,-2827,8102
-2274,-2739,8108
-2366,-2239,7484
-2404,-2499,7580
-2462,-2515,7412
-2300,-2455,7450
-2278,-2399,7514
-2250,-2423,7408
-2234,-2595,7590
-2156,-2603,7676
-2140,-2387,7360
-2138,-2561,7596
-2072,-2443,7522
-2134,-2543,7524
-2062,-2347,7350
-2082,-2609,7536
-2166,-2379,7284
-2150,-2469,7304
-1856,-2647,7724
-1762,-2837,7924
-1810,-2599,7564
-1748,-2747,7576
-1840,-2729,7504
-1856,-2793,7638
-1730,-2685,7438
-1830,-2687,7568
-1768,-2787,7616
-1652,-2727,7674
-1730,-2743,7596
-1696,-2779,7666
-1642,-2761,7644
-1536,-2711,7656
-1562,-2693,7664
-1584,-2687,7634
-1534,-2561,7548
-1612,-2595,7506
-1600,-2585,7590
-1536,-2537,7586
-1582,-2539,7500
-1500,-2557,7608
-1452,-2601,7720
-1520,-2521,7596
-1502,-2507,7600
-1530,-2557,7574
-1550,-2577,7632
-1556,-2621,7694
-1406,-2475,7668
-1318,-2501,7636
-1388,-2417,7638
-1380,-2459,7710
-1432,-2501,7604
-1370,-2489,7630
-1474,-2503,7624
-1408,-2565,7678
-1560,-2315,7624
-1644,-2303,7516
-1630,-2443,7632
-1438,-2211,7542
-1582,-2323,7558
-1588,-2487,7548
-1704,-2531,7518
-1524,-2517,7492
-896,-2523,7800
-1070,-2847,7872
-1790,-3121,7484
-1578,-3107,7550
-1668,-3511,7708
-1928,-3921,7534
-1696,-3819,6904
-1788,-4221,7370
-1816,-4571,7518
-1792,-4407,7780
-3040,-2525,9522
-3126,-1017,9498
-3488,-309,9160
-4118,-861,10126
-4208,-287,8004
-4860,-819,7452
-4656,-1225,7420
-4016,-1471,7648
-3018,-1707,8032
-2334,-1823,8182
-1998,-2079,8650
-1528,-2065,8460
-1616,-2299,8150
-2012,-2669,8648
-2308,-2743,8534
-2148,-2493,7846
-2136,-2585,8094
-2582,-3095,9184
-2542,-3071,8712
-2566,-3371,8416
-2560,-3511,8542
-2194,-3461,8088
-2258,-3401,7240
-2352,-4053,8426
-1942,-4489,9272
-1464,-4141,8502
-1364,-4249,8260
-1334,-3925,7244
-894,-3273,5986
-970,-2875,6152
-1546,-3177,7684
-2344,-2651,7368
-2630,-1951,6628
-3060,-1789,6674
-3208,-1401,6514
-3228,-1351,6442
-2784,-1041,6402
-2856,-1809,7690
-2174,-1293,7130
-1858,-1349,6966
-1986,-1275,7134
-2082,-1135,6754
-2506,-1011,6492
-3150,-1259,6872
-3566,-1307,6736
-3540,-1255,6006
-3464,-1395,6000
-3402,-1501,5828
-3542,-1389,5982
-3746,-1329,6690
-3846,-1291,6526
-3694,-1609,6182
-4096,-723,152
-4190,171,9434
-1196,1059,7418
-338,-529,9002
792,-1171,9796
-14,-799,8868
-2002,-767,6920
-3488,-1349,7652
-3044,-2879,9500
-2922,-1867,7940
-4432,-2411,7212
-4676,-2797,7482
-4574,-3423,7364
-2456,-2853,9172
-3010,-2791,8212
-2320,-2841,8148
-2188,-2803,8296
-2202,-2759,8004
-2038,-2529,7888
-2192,-2551,7710
-2014,-2693,7982
-2200,-2613,7686
-2108,-2757,7918
-2442,-2449,7480
-2658,-2499,7318
-2406,-2403,7392
-2630,-2445,7396
-2684,-2469,7424
-2370,-2455,7318
-2388,-2363,7236
-2444,-2365,7296
-2448,-2523,7436
-2400,-2511,7408
-2398,-2429,7448
-2406,-2491,7484
-2434,-2515,7388
-2480,-2609,7386
-2496,-2525,7334
-2454,-2613,7392
-2472,-2517,7286
-2450,-2531,7346
-2400,-2655,7556
-2412,-2615,7526
-2402,-2611,7490
-2418,-2621,7430
-2478,-2519,7318
-2436,-2605,7362
-2364,-2597,7562
-2438,-2501,7360
-2448,-2401,7238
-2490,-2539,7450
-2352,-2627,7572
-2512,-2545,7192
-2644,-2571,7212
-2700,-2641,7174
-2722,-2521,7082
-2636,-2603,7274
-2586,-2735,7324
-2592,-2799,7426
-2560,-2795,7282
-2582,-2737,7298
-2626,-2845,7458
-2558,-2869,7400
-2496,-2819,7252
-2434,-2723,7230
-2428,-2697,7264
-2546,-2695,7182
-2606,-2693,7152
-2622,-2715,7204
-2536,-2881,7320
-2570,-2731,7298
-2504,-2847,7294
-2438,-2829,7360
-2368,-2839,7398
-2458,-2617,7326
-2604,-2647,7148
-2594,-2679,7500
-2620,-2845,7428
-2772,-2955,7258
-2806,-3119,7350
-2822,-3315,7740
-2808,-3547,7174
-2576,-3721,6852
-2750,-4345,8470
-3514,-4707,7986
-5922,-1523,9880
-5034,267,8812
-5424,267,8770
-4458,449,7610
-4486,235,8196
-4432,327,7834
-4480,-83,8444
-3868,89,7566
-3822,-805,8930
-3866,-977,8564
-3976,-1673,9162
-3912,-2223,8260
-3300,-2987,8546
-1912,-2817,8060
-2778,-3277,8828
-2690,-3057,8004
-3426,-3381,9286
-3534,-3899,10734
-3384,-3309,9184
-3170,-3241,8740
-3034,-3411,8748
-2880,-3679,9064
-2720,-4773,10424
-1522,-3727,7542
-1194,-3465,6666
-2110,-4021,7734
-2026,-3539,6992
-1704,-3313,6578
-2178,-3647,7436
-2016,-3151,6400
-1698,-2541,5544
-2292,-2457,5614
-2934,-2109,5706
-2956,-1757,5986
-3144,-1771,6484
-2804,-1239,6028
-2640,-987,5988
-2422,-879,6008
-2662,-439,6052
-3264,-723,6806
-3336,-395,6564
-3444,-519,6240
-3492,-743,5674
-3242,-991,5608
-3116,-1219,5826
-2662,-1369,5638
-2584,-1429,5822
-1646,-1057,6960
-6096,3841,3734
-3552,921,8336
-5468,-933,7792
-7014,-1347,7964
-5410,-1135,7568
-2692,-1559,9418
-1210,-1901,10658
-1608,-1517,9668
-2838,-1209,8072
-3304,-1761,8730
-2936,-1339,8288
-3324,-1345,7788
-4274,-1269,6968
-4488,-1075,6522
-3988,-1237,6772
-3684,-1449,7222
-3170,-1809,8068
-4172,-2141,7620
-3904,-1983,7530
-3958,-2317,8048
-4168,-2181,7556
-4074,-1735,6918
-4088,-1743,6894
-3932,-1739,7122
-3974,-1599,7052
-3800,-1583,6794
-3474,-1327,6362
-3822,-1281,5974
-4044,-1691,6800
-3510,-1729,6820
-3594,-2149,7140
-3340,-2085,6978
-3252,-2319,7414
-2942,-1749,6672
-2950,-2011,7146
-2722,-2021,6850
-2664,-2591,7862
-1498,-3139,9474
-1330,-2469,8264
-1626,-2635,8138
-1778,-2481,7852
-1864,-2463,7654
-1864,-2551,7770
-1844,-2427,7626
-1906,-2403,7604
-1702,-2371,7708
-1766,-2295,7588
-1764,-2329,7622
-1746,-2311,7582
-1790,-2321,7482
-1870,-2321,7588
-1784,-2367,7642
-1844,-2353,7570
-1782,-2223,7442
-1758,-2305,7502
-1786,-2445,7608
-1656,-2423,7598
-1694,-2455,7644
-1524,-2595,7672
-1416,-2563,7700
-1644,-2507,7586
-1702,-2499,7484
-1618,-2691,7844
-1672,-2509,7694
-1852,-2573,7630
-1886,-2679,7654
-1792,-2677,7574
-2018,-2743,7454
-1770,-2711,7504
-1934,-2717,7426
-1698,-2603,7714
-2072,-2987,7698
-2308,-3191,7686
-2310,-3351,7202
-2256,-3481,7296
-2352,-3825,7118
-1660,-2207,4896
-1884,-5465,9058
-2176,-3827,6454
-2590,-5223,7522
-4430,-2737,10880
-3626,177,9724
-3382,-537,9028
-4438,383,8622
-4488,339,8280
-4830,25,8764
-4564,61,8030
-4144,-255,8486
-4072,-559,8198
-3610,-1105,8288
-3526,-1725,8206
-3324,-2057,8258
-3116,-2261,8050
-3228,-2695,8474
-2884,-2811,8228
-2278,-2857,7562
-664,-2127,9696
-1616,-2861,8524
-2464,-4343,12476
-3428,-4677,11908
-2996,-3907,8484
-2286,-3593,7094
-1724,-3381,6636
-1748,-3807,7974
-1046,-3393,8132
-728,-3325,8496
-1864,-3965,8502
-1596,-3365,7468
-698,-2533,6684
-1156,-2799,7270
-1112,-2181,7962
-1840,-2065,6622
-2796,-1583,5862
-3720,-1659,5982
-3510,-1379,5762
-3284,-1375,5512
-3366,-1567,5298
-3468,-2043,4730
-3624,-2667,4820
-3312,-2771,5056
-3216,-2727,4556
-3396,-2993,4388
880,-2241,964
-2288,-4815,-172
-4646,-1009,14226
892,-617,6584
1038,-2571,12144
-1244,-2687,9390
-4044,-2915,8342
-3616,-3729,10036
-2034,-3223,9792
-3460,-3517,9078
-4098,-4303,9244
-2334,-2625,8766
-3278,-2547,7502
-1396,-3267,9150
-1900,-2805,8304
-1586,-2839,8326
-1742,-2767,8050
-2024,-2885,8062
-1872,-2511,7590
-2156,-2617,7526
-2090,-2415,7410
-2110,-2649,7562
-2206,-2591,7482
-2074,-2649,7504
-2178,-2723,7480
-2128,-2687,7474
-2242,-2631,7422
-2206,-2625,7352
-2164,-2657,7438
-2072,-2525,7384
-2200,-2333,7190
-2146,-2565,7418
-2042,-2601,7398
-1886,-2661,7678
-1716,-2617,7692
-1760,-2657,7640
-1600,-2673,7612
-1630,-2599,7566
-1608,-2589,7628
-1612,-2659,7622
-1444,-2675,7582
-1466,-2679,7582
-1402,-2553,7612
-1492,-2633,7596
-1450,-2581,7614
-1456,-2561,7584
-1442,-2651,7702
-1394,-2623,7586
-1612,-2691,7674
-1388,-2823,7648
-1396,-2657,7648
-1402,-2591,7612
-1458,-2609,7488
-1396,-2683,7574
-1314,-2653,7626
-1200,-2715,7592
-1396,-2645,7624
-1406,-2575,7576
-1640,-2537,7572
-1728,-2517,7586
-1820,-2367,7586
-1838,-2437,7656
158,-2855,10370
-1748,-2405,8228
-1312,-3041,7644
-1308,-3531,8202
-1284,-3785,7942
-1198,-3733,7992
-1098,-4149,7856
-2840,-1079,9446
-2804,-569,13792
-4460,371,7768
-3550,-37,8132
-3858,-283,8650
-3598,-281,8152
-3948,-721,8428
-3824,-1007,8756
-3104,-1381,8280
-2364,-1919,8160
-2524,-2575,8420
-2790,-3017,8522
-2950,-3187,7800
-3404,-3425,7794
-3668,-3813,7612
-4034,-4057,7394
-4270,-4417,7458
-4360,-4987,7880
-3458,-4675,7778
-2912,-4249,7184
-3174,-4223,7068
-2476,-3923,7302
-2430,-3457,7016
-2822,-3695,8278
-3740,-4527,9928
-2270,-3457,8058
-1458,-2799,6770
-1806,-2887,6700
-2240,-2679,6290
-2956,-3251,6952
-4228,-4435,9106
-3194,-3125,6996
-2678,-2293,5642
-3242,-2519,6428
-3082,-2871,7004
-2272,-2889,6804
-2270,-3535,7358
-2112,-3319,6680
-1722,-2947,5804
-1844,-2831,5682
-2012,-2861,6056
-2628,-3355,6648
-2958,-3295,6176
-2346,-2987,4882
-2410,-3417,5016
-924,-3869,2064
-792,-3647,4892
-2264,-139,11916
1084,-1025,9226
1050,-2259,11038
-1244,-2007,9346
-3728,-2839,8846
-3488,-2715,8526
-2500,-2217,8330
-2466,-2341,8166
-2848,-2307,7648
-4616,-3947,10844
-2844,-1545,6450
-2446,-2623,7988
-2426,-2251,7538
-2444,-2591,7814
-1954,-2447,7986
-1726,-2657,8022
-1734,-2631,7994
-1754,-2817,8114
-1692,-2643,7836
-1594,-2541,7640
-1722,-2801,8140
-1758,-2967,8092
-1446,-2625,7818
-1296,-2577,7758
-1452,-2553,7596
-1518,-2627,7674
-1412,-2555,7682
-1438,-2607,7662
-1414,-2495,7686
-1270,-2523,7678
-1240,-2579,7736
-1148,-2525,7672
-1136,-2529,7660
-1168,-2505,7624
-1106,-2473,7692
-1218,-2653,7688
-1084,-2467,7442
-1358,-3045,8458
-1244,-2529,7606
-1036,-2605,7750
-1182,-2505,7666
-1152,-2497,7712
-1086,-2539,7646
-1126,-2511,7662
-1114,-2551,7678
-1256,-2563,7688
-1212,-2495,7682
-1212,-2555,7702
-1116,-2513,7726
-1108,-2583,7780
-946,-2505,7608
-1474,-2677,8146
-1474,-2315,7418
-1334,-2599,8558
-1368,-2167,7680
-1288,-2465,7750
-1252,-2365,6590
-546,-2373,8288
-1150,-2983,7390
-1000,-3761,8034
-1060,-3165,8834
-1054,-3897,7836
-1134,-3715,8114
-1566,-4343,8258
-2390,-2465,10344
-6052,-387,9622
-6104,-1353,11172
-4824,395,7744
-3114,133,8338
-2658,125,9080
-1872,415,8834
-2094,45,8944
-2310,-471,9110
-2470,-1161,9130
-2380,-1813,9154
-2270,-2143,8864
-2294,-2917,9136
-2034,-3767,9570
-1794,-3675,7924
-3016,-3997,8616
-2812,-4461,9234
-2492,-3963,8920
-2400,-3859,9156
-2328,-4087,9796
-1592,-3445,7990
-850,-3607,6200
-58,-4757,9346
-612,-3597,8824
-340,-2713,7392
-578,-2745,7464
-720,-3165,7642
-1048,-2911,7624
-1172,-2497,6878
-1860,-1857,5966
-2814,-2477,6612
-2878,-2743,6660
-2768,-2021,5792
-3178,-1939,6126
-3008,-2101,6240
-2814,-1753,5656
-2296,-1743,5950
-2098,-1997,6236
-2200,-2137,5804
-2120,-2389,5624
-2326,-2553,5032
-2764,-2817,5078
-1482,-3467,2002
-1444,-2117,3160
-3108,1115,12604
1162,195,7160
-1526,-3323,13510
-3424,-2479,9886
-5064,-2375,8576
-4360,-2087,8784
-2796,-1917,8668
-2842,-1427,8082
-3700,-1641,7622
-4534,-1807,7316
-4022,-1643,7286
-4670,-1581,6646
-5044,-1963,6906
-4440,-1749,6638
-4372,-2123,7498
-4320,-1785,6936
-4450,-2039,7172
-4104,-1823,6990
-4278,-1917,7058
-4188,-1815,6816
-4366,-1813,6824
-4106,-1747,6856
-4192,-1843,6754
-4192,-1867,6956
-4214,-1687,6596
-4174,-1679,6538
-4104,-1667,6418
-4234,-1725,6436
-4096,-1703,6464
-4040,-1563,6262
-4174,-1839,6624
-3942,-1665,6390
-3956,-1917,6640
-4056,-2175,7098
-3592,-2053,7084
-3526,-2119,7102
-3404,-2135,7228
-3518,-2119,7262
-3478,-2113,6946
-3134,-2313,7288
-3140,-2439,7402
-3056,-2483,7434
-3048,-2375,7292
-3098,-2429,7388
-3034,-2407,7232
-3024,-2343,7164
-2972,-2427,7300
-2858,-2453,7240
-2808,-2507,7244
-2794,-2567,7228
-2826,-2517,7154
-2802,-2709,7960
-2644,-2647,7390
-2590,-2759,7584
-2486,-2621,7484
-2502,-2525,7348
-2512,-2465,7326
-2396,-2559,7392
-2318,-2743,7530
-2316,-2717,7502
-2880,-2799,7136
-2776,-2963,7252
-2816,-3059,7124
-2586,-3303,7000
-2498,-3459,7098
-2560,-3849,7524
-2722,-4289,7402
-3062,-4463,7530
-5600,-2359,9682
-4638,-103,8726
-5376,-487,8936
-4338,489,8886
-3752,409,8478
-3918,221,8306
-4100,13,8192
-4202,-157,7622
-4462,-709,8034
-4776,-1251,8092
-4756,-1695,7974
-4556,-2001,7828
-4198,-2447,7902
-3682,-2677,7824
-3246,-2681,7768
-2728,-3099,7750
-2804,-3151,8346
-2828,-3985,10914
-2918,-3641,8930
-1706,-3129,7734
-1496,-3645,5758
-1274,-5151,8922
-1884,-4319,9500
-1708,-3471,7844
-1774,-3619,7950
-2114,-3045,6826
-2202,-2739,6322
-2894,-2699,6788
-3070,-2573,7030
-2962,-2301,6720
-2950,-1899,6342
-3358,-1655,6570
-3452,-1505,6796
-3316,-1527,7008
-3552,-1635,6938
-3216,-1641,6094
-2960,-1585,5784
-2830,-1843,6008
-2508,-1727,5790
-2562,-2169,6020
-2566,-2351,5612
-2716,-2353,5032
-3010,-2487,5162
-3492,-2737,5470
-3490,-2513,5302
424,-3117,348
-4576,371,12146
262,389,6368
-510,-2199,11972
-2090,-2759,9382
-4384,-2567,8722
-4370,-2775,8902
-3272,-3611,10284
-2292,-2409,8796
-3402,-2425,7932
-5380,-3575,9140
-3834,-2231,7578
-3310,-2121,7460
-3578,-2457,7890
-3430,-1997,7208
-3566,-1959,7066
-3460,-2033,7268
-3564,-2167,7002
-3084,-2089,7248
-3168,-1961,7056
-3128,-2307,7530
-2980,-2131,7228
-3048,-1959,6866
-2968,-2153,7126
-3090,-2043,7078
-2938,-2249,7460
-2750,-2459,7746
-2720,-2449,7676
-2738,-2459,7548
-2728,-2285,7338
-2648,-2371,7412
-2754,-2377,7310
-2720,-2223,7148
-2718,-2411,7344
-2692,-2397,7418
-2482,-1977,6688
-2634,-2663,7454
-2618,-2385,7120
-2400,-2253,7224
-2532,-2517,7358
-2566,-2429,7338
-2542,-2559,7386
-2546,-2581,7584
-2502,-2477,7470
-2474,-2463,7420
-2620,-2337,7052
-2596,-2517,7144
-2626,-2591,7172
-2586,-2675,7378
-2630,-2665,7270
-2620,-2631,7298
-2624,-2615,7232
-2606,-2521,7194
-2546,-2479,7326
-2514,-2515,7246
-2458,-2581,7462
-2440,-2527,7188
-2400,-2539,7402
-2838,-2735,7188
-2530,-3071,7310
-2802,-3209,7312
-2886,-3349,7684
-2666,-3799,6510
-2696,-3863,6790
-2836,-4177,6740
-3084,-4929,7690
-4918,-2645,11184
-4500,-237,9976
-3392,-441,9128
-3832,257,9240
-3614,209,8706
-4408,169,7992
-4692,-23,7352
-5098,-367,7348
-4920,-781,7570
-4516,-1229,7628
-4038,-1763,7874
-3962,-2515,8450
-3630,-3059,8046
-3360,-3611,8024
-3256,-3891,8030
-2782,-3587,7384
-2346,-3389,6374
-3212,-4925,11270
-5024,-5725,11582
-4374,-4103,6728
-3860,-4421,6044
-3306,-3893,6812
-2636,-4117,7756
-2386,-4203,7948
-2202,-3963,7572
-1464,-3221,6306
-1288,-3057,6354
-1250,-2745,6554
-1968,-2879,7664
-2478,-2421,7164
-2456,-1375,6108
-3132,-1249,6020
-3624,-1245,6292
-3794,-1221,6524
-3744,-995,6042
-3452,-827,5948
-3428,-801,5948
-3404,-1441,6518
-3312,-1531,6396
-3642,-1983,6458
-3752,-2149,5446
-3934,-2617,5080
-4300,-3365,4800
-4184,-3763,3332
-1624,-4273,-3718
-5054,-39,10062
438,627,8772
1554,-2341,11818
2572,-2603,12174
-1294,-1961,9118
-4888,-1183,5670
-6246,-4447,9688
-3308,-3269,9732
-3560,-3105,8794
-7026,-5273,10144
-3100,-2509,7864
-3606,-2699,7806
-3428,-2591,7686
-3904,-2401,7328
-3524,-2119,7070
-3340,-2077,6996
-3326,-2189,7020
-3308,-2123,6980
-3430,-2165,6868
-3262,-2321,7244
-3104,-2525,7546
-3272,-2399,7260
-3200,-2479,7442
-3194,-2301,7008
-3078,-2299,7078
-3032,-2399,7194
-2986,-2519,7412
-3020,-2597,7454
-3074,-2513,7170
-3102,-2381,7176
-3034,-2481,7288
-3208,-2471,7044
-3146,-2403,7056
-3180,-2383,6962
-3162,-2285,6818
-3132,-2471,7078
-3080,-2449,7068
-3008,-2761,7412
-3026,-2663,7288
-2902,-2581,7198
-3018,-2543,7096
-3020,-2531,7050
-2992,-2523,7092
-2980,-2615,7098
-2998,-2645,7156
-2918,-2693,7140
-2896,-2657,7080
-2884,-2661,7132
-2898,-2615,6982
-2832,-2681,6988
-2764,-2723,7044
-2746,-2687,7064
-2692,-2845,7290
-2594,-2923,7428
-2676,-2857,7310
-2510,-2757,7340
-2512,-2735,7240
-2448,-2785,7376
-2424,-2811,7354
-2394,-2775,7378
-2324,-2733,7246
-2398,-2603,7260
-2434,-2547,7332
-2692,-2761,7322
-2134,-3427,7216
-2760,-3517,6798
-3138,-3753,7258
-3144,-3825,7574
-3126,-4043,7260
-3298,-4769,6806
-2262,-3491,10536
-2196,-71,11426
-3924,625,10574
-4426,241,11056
-4952,819,7982
-4900,133,8326
-5092,47,7876
-5118,-439,8098
-5356,-995,8144
-5276,-1485,7790
-5216,-2253,7836
-5002,-2937,7730
-4750,-3407,7634
-4742,-3681,7594
-5050,-4099,7936
-4902,-4069,7418
-4814,-3793,6856
-4422,-3445,6406
-5026,-4595,8528
-5038,-4799,9858
-5062,-4619,8572
-4550,-4315,6570
-3970,-4401,9830
-3500,-4343,7798
-1838,-3823,8012
-2070,-4085,7808
-2080,-4277,7688
-1862,-4155,6872
-2026,-4201,6574
-3028,-4353,5710
-3410,-4041,4350
-3728,-4353,4510
-4006,-4603,5280
-4036,-4113,4818
-4146,-3945,3950
-4558,-4085,3824
-4484,-4669,4140
-4346,-5127,3664
-3786,-5641,3652
-2154,-5547,3958
-2498,-1049,8566
1266,981,8508
2888,-1571,11078
3408,-3365,14068
3750,-1987,11870
-1454,-2307,10014
-4412,-2195,7688
-2678,-2343,8886
-2184,-2961,10328
-3734,-2505,8250
-4234,-2085,7210
-3622,-2257,8168
-3856,-2389,7816
-3980,-2451,7684
-2748,-1349,6806
-3092,-1685,6584
-3136,-1455,6418
-3260,-2027,7448
-3292,-2125,7328
-3068,-1981,7222
-2812,-2065,7448
-3012,-2125,7478
-2934,-2207,7176
-2960,-2351,7726
-2730,-2475,7624
-2496,-2223,7580
-2452,-2405,7656
-2406,-2269,7612
-2702,-2389,7204
-2050,-2627,7960
-1864,-2685,8132
-1786,-2457,7760
-1834,-2433,7702
-1926,-2405,7648
-1936,-2523,7704
-1880,-2411,7622
-1892,-2437,7650
-2016,-2375,7478
-1826,-2343,7698
-1752,-2501,7932
-2088,-2593,7724
-1742,-2383,7746
-1638,-2551,7800
-1784,-2307,7484
-1694,-2429,7712
-1730,-2471,7676
-1876,-2337,7550
-1810,-2425,7594
-1730,-2297,7692
-1804,-2395,7612
-1796,-2445,7676
-1686,-2357,7650
-1710,-2449,7690
-1724,-2401,7744
-1668,-2331,7712
-1764,-2343,7630
-1744,-2323,7630
-1718,-2339,7666
-1608,-2365,7678
-1496,-2263,7700
-1746,-2253,7712
-1734,-2153,7638
-2134,-2117,7490
-2214,-2265,7666
-1206,-2381,7824
-1466,-2551,7706
-1236,-2661,7964
-3314,-1907,9206
-5726,-689,8604
-5462,-771,9430
-3984,437,8288
-3250,581,8310
-2612,627,8714
-2044,481,9108
-2012,567,9272
-2194,285,9166
-2330,217,8704
-2738,-301,9048
-2660,-469,8856
-2948,-1091,8742
-2784,-1379,8264
-3024,-2021,8366
-3294,-2235,7834
-3082,-2155,6588
-3470,-2825,7096
-2396,-2579,7492
-2286,-3353,8812
-3488,-4135,10546
-3550,-4479,10594
-3142,-3333,7442
-3138,-3317,6798
-3706,-3919,7966
-3092,-3327,7274
-2910,-2841,6226
-3872,-3591,7614
-4426,-3433,6876
-4244,-2881,5374
-5300,-4161,6818
-5306,-3957,6172
-4752,-3545,5092
-5458,-4577,5482
-6106,-5077,4984
-4732,-5215,3862
-3686,-5473,3074
-3300,-6129,4244
-3298,-6595,5188
-2358,-6153,4738
-884,-5961,4344
4506,-5711,4850
-2264,-4509,5056
-1954,-187,13040
2808,-313,11380
2630,-2903,14958
280,-2539,11916
-5054,-1667,7768
-4878,-3043,8984
-856,-1705,9334
-2044,-1779,8958
-5164,-1077,5996
-6278,-1267,5884
-4960,-1031,6296
-4378,-691,5924
-4226,-631,5658
-3626,-629,5912
-4708,-1487,6868
-5226,-1691,6960
-5248,-1867,6978
-4198,-1489,6754
-4438,-1385,6390
-3842,-1129,5800
-5056,-1695,6848
-3458,-1573,6876
-4210,-2573,7858
-3528,-1353,6664
-3282,-2247,7664
-3412,-1409,6348
-3120,-1797,6832
-3908,-2503,8198
-2208,-1539,6822
-2836,-1885,6686
-2570,-3151,9460
-1826,-2005,8240
-1574,-2693,8664
-1390,-2415,8318
-1574,-2291,7906
-1422,-2299,7890
-1292,-2219,7894
-1364,-2331,8012
-1316,-2077,7754
-1250,-2127,7868
-1228,-2067,7786
-1188,-2061,7800
-1138,-2083,7856
-1216,-2061,7826
-1090,-2003,7700
-1186,-2349,8084
-1054,-2089,7830
-1176,-2153,7840
-1092,-2075,7828
-1068,-2137,7924
-1182,-2021,7884
-1188,-2207,7950
-1242,-2131,7874
-1250,-2133,7884
-1124,-2103,7902
-1098,-2137,7832
-1080,-2147,7832
-1008,-2123,7962
-954,-2057,7940
-856,-1961,7916
-974,-1883,7784
-1224,-2077,7820
-1218,-1991,7994
-1582,-2107,7898
-1942,-1673,7934
236,-2429,8096
-1602,-1613,8418
-4828,-1643,8062
-5816,-1591,7972
-3932,-1453,8674
-2676,-949,8180
-2072,-787,8002
-1600,-577,7668
-1530,-605,8056
-1792,-681,8226
-2298,-1085,8932
-2338,-961,7974
-2518,-1075,7686
-2464,-1153,7736
-2650,-1327,8018
-2674,-1483,8214
-2826,-1885,8796
-2762,-1949,8126
-2794,-1917,7896
-2936,-1949,7552
-2502,-2329,7780
-2334,-1875,6790
-3170,-2399,8210
-4974,-3331,9094
-4172,-2483,7328
-3872,-2335,6548
-3916,-2473,6680
-4206,-3009,7258
-3408,-2717,6738
-4026,-3479,8206
-4446,-3951,8864
-2764,-3189,7376
-1894,-2809,6250
-2708,-3301,7138
-3436,-3375,7278
-3176,-2805,6422
-3168,-2661,6338
-4056,-2895,6456
-4250,-2775,6114
-4236,-2907,6116
-3870,-2747,5910
-3592,-2885,5752
-3314,-3213,5918
-3392,-3257,5422
-3456,-3463,5638
-2434,-3843,5300
-1862,-4689,5830
-1062,-5041,5416
-50,-5765,5406
896,-6215,5098
786,-1459,12292
4164,-75,9420
3196,-1639,10494
-1504,-2091,8486
-4676,-1917,6620
-3366,-2929,8264
-3626,-6341,14736
-3248,-2591,7176
-2658,-2637,8158
-2876,-2631,8088
-2628,-2301,7550
-2362,-2381,7774
-2102,-2257,7632
-1882,-2401,7680
-1796,-2221,7552
-1830,-2251,7564
-1994,-2317,7556
-1760,-2537,7708
-1730,-2475,7792
-1602,-2455,7608
-1646,-2609,7648
-1760,-2605,7758
-1722,-2629,7578
-1732,-2589,7480
-1746,-2637,7604
-1714,-2721,7602
-1644,-2627,7710
-1746,-2559,7556
-1748,-2609,7490
-1698,-2601,7580
-1698,-2655,7594
-1684,-2621,7598
-1664,-2659,7548
-1686,-2705,7582
-1704,-2635,7526
-1694,-2675,7528
-1684,-2723,7596
-1686,-2743,7518
-1638,-2681,7578
-1610,-2661,7552
-1596,-2669,7538
-1604,-2681,7588
-1580,-2677,7560
-1566,-2587,7604
-1584,-2595,7572
-1490,-2629,7568
-1498,-2607,7532
-1418,-2713,7550
-1396,-2705,7628
-1380,-2659,7596
-1352,-2739,7544
-1422,-2719,7614
-1422,-2663,7608
-1406,-2753,7588
-1492,-2765,7658
-1294,-2705,7644
-1410,-2747,7614
-1360,-2689,7588
-1422,-2683,7678
-1490,-2669,7648
-1636,-2591,7612
-1572,-2469,7612
-1662,-2545,7606
-1806,-2555,7688
-968,-2607,7420
-2152,-2827,7750
-856,-3017,7818
-646,-3173,7890
-1606,-3273,7890
-1132,-3303,7690
-1486,-2979,8266
-8210,-2005,8114
-9710,-1661,8148
-6312,-969,8904
-2834,19,8230
-636,605,8902
556,945,9378
832,983,9788
546,729,10196
-76,337,9820
-728,-61,9276
-1680,-893,9618
-2798,-1457,8920
-3290,-1931,8474
-4022,-2385,7860
-4136,-2561,7372
-3756,-2619,7366
-2538,-2403,8038
-1582,-3197,10034
-1096,-3591,10060
-244,-3023,8160
-8,-3461,5894
508,-4383,8114
356,-3891,9066
594,-3547,9128
-28,-3385,10042
-1054,-2797,8712
-1066,-2025,6890
-1180,-2063,6840
-1172,-2121,6840
-1102,-2311,7452
-1168,-2321,8028
-1224,-2409,7870
-1684,-2507,6504
-2288,-2821,6354
-2098,-3085,6578
-1756,-2741,5876
-1964,-2797,5800
-2348,-3069,5740
-2646,-2951,5026
-2490,-3149,4924
-2500,-3691,5420
-2382,-3697,5108
1070,-4605,-512
-2222,-45,10562
1076,75,9256
158,-3179,10854
-2742,-3381,9528
-4148,-3501,9576
-2688,-3159,9018
-4014,-6731,15726
-2468,-2697,8458
-2234,-2839,8114
-2532,-2625,7932
-2140,-2437,7858
-2060,-2339,7682
-2108,-2587,7840
-1850,-2405,7776
-2020,-2399,7496
-2138,-2443,7546
-2054,-2475,7510
-2034,-2617,7606
-1904,-2391,7460
-1980,-2843,8006
-1816,-2661,7630
-1720,-2733,7652
-1796,-2761,7608
-1756,-2839,7616
-1586,-2795,7524
-1630,-2791,7778
-1628,-2777,7504
-1546,-2837,7490
-1502,-2821,7500
-1622,-3011,7370
-1454,-2839,7394
-1566,-2991,7574
-1716,-2981,7624
-1626,-2823,7434
-1606,-2921,7566
-1586,-2893,7498
-1508,-2835,7510
-1550,-2843,7474
-1516,-2885,7554
-1552,-2811,7506
-1552,-2831,7518
-1616,-2849,7552
-1522,-2817,7498
-1522,-2863,7544
-1548,-2831,7506
-1578,-2789,7524
-1626,-2837,7496
-1588,-2821,7524
-1374,-2533,6660
-1520,-2811,7558
-1562,-2777,7454
-1600,-2845,7526
-1630,-2911,8124
-1576,-2903,7690
-1556,-2819,7720
-1578,-2765,7512
-1556,-2763,7496
-1588,-2793,7532
-1636,-2755,7524
-1574,-2743,7508
-1638,-2807,7574
-1568,-2865,7526
-1458,-2597,7566
-1282,-2863,7516
-1554,-2831,7504
-1620,-2981,7408
-1606,-2897,7700
-1866,-2837,7862
-1864,-3383,7412
-3594,-5525,10910
-1876,-3587,7652
-1318,-3493,7184
-1556,-4335,7216
-2080,-4683,8062
-2904,-3723,9808
-3320,-917,11620
-2460,387,9718
-3214,139,10364
-2908,789,7724
-3558,375,8146
-3710,391,7944
-3688,215,7776
-3674,-267,8384
-3598,-657,8726
-3332,-1081,9012
-3128,-1409,9114
-2896,-1807,9314
-2648,-2145,9478
-2208,-2587,9628
-1738,-2625,9178
-1590,-2887,9672
-1892,-3535,10660
-2204,-3491,9620
-2368,-3461,8914
-2450,-3573,8882
-2352,-3951,9142
-1702,-4191,8888
-486,-3763,8722
724,-3993,7250
1496,-3849,7046
1274,-4287,7226
902,-4175,6450
278,-3947,6022
-476,-3553,5824
-1592,-3243,5526
-2476,-2983,5166
-2830,-2897,5366
-2918,-2831,5266
-2222,-2759,4892
-2278,-3173,5148
2022,-3155,872
-1324,-1727,2324
-6428,1279,10706
-6158,-919,4018
-6714,-3297,9662
-3856,-2711,9554
-2038,-2443,9742
-438,-2561,10248
-2264,-2485,8862
-4212,-2823,7952
-6490,-5047,10892
-4154,-2255,7340
-4642,-2947,8118
-3570,-1839,7002
-3168,-2237,7404
-3200,-2199,7368
-2488,-2401,7900
-3148,-2409,7688
-3368,-2451,7630
-3526,-2337,7292
-3556,-2191,6972
-3648,-2559,7304
-3600,-2271,6908
-3562,-2341,6958
-3690,-2219,6866
-3622,-2415,7156
-3700,-2261,6964
-3742,-2221,6624
-3898,-2303,6446
-3564,-2439,7136
-3712,-2251,6880
-3766,-2185,6728
-3762,-2263,6648
-3804,-2199,6674
-3664,-2301,6932
-3760,-2305,6742
-3720,-2155,6512
-3590,-2379,7096
-3688,-2303,6778
-3550,-2315,6800
-3514,-2431,6942
-3494,-2495,7274
-3346,-2423,6998
-3268,-2515,7128
-3250,-2485,7150
-3240,-2549,7106
-3318,-2535,7062
-3368,-2609,7150
-3254,-2627,6980
-3180,-2571,7116
-3252,-2727,7242
-3172,-2459,6930
-3156,-2589,6968
-3154,-2619,6994
-3116,-2677,7112
-3048,-2731,7254
-3106,-2801,7226
-3002,-2743,7190
-3038,-2737,7226
-3018,-2753,7168
-3044,-2623,7062
-3072,-2541,7066
-3042,-2799,7250
-2944,-2705,7244
-2808,-2647,7448
-2922,-2493,7050
-2988,-2609,7558
-2964,-2663,7320
-2960,-2903,7096
-2964,-2813,7302
-3026,-2753,7046
-3370,-2611,6532
-3418,-3207,6960
-3674,-2993,8196
-3538,353,10888
-3912,1451,11124
-3438,1583,11280
-3556,1669,8446
-4206,1141,8182
-4362,1039,7364
-4840,233,8196
-5296,-559,8616
-5446,-1157,8178
-5156,-1597,7362
-4730,-1927,6974
-4716,-2773,7878
-4140,-2617,8220
-4182,-3541,9498
-3780,-2959,7306
-2896,-2503,6078
-2234,-1915,6134
-1444,-1915,6598
-1512,-1595,7788
-3614,-5341,13530
-4276,-4449,10726
-2748,-3219,6542
-2128,-3107,5826
-1620,-3119,5652
-942,-3077,6466
-1328,-4477,10132
-2250,-4695,9990
-1864,-3049,6272
-964,-2769,5412
-1550,-3105,5862
-1996,-3199,6222
-2454,-2833,6228
-2882,-2547,6210
-3678,-2463,6026
-4158,-1789,5232
-3876,-1607,5534
-3192,-1697,6008
-2566,-1991,6400
-2170,-2217,6042
-1874,-2335,4830
-2108,-2945,4426
-2584,-3249,-2144
-972,-2401,7408
-2984,835,10762
598,-1029,6922
-1810,-3285,10998
-3490,-2785,8088
-5070,-3887,8880
-3758,-3471,9018
-3218,-4233,9046
-2368,-3115,9284
-2490,-2909,8542
-2346,-2513,7992
-2230,-2471,7968
-2112,-2427,7782
-2188,-2409,7798
-2332,-2213,7514
-2268,-2343,7542
-2356,-2391,7468
-2274,-2389,7516
-2182,-2541,7706
-1990,-2467,7658
-2000,-2557,7614
-1934,-2483,7608
-1868,-2813,7884
-1902,-2739,7746
-1732,-2585,7636
-1790,-2561,7688
-1736,-2543,7464
-1626,-2815,7876
-1630,-2649,7970
-1504,-2531,7422
-1606,-2649,7710
-1530,-2613,7500
-1562,-2651,7662
-1450,-2639,7572
-1534,-2539,7486
-1694,-2749,7640
-1264,-2403,7858
-1536,-2551,7414
-1784,-2831,7632
-1620,-2843,7680
-1788,-2603,7436
-1570,-2675,7586
-1622,-2573,7528
-1592,-2655,7574
-1606,-2747,7616
-1596,-2825,7604
-1466,-2685,7644
-1454,-2745,7588
-1606,-2775,7570
-1588,-2789,7586
-1664,-2801,7558
-1704,-2735,7578
-1670,-2713,7526
-1682,-2767,7524
-1644,-2713,7498
-1648,-2725,7570
-1636,-2803,7526
-1578,-2799,7504
-1708,-2713,7522
-1756,-2649,7456
-1666,-2615,7488
-1656,-2593,7502
-1608,-2631,7546
-1604,-2669,7542
-1666,-2655,7526
-1158,-2529,7504
-1738,-2751,7754
-1220,-2857,7818
-2696,-3097,7708
-1778,-3275,6878
-1788,-3531,7372
-1620,-3683,7592
-1522,-3999,7398
-1690,-4313,7324
-1738,-4531,7940
-2560,-3875,9088
-3492,-1607,10732
-3174,43,9798
-3120,-279,10192
-4636,-473,9352
-4178,-235,7780
-3900,-429,8012
-3336,-609,8256
-2602,-643,8116
-2238,-1059,8974
-1646,-1145,8752
-904,-1347,8834
-536,-1559,8768
-150,-1835,9236
368,-2037,8860
310,-2275,9836
652,-1015,10932
568,-2171,8230
780,-2125,8338
818,-2537,9222
594,-2899,9798
186,-3825,11172
-152,-4967,13330
-1120,-4619,10650
-700,-4183,7660
254,-4637,8352
788,-4877,7936
1618,-4393,7046
1204,-4451,6312
724,-4609,5688
264,-4577,4734
-390,-4761,5422
-1002,-4195,4692
-1356,-4261,5230
-1456,-4219,5200
-1516,-3975,4604
-2066,-5105,1698
1052,-6229,2490
-3814,811,11354
-4884,-735,5860
-5282,-2689,9174
-3376,-2565,8366
-2360,-2933,10478
-1878,-2377,9164
-2644,-2371,8530
-2144,-2061,8240
-1492,-1917,7764
-3390,-3861,10038
-2528,-2187,8288
-2390,-2587,8090
-2200,-2245,7534
-2146,-2703,8102
-1522,-2593,8266
-1698,-2381,7936
-1668,-2433,7764
-1832,-2627,7836
-1690,-2339,7430
-1804,-2417,7818
-1668,-2271,7276
-1514,-2465,7486
-1484,-2727,8038
-1458,-2581,7838
-1540,-2577,7622
-1710,-2673,7816
-1564,-2619,7678
-1554,-2575,7680
-1538,-2513,7620
-1520,-2509,7632
-1604,-2501,7642
-1570,-2499,7570
-1524,-2497,7650
-1668,-2643,7552
-1510,-2525,7728
-1552,-2441,7540
-1536,-2413,7626
-1468,-2503,7628
-1642,-2579,7612
-1582,-2603,7624
-1362,-2069,6854
-1504,-2481,7614
-1388,-2441,7444
-1548,-2701,7710
-1500,-2519,7562
-1360,-2205,6578
-1546,-2579,7776
-1576,-2535,7404
-1520,-2553,7572
-1586,-2541,7570
-1574,-2517,7610
-1622,-2625,7504
-1530,-2695,7650
-1618,-2765,7566
-1708,-2805,7524
-1538,-2823,7566
-1598,-2775,7588
-1540,-2773,7612
-1680,-2739,7572
-1646,-2741,7488
-1708,-2731,7454
-1616,-2735,7484
-1596,-2587,7442
-1798,-2635,7368
-1916,-2889,7402
-1946,-3001,7486
-1934,-3197,7662
-1820,-3569,7266
-2042,-4011,7318
-2054,-3793,7584
-1678,-4257,7272
-1950,-4033,7490
-2124,-4573,8058
-3332,-3643,8664
-1758,-1189,10200
-134,371,10878
-112,845,10516
-2046,-147,10916
-4310,583,9126
-5064,565,8480
-4448,159,8890
-2866,-339,9102
-1700,-1219,10092
-1416,-1775,9756
-1630,-2131,9060
-1908,-2451,8936
-1822,-2623,9062
-1452,-2963,9364
-714,-3119,8774
32,-3111,8698
62,-3093,8320
276,-3309,8844
-168,-3747,9026
-766,-4839,10530
-1582,-5429,9948
-1580,-5107,7726
-1304,-5479,7770
-994,-5713,7952
-538,-5369,7762
-262,-4613,6252
-880,-4447,6266
-1496,-4365,6670
-1762,-3857,5654
-1878,-3877,5658
-1860,-3919,5808
-1530,-3611,5392
-1600,-3539,5056
-1522,-3805,5258
-1738,-3871,5486
-1768,-3701,5364
-1502,-3305,5420
450,555,2534
-2856,2269,10784
-1306,287,5718
-3156,-2233,10146
-2576,-1951,8258
-2258,-1633,8534
-1916,-1729,7906
-1624,-1185,7410
-2228,-2015,7486
-2898,-2355,7072
-5530,-5275,9680
-1410,-3087,10158
-2614,-3099,8200
-1252,-2867,8756
-1626,-2589,8314
-1654,-2353,7864
-1786,-2591,7918
-1930,-2487,7744
-2100,-2469,7550
-2070,-2511,7562
-2052,-2451,7560
-1818,-2447,7720
-1800,-2569,7686
-1678,-2537,7572
-1758,-2647,7720
-1706,-2603,7612
-1704,-2573,7506
-1758,-2587,7536
-1634,-2527,7522
-1646,-2615,7618
-1654,-2573,7532
-1606,-2571,7562
-1590,-2839,7782
-1494,-2471,7630
-1726,-2811,7760
-2194,-3747,10700
-1802,-2647,7916
-550,-1289,6390
-1280,-2587,7578
-1400,-2673,7570
-1450,-2719,7692
-1516,-2797,7594
-1582,-2747,7588
-1442,-2685,7638
-1416,-2733,7608
-1382,-2781,7600
-1446,-2751,7574
-1376,-2813,7576
-1550,-2809,7570
-1518,-2799,7546
-1462,-2779,7572
-1466,-2743,7588
-1472,-2745,7600
-1466,-2711,7570
-1470,-2737,7530
-1494,-2699,7510
-1556,-2623,7530
-1544,-2633,7596
-1662,-2649,7522
-1566,-2763,7540
-1564,-2665,7490
-1596,-2779,7596
-1434,-2789,7702
-1422,-2801,7230
-1368,-2943,7444
-1726,-2901,7504
-1688,-3055,7488
-1776,-3453,7348
-2126,-3555,7304
-2022,-3969,7234
-1934,-4079,7108
-1866,-4367,7384
-1960,-4101,7260
-2036,-5295,7244
-2282,-5663,7066
-2628,-4105,8870
-1086,-1361,10086
264,31,10494
-588,429,9904
-2296,-595,9824
-3568,-53,9236
-4114,47,7532
-4506,-645,8090
-4042,-1217,8724
-2654,-1485,8776
-2102,-1783,9112
-1666,-2963,9842
-990,-3055,9770
-486,-3269,8936
-646,-3197,8440
-1204,-3051,8336
-1918,-3165,8488
-1492,-2933,7750
-678,-2603,7354
-156,-3863,8382
68,-4143,6798
-608,-3833,9498
-2534,-4107,10228
-3072,-5321,11928
-2194,-4741,8326
-1182,-4001,6634
-606,-3747,7002
-336,-3319,7300
-22,-3105,7194
-70,-3075,7650
-480,-2767,6510
-904,-2779,5844
-1064,-2721,5648
-1240,-3193,5884
-1436,-3387,5908
-1498,-3705,5562
-1634,-3895,4664
-2128,-4189,4258
-2662,-4321,4060
984,-3777,182
-3396,-897,7790
-2578,633,8676
-2658,-3085,9046
-2048,-3363,10486
-2214,-2791,8914
-3020,-2605,7754
-1996,-2697,7910
-2890,-5227,10250
-1880,-3735,10478
-1506,-3345,8922
-1648,-3003,8492
-1648,-2727,8026
-1644,-2689,7944
-1682,-2507,7604
-1578,-2475,7224
-2496,-2801,7752
-1816,-2461,7602
-1984,-2635,7544
-1808,-2557,7510
-1774,-2715,7660
-1618,-2721,7650
-1600,-2741,7626
-1712,-2649,7548
-1696,-2663,7572
-1624,-2723,7640
-1560,-2739,7586
-1474,-2685,7624
-1476,-2699,7664
-1446,-2659,7642
-1436,-2645,7578
-1364,-2605,7634
-1430,-2655,7654
-1448,-2673,7638
-1458,-2635,7618
-1498,-2627,7582
-1482,-2617,7506
-1442,-2645,7572
-1380,-2633,7624
-1414,-2697,7680
-1416,-2701,7612
-1342,-2691,7664
-1436,-2585,7598
-1296,-2653,7640
-1324,-2567,7560
-1336,-2619,7592
-1368,-2653,7604
-1388,-2589,7584
-1336,-2599,7638
-1342,-2613,7578
-1314,-2609,7598
-1340,-2627,7636
-1276,-2577,7684
-1310,-2567,7658
-1202,-2489,7550
-1246,-2651,7630
-1302,-2475,7538
-1592,-2543,7568
-1390,-2571,7614
-1304,-2601,7706
-1176,-2727,7680
-1198,-2979,7044
1038,947,-146
856,359,5618
-1084,-3813,7250
-1270,-3871,8600
-1154,-3895,8074
-2344,-7349,9998
-1604,-3929,8556
-1988,-5337,8630
-1326,-4269,7398
-1378,-4673,7776
-5364,-6605,8938
-1578,-4761,8058
-2954,-2077,9664
-4118,-33,9646
-5534,-539,10424
-5274,71,8292
-4498,-381,8392
-2860,-419,8022
-1386,-541,8352
-766,-957,8874
-850,-1531,8832
-902,-2081,9334
-1202,-2437,8854
-1640,-3001,8752
-2082,-3295,8422
-2354,-4057,9104
-2312,-3523,7570
-2780,-3931,8366
-2440,-3825,8540
-1582,-3481,7858
-1286,-3127,7246
-1630,-3959,9074
-1560,-4085,9312
-682,-3615,8000
-656,-3675,7430
-1074,-4111,7658
-1318,-4179,7250
-1330,-4347,7120
-1300,-4299,6912
-1560,-4091,6392
-2126,-3707,6044
-2924,-4141,7146
-2914,-4231,7126
-2372,-3967,5808
-2062,-4045,5428
-2068,-4453,5378
-2186,-4347,4706
-2148,-4221,4818
-1022,-4769,1968
-46,-6771,2596
1190,-2889,5330
1468,-939,14068
1918,-2031,8020
-3092,-2117,8398
-4060,-2261,6786
-2164,-1445,6400
-3054,-7049,12428
-2074,-2451,9696
-1988,-3555,8462
-1282,-2669,8438
-1234,-2731,7816
-1134,-2585,7928
-1218,-2465,7632
-1356,-2873,7774
-1362,-2693,7810
-1420,-2833,7778
-1488,-2733,7650
-1442,-2745,7586
-1308,-2761,7546
-1186,-2769,7642
-1262,-2809,7688
-1308,-2837,7604
-1288,-2841,7550
-1320,-2833,7678
-1326,-2781,7704
-1372,-2877,7808
-1320,-2903,7580
-1246,-2819,7428
-1214,-2887,7616
-1214,-2839,7554
-1266,-2861,7582
-1236,-2917,7640
-934,-2595,6600
-1190,-2833,7612
-854,-2139,5632
-1088,-2553,7172
-1264,-2875,7542
-1304,-2663,7714
-1104,-2871,8062
298,1175,696
-1170,-2781,7572
-1396,-2829,7678
-1174,-2843,7658
-1140,-2839,7638
-1230,-2843,7588
-1264,-2805,7654
-1268,-2717,7608
-1116,-2803,7634
-1102,-2701,7622
-1122,-2643,7646
-1188,-2675,7572
-1240,-2673,7588
-1264,-2645,7652
-1314,-2645,7668
-1266,-2621,7622
-1256,-2549,7680
-1372,-2509,7684
-1124,-2459,7652
-1092,-2463,7668
-870,-2547,7574
-550,-2489,7546
-1754,-2749,7092
14,-2153,6310
-776,-3049,7878
-940,-3237,8152
-974,-2967,7308
-1130,-3331,7886
-1156,-3257,7952
-1118,-3695,7694
-1100,-4071,7732
-1030,-4523,7556
-1000,-4611,7482
-1886,-3761,8710
-2764,-1347,8986
-4228,-373,9760
-4322,-601,10490
-3094,189,9250
-1928,-19,9002
-1500,-261,8752
-1590,-617,8492
-1968,-1325,9062
-2326,-1659,8806
-2438,-1883,8168
-2472,-2183,8356
-2594,-2677,8654
-1874,-3535,9306
-1550,-3283,8220
-2284,-3125,7952
-2700,-2879,7984
-3110,-3165,8674
-2596,-3105,8716
-1874,-2817,7814
-1258,-2451,7122
-28,-3329,3718
250,-3441,7036
-1192,-4433,12560
-2018,-5485,14214
-1276,-3927,9848
-646,-3265,6160
-1564,-4169,6800
-1882,-4453,7114
-1706,-4513,7180
-1846,-4219,6710
-1870,-3963,5728
-2014,-3487,5206
-2014,-3413,5466
-2234,-3197,5528
-2240,-3081,6362
-2584,-2387,5994
-2682,-1531,5626
-2748,-1445,6272
-2444,-1657,7134
-1456,-1821,5050
-82,-3943,3300
540,-6307,2412
-306,-1167,10988
1776,-993,9854
-1754,-2329,9664
-3810,-2241,6876
-3502,-2383,8218
-2034,-3221,9610
-6204,-6533,15480
-3664,-2693,8542
-2578,-3133,8782
-2610,-2365,7864
-2716,-2397,7622
-2686,-2239,7460
-2566,-2109,7386
-2398,-2571,7876
-2486,-2287,7568
-2542,-2591,7742
-2670,-2413,7358
-2514,-2467,7568
-2488,-2513,7500
-2424,-2481,7728
-2612,-2389,7348
-2534,-2419,7466
-2546,-2457,7472
-2498,-2573,7710
-2516,-2361,7338
-2552,-2455,7356
-2696,-2377,7136
-2666,-2377,7284
-2704,-2379,7232
-2684,-2385,7308
-2552,-2425,7248
-2704,-2399,7248
-2642,-2539,7420
-2710,-2423,7190
-2654,-2419,7188
-2688,-2395,7290
-2568,-2443,7288
-2456,-2513,7316
-2472,-2459,7286
-2448,-2557,7500
-2388,-2597,7484
-2358,-2573,7398
-2322,-2595,7496
-2338,-2575,7442
-2304,-2605,7416
-2300,-2633,7474
-2204,-2585,7508
-2238,-2603,7444
-2268,-2627,7446
-2240,-2607,7480
-2190,-2573,7442
-2220,-2565,7398
-2230,-2627,7436
-2284,-2585,7412
-2256,-2587,7400
-2188,-2585,7414
-2178,-2627,7474
-2188,-2639,7436
-2212,-2555,7430
-2142,-2625,7444
-2176,-2603,7506
-2146,-2585,7434
-2166,-2583,7456
-2168,-2611,7468
-2112,-2567,7422
-2108,-2571,7454
-2090,-2589,7468
-2118,-2545,7408
-2090,-2559,7426
-2024,-2571,7502
-2096,-2547,7464
-2138,-2511,7464
-2126,-2603,7464
-2108,-2561,7458
-2028,-2579,7482
-2042,-2637,7486
-2092,-2595,7430
-2006,-2607,7506
-2044,-2629,7504
-2004,-2601,7498
-1992,-2603,7484
-2044,-2607,7482
-2020,-2607,7528
-2072,-2663,7516
-2034,-2571,7518
-2008,-2581,7458
-2036,-2627,7486
-2058,-2553,7462
-2036,-2615,7466
-2038,-2577,7486
-2036,-2649,7532
-2034,-2557,7536
-2064,-2549,7468
-2102,-2489,7408
-2014,-2605,7484
-2092,-2627,7452
-2020,-2627,7446
-2056,-2597,7488
-2034,-2601,7492
-2022,-2557,7472
-2018,-2515,7442
-2020,-2533,7460
-2038,-2617,7510
-1936,-2575,7550
-1986,-2567,7482
-1988,-2541,7464
-2030,-2551,7504
-2066,-2551,7512
-2084,-2519,7476
-1994,-2565,7540
-1964,-2509,7522
-1984,-2547,7516
-2042,-2607,7480
-2006,-2583,7458
-1982,-2585,7426
-1990,-2577,7540
-1930,-2563,7502
-1992,-2621,7500
-1994,-2561,7504
-2006,-2593,7494
-1994,-2575,7494
-2030,-2479,7500
-2022,-2567,7514
-2032,-2525,7538
-1980,-2535,7474
-1994,-2537,7446
-2014,-2519,7476
-2024,-2561,7498
-2002,-2545,7518
-2022,-2553,7502
-2002,-2553,7520
-2006,-2561,7500
-2044,-2585,7500
-2024,-2537,7504
-1958,-2543,7526
-1942,-2563,7516
-1970,-2547,7486
-2020,-2551,7500
-1966,-2543,7496
-1960,-2535,7558
-1952,-2593,7526
-1964,-2595,7526
-1978,-2541,7534
-2000,-2575,7506
-2022,-2553,7448
-1970,-2551,7522
-1994,-2585,7498
-1980,-2573,7498
-1992,-2583,7500
-2016,-2569,7504
-1958,-2569,7530
-1980,-2573,7498
-1994,-2551,7492
-1938,-2585,7524
-2018,-2603,7424
-1954,-2593,7508
-1966,-2601,7526
-1992,-2601,7502
-1948,-2587,7504
-1942,-2583,7526
-1994,-2563,7514
-1990,-2547,7544
-2000,-2621,7508
-1998,-2593,7518
-1964,-2561,7508
-1988,-2607,7528
-1968,-2617,7512
-1988,-2573,7480
-1936,-2611,7502
-1952,-2543,7562
-1986,-2595,7522
-1994,-2591,7542
-1926,-2595,7484
-1992,-2577,7488
-1968,-2571,7568
-1922,-2601,7502
-1906,-2549,7534
-1908,-2623,7498
-1944,-2561,7544
-1900,-2603,7492
-2004,-2601,7478
-1952,-2585,7554
-1940,-2641,7500
-1944,-2579,7516
-1918,-2593,7508
-1960,-2601,7538
-1966,-2627,7536
-1944,-2629,7532
-1886,-2601,7514
-1914,-2617,7522
-1918,-2611,7520
-1928,-2579,7520
-1884,-2651,7518
-1920,-2621,7520
-1964,-2575,7540
-1910,-2619,7504
-1912,-2627,7524
-1908,-2541,7546
-1882,-2567,7538
-1888,-2585,7554
-1898,-2595,7502
-1930,-2615,7526
-1904,-2593,7580
-1906,-2643,7496
-1930,-2617,7526
-1884,-2595,7570
-1872,-2569,7550
-1882,-2573,7534
-1906,-2635,7542
-1868,-2573,7556
-1828,-2579,7568
-1892,-2611,7556
-1864,-2605,7530
-1868,-2591,7562
-1860,-2629,7588
-1846,-2629,7536
-1820,-2639,7540
-1846,-2657,7536
-1828,-2621,7558
-1828,-2617,7532
-1830,-2593,7578
-1790,-2603,7560
-1804,-2647,7558
-1870,-2583,7534
-1758,-2637,7510
-1814,-2641,7568
-1810,-2609,7556
-1800,-2615,7538
-1840,-2629,7550
-1820,-2631,7572
-1820,-2607,7588
-1840,-2617,7580
-1782,-2611,7526
-1834,-2653,7544
-1778,-2635,7596
-1800,-2591,7536
-1834,-2601,7590
-1744,-2587,7574
-1796,-2643,7538
-1812,-2603,7518
-1846,-2601,7540
-1836,-2575,7548
-1818,-2659,7540
-1792,-2583,7576
-1812,-2605,7558
-1812,-2627,7562
-1816,-2611,7560
-1806,-2567,7538
-1840,-2559,7532
-1826,-2563,7536
-1836,-2639,7570
-1828,-2607,7546
-1888,-2563,7574
-1784,-2595,7552
-1770,-2585,7542
-1802,-2587,7550
-1830,-2617,7544
-1848,-2573,7546
-1802,-2605,7546
-1798,-2611,7548
-1798,-2591,7520
-1810,-2617,7570
-1806,-2613,7522
-1836,-2667,7562
-1822,-2613,7562
-1834,-2635,7514
-1850,-2611,7552
-1828,-2649,7516
-1830,-2639,7542
-1818,-2609,7510
-1798,-2583,7566
-1822,-2605,7554
-1824,-2601,7522
-1784,-2619,7594
-1790,-2627,7550
-1832,-2631,7558
-1822,-2637,7570
-1828,-2653,7564
-1782,-2651,7562
-1796,-2619,7572
-1814,-2601,7532
-1790,-2635,7526
-1816,-2589,7552
-1860,-2653,7538
-1788,-2607,7604
-1820,-2653,7548
-1840,-2655,7554
-1778,-2571,7580
-1840,-2623,7564
-1776,-2673,7578
-1842,-2617,7568
-1844,-2627,7524
-1828,-2601,7556
-1868,-2587,7536
-1818,-2609,7556
-1830,-2589,7554
-1808,-2611,7530
-1790,-2587,7528
-1836,-2611,7558
-1842,-2635,7534
-1814,-2615,7560
-1804,-2579,7574
-1790,-2609,7598
-1776,-2623,7544
-1808,-2625,7550
-1830,-2637,7568
-1766,-2631,7576
-1802,-2635,7576
-1814,-2643,7596
-1760,-2567,7550
-1766,-2597,7578
-1740,-2581,7542
-1758,-2583,7578
-1724,-2549,7572
-1772,-2617,7576
-1710,-2599,7578
-1770,-2597,7574
-1738,-2611,7576
-1696,-2563,7584
-1670,-2599,7592
-1740,-2621,7574
-1740,-2629,7590
-1732,-2569,7596
-1688,-2577,7588
-1746,-2611,7552
-1714,-2579,7606
-1722,-2613,7584
-1678,-2553,7570
-1702,-2567,7568
-1702,-2577,7622
-1702,-2539,7602
-1720,-2599,7566
-1716,-2573,7582
-1748,-2597,7554
-1700,-2599,7572
-1732,-2621,7582
-1738,-2615,7584
-1656,-2597,7550
-1726,-2629,7548
-1696,-2635,7614
-1642,-2657,7558
-1694,-2601,7582
-1700,-2581,7548
-1702,-2589,7572
-1672,-2621,7550
-1690,-2629,7594
-1706,-2611,7586
-1722,-2641,7556
-1700,-2633,7580
-1722,-2651,7570
-1704,-2595,7608
-1722,-2585,7554
-1682,-2621,7630
-1722,-2643,7588
-1742,-2631,7560
-1736,-2645,7600
-1724,-2645,7540
-1756,-2641,7558
-1716,-2621,7584
-1712,-2655,7562
-1748,-2639,7566
-1698,-2623,7568
-1730,-2613,7644
-1716,-2637,7560
-1744,-2589,7602
-1678,-2595,7582
-1660,-2623,7576
-1724,-2633,7528
-1688,-2585,7558
-1704,-2643,7594
-1706,-2611,7562
-1658,-2597,7520
-1692,-2623,7626
-1696,-2617,7600
-1666,-2619,7588
-1686,-2633,7620
-1688,-2569,7592
-1670,-2595,7594
-1690,-2607,7642
-1656,-2629,7518
-1662,-2649,7568
-1686,-2597,7572
-1698,-2611,7580
-1696,-2621,7536
-1674,-2621,7582
-1754,-2633,7592
-1690,-2603,7606
-1662,-2635,7576
-1656,-2643,7584
-1696,-2621,7612
-1718,-2627,7622
-1644,-2625,7632
-1706,-2625,7580
-1710,-2635,7564
-1664,-2645,7608
-1698,-2647,7602
-1698,-2613,7578
-1736,-2603,7596
-1720,-2583,7576
-1652,-2647,7620
-1654,-2591,7544
-1678,-2575,7590
-1734,-2601,7622
-1716,-2593,7540
-1660,-2633,7574
-1714,-2559,7568
-1680,-2649,7558
-1666,-2655,7560
-1692,-2587,7562
-1694,-2611,7586
-1718,-2581,7594
-1700,-2631,7564
-1686,-2619,7588
-1678,-2637,7556
-1740,-2639,7608
-1708,-2621,7608
-1646,-2629,7626
-1684,-2593,7580
-1672,-2637,7580
-1672,-2571,7574
-1726,-2631,7586
-1686,-2611,7620
-1640,-2631,7602
-1656,-2647,7572
-1676,-2649,7576
-1692,-2657,7586
-1742,-2577,7520
-1664,-2619,7594
-1688,-2565,7576
-1624,-2633,7578
-1710,-2607,7606
-1680,-2605,7560
-1640,-2661,7558
-1706,-2631,7614
-1624,-2597,7560
-1658,-2641,7582
-1676,-2657,7574
-1680,-2643,7628
-1652,-2585,7596
-1670,-2645,7560
-1658,-2637,7566
-1662,-2661,7606
-1628,-2607,7636
-1644,-2651,7538
-1650,-2653,7612
-1690,-2695,7622
-1620,-2595,7578
-1600,-2643,7634
-1638,-2627,7602
-1678,-2687,7652
-1648,-2611,7510
-1682,-2665,7664
-1594,-2695,7754
-1578,-2663,7624
-1560,-2477,7418
-1554,-2697,7746
-1608,-2643,7562
-1602,-2609,7614
-1658,-2565,7556
-1688,-2609,7630
-1650,-2587,7586
-1610,-2621,7576
-1602,-2611,7596
-1648,-2609,7578
-1590,-2595,7588
-1654,-2609,7590
-1622,-2569,7618
-1614,-2617,7548
-1636,-2607,7548
-1616,-2599,7618
-1602,-2591,7590
-1606,-2685,7618
-1620,-2591,7586
-1666,-2569,7592
-1606,-2571,7582
-1636,-2567,7614
-1602,-2591,7570
-1632,-2581,7622
-1616,-2621,7622
-1616,-2647,7598
-1688,-2637,7580
-1646,-2623,7602
-1596,-2633,7566
-1640,-2625,7600
-1680,-2593,7554
-1600,-2611,7628
-1594,-2547,7556
-1664,-2613,7604
-1618,-2637,7586
-1610,-2681,7586
-1634,-2623,7568
-1630,-2681,7592
-1632,-2663,7600
-1618,-2639,7586
-1600,-2627,7586
-1576,-2649,7600
-1608,-2677,7578
-1630,-2645,7610
-1582,-2607,7612
-1592,-2689,7622
-1586,-2659,7542
-1642,-2683,7566
-1576,-2681,7568
-1560,-2659,7624
-1604,-2571,7554
-1582,-2661,7566
-1608,-2691,7552
-1602,-2701,7626
-1590,-2653,7574
-1608,-2707,7558
-1638,-2719,7574
-1642,-2667,7558
-1660,-2715,7572
-1692,-2679,7618
-1612,-2655,7608
-1616,-2613,7592
-1568,-2697,7584
-1608,-2679,7612
-1666,-2715,7594
-1598,-2683,7604
-1594,-2683,7580
-1614,-2659,7550
-1558,-2659,7586
-1604,-2669,7596
-1580,-2669,7592
-1590,-2643,7598
-1632,-2637,7580
-1608,-2673,7540
-1606,-2649,7572
-1586,-2627,7564
-1602,-2685,7542
-1632,-2647,7544
-1628,-2623,7582
-1578,-2657,7580
-1598,-2685,7592
-1630,-2637,7612
-1596,-2639,7558
-1632,-2697,7594
-1614,-2665,7602
-1564,-2611,7616
-1632,-2671,7584
-1622,-2639,7594
-1602,-2661,7594
-1604,-2663,7606
-1610,-2661,7588
-1616,-2693,7582
-1584,-2667,7568
-1602,-2673,7610
-1626,-2669,7600
-1576,-2641,7578
-1608,-2645,7570
-1644,-2649,7580
-1594,-2681,7580
-1660,-2659,7630
-1604,-2647,7594
-1610,-2697,7592
-1618,-2675,7606
-1594,-2651,7592
-1608,-2669,7630
-1624,-2661,7574
-1614,-2675,7604
-1558,-2669,7606
-1596,-2665,7608
-1620,-2633,7576
-1644,-2699,7534
-1654,-2665,7602
-1592,-2683,7592
-1572,-2697,7582
-1564,-2669,7580
-1582,-2667,7612
-1566,-2653,7588
-1560,-2669,7556
-1620,-2671,7576
-1586,-2649,7578
-1580,-2689,7598
-1580,-2687,7584
-1626,-2655,7552
-1630,-2639,7586
-1590,-2693,7604
-1558,-2699,7602
-1564,-2621,7578
-1562,-2671,7546
-1624,-2667,7540
-1592,-2619,7556
-1592,-2621,7576
-1648,-2595,7638
-1580,-2627,7582
-1600,-2637,7594
-1582,-2685,7610
-1558,-2667,7600
-1524,-2659,7598
-1626,-2629,7612
-1550,-2675,7586
-1622,-2665,7554
-1584,-2653,7568
-1614,-2669,7576
-1618,-2715,7584
-1584,-2653,7586
-1564,-2705,7598
-1602,-2715,7530
-1608,-2689,7600
-1590,-2675,7570
-1604,-2703,7590
-1566,-2669,7574
-1650,-2625,7594
-1570,-2665,7608
-1590,-2699,7610
-1602,-2641,7594
-1524,-2681,7560
-1574,-2631,7598
-1618,-2715,7568
-1618,-2631,7580
-1570,-2635,7606
-1634,-2651,7612
-1560,-2641,7602
-1634,-2679,7586
-1626,-2675,7582
-1598,-2663,7584
-1580,-2647,7594
-1604,-2657,7598
-1592,-2627,7582
-1600,-2655,7580
-1644,-2665,7596
-1624,-2659,7638
-1570,-2613,7562
-1636,-2649,7614
-1622,-2705,7598
-1590,-2667,7598
-1628,-2653,7584
-1624,-2609,7586
-1584,-2657,7634
-1586,-2611,7560
-1590,-2655,7598
-1600,-2659,7540
-1598,-2641,7586
-1570,-2641,7590
-1608,-2663,7572
-1550,-2623,7570
-1584,-2667,7638
-1634,-2661,7612
-1642,-2671,7566
-1604,-2631,7610
-1578,-2687,7630
-1598,-2665,7618
-1604,-2645,7582
-1570,-2729,7594
-1638,-2667,7574
-1524,-2685,7584
-1530,-2649,7572
-1586,-2665,7550
-1608,-2661,7596
-1590,-2657,7588
-1568,-2653,7596
-1618,-2697,7586
-1584,-2643,7594
-1610,-2699,7588
-1592,-2663,7590
-1542,-2655,7554
-1626,-2683,7572
-1594,-2681,7588
-1556,-2709,7552
-1680,-2719,7620
-1604,-2663,7600
-1592,-2675,7580
-1542,-2693,7542
-1552,-2615,7594
-1628,-2681,7594
-1560,-2675,7592
-1558,-2673,7570
-1560,-2689,7614
-1586,-2665,7638
-1556,-2677,7590
-1610,-2713,7576
-1552,-2633,7630
-1568,-2709,7592
-1610,-2691,7566
-1606,-2695,7604
-1594,-2689,7574
-1620,-2661,7616
-1652,-2679,7550
-1600,-2635,7566
-1606,-2677,7566
-1616,-2681,7600
-1606,-2649,7580
-1568,-2655,7626
-1660,-2663,7596
-1566,-2661,7592
-1608,-2597,7622
-1602,-2647,7576
-1612,-2679,7604
-1546,-2589,7632
-1526,-2673,7582
-1566,-2697,7578
-1632,-2625,7570
-1606,-2635,7596
-1622,-2637,7624
-1604,-2709,7562
-1612,-2699,7588
-1548,-2661,7554
-1634,-2661,7602
-1590,-2649,7586
-1612,-2687,7578
-1598,-2641,7596
-1580,-2621,7586
-1658,-2669,7600
-1604,-2715,7620
-1612,-2693,7602
-1592,-2653,7598
-1556,-2691,7608
-1602,-2643,7582
-1620,-2725,7596
-1546,-2729,7584
-1576,-2679,7556
-1582,-2667,7592
-1604,-2689,7572
-1596,-2677,7598
-1606,-2673,7594
-1610,-2691,7574
-1618,-2681,7612
-1602,-2705,7624
-1604,-2741,7596
-1596,-2711,7570
-1610,-2655,7596
-1580,-2643,7560
-1558,-2687,7550
-1596,-2673,7598
-1604,-2689,7580
-1640,-2671,7550
-1636,-2679,7562
-1612,-2699,7574
-1652,-2655,7614
-1624,-2713,7628
-1624,-2657,7566
-1610,-2699,7604
-1608,-2619,7610
-1552,-2697,7600
-1606,-2701,7562
-1622,-2701,7592
-1576,-2693,7608
-1640,-2671,7588
-1590,-2665,7644
-1616,-2667,7562
-1664,-2647,7570
-1630,-2659,7572
-1614,-2703,7562
-1598,-2721,7600
-1642,-2689,7592
-1654,-2659,7568
-1606,-2619,7578
-1654,-2679,7578
-1568,-2687,7574
-1658,-2717,7610
-1638,-2673,7548
-1600,-2725,7564
-1584,-2697,7640
-1688,-2677,7612
-1634,-2671,7524
-1606,-2655,7588
-1644,-2695,7572
-1618,-2713,7604
-1640,-2661,7624
