-1,-10,-6
-13,-10,-9
-11,-22,-11
-9,-33,-15
-10,-34,-13
-12,-33,-18
-13,-25,-18
-7,-6,-7
-4,4,-7
-7,11,-8
-6,19,-2
-7,17,-4
-8,17,-5
-6,14,-2
-5,14,-4
-3,7,-6
-3,15,-4
-5,35,-1
-1,41,2
-9,17,0
-11,5,-5
-10,2,-4
-7,-1,-6
-9,-10,-6
-9,-20,-11
-11,-17,-11
-10,-18,-7
-13,-12,-10
-15,-22,-9
-5,-20,-8
-11,-15,-13
-9,-13,-11
-7,-8,-12
-11,-11,-8
-10,-15,-16
-8,-8,-13
-10,0,-5
-8,-4,-4
-6,-5,-9
-5,0,-6
5,2,-8
3,0,-3
5,-7,-9
5,-8,-5
2,-6,-8
0,0,-5
-3,1,-7
-4,11,-3
-3,12,-4
-5,26,-5
-5,25,-3
-7,21,-1
-12,26,2
-9,57,3
-4,62,5
-3,49,1
-2,59,6
7,72,5
16,144,24
31,260,36
43,304,37
25,278,56
18,236,51
6,177,36
-5,106,21
-7,82,13
-18,16,-4
-19,-30,-15
-27,-78,-25
-19,-79,-32
-24,-95,-27
-22,-77,-24
-23,-42,-20
-26,-50,-20
-28,-56,-19
-37,-42,-5
-38,-14,9
-39,-12,15
-55,-9,3
-82,-21,-15
-113,-35,-34
-130,-5,-50
-139,-2,-54
-134,43,-44
-134,87,-37
-136,110,-42
-141,74,-78
-177,-12,-147
-254,-64,-240
-291,63,-379
-392,31,-440
-359,35,-444
-319,72,-382
-304,76,-276
-173,66,-240
-50,109,-328
10,33,-440
-23,-95,-514
-202,-323,-609
-423,-365,-717
-372,-325,-651
309,-202,-474
690,358,-208
987,260,172
1125,145,508
1068,178,626
968,134,602
896,78,506
815,152,361
745,347,192
853,524,102
1097,464,80
1211,438,29
1163,507,-67
1049,554,-194
915,585,-289
931,610,-284
933,531,-204
780,438,-145
535,352,-125
308,296,-109
156,242,-67
89,188,-4
94,124,84
149,82,156
215,66,187
205,79,173
171,79,131
161,63,90
140,103,68
160,109,100
173,66,129
201,31,157
199,34,152
236,49,152
227,27,145
197,7,144
206,15,135
198,35,74
215,90,5
219,133,-85
229,206,-161
240,175,-193
232,134,-238
261,220,-270
237,216,-257
93,145,-200
-93,52,-108
-201,8,1
-282,-32,124
-302,-145,262
-403,-263,426
-687,-170,319
-760,-306,150
-1002,-499,-139
-1191,-612,-369
-1117,-634,-482
-1072,-591,-532
-1086,-462,-463
-1123,-383,-385
-1034,-277,-346
-952,-101,-303
-887,39,-286
-806,90,-266
-729,73,-288
-492,-171,-250
-383,-284,-153
-333,-364,-198
-282,-483,-187
-281,-580,-209
-295,-638,-214
-263,-468,-153
-209,-276,-88
-148,-136,-36
-116,-44,-10
-91,-30,-2
-84,-55,-10
-73,-93,-22
-79,-141,-41
-77,-172,-49
-66,-167,-54
-57,-128,-34
-30,-139,-37
-49,-130,-43
-47,-123,-40
-55,-119,-43
-59,-124,-50
-95,-145,-75
-129,-179,-98
-163,-246,-141
-159,-241,-142
-141,-178,-112
-117,-137,-82
-88,-129,-77
-57,-121,-71
-40,-122,-69
4,-133,-60
-7,-136,-58
7,-138,-62
19,-147,-60
26,-134,-56
34,-137,-51
44,-116,-42
58,-98,-26
76,-95,-20
88,-92,-16
93,-78,-16
84,-77,-20
94,-87,-23
102,-112,-29
95,-98,-31
61,-115,-31
71,-101,-27
59,-86,-21
39,-70,-18
31,-61,-14
37,-64,-19
34,-90,-31
51,-87,-28
46,-58,-18
31,-32,-17
14,-21,-10
12,2,-2
1,17,-6
-23,51,-3
-28,83,0
-58,127,5
-110,140,-16
-167,109,-51
-248,157,-68
-380,185,-107
-494,197,-137
-602,170,-178
-719,145,-236
-839,268,-309
-951,111,-450
-1075,161,-521
-1141,189,-595
-1204,210,-682
-1290,270,-761
-1344,278,-820
-1448,131,-796
-1493,39,-814
-1486,-38,-865
-1197,-225,-825
-841,-330,-719
-539,-157,-573
-125,6,-450
186,-27,-262
305,5,9
377,87,384
472,90,686
621,125,845
740,174,942
930,132,987
1103,90,958
1198,51,905
1283,16,872
1411,12,858
1455,79,837
1442,111,839
1382,221,827
1518,245,922
1534,221,958
1505,154,987
1448,259,984
1310,200,891
1215,84,781
1309,199,667
1356,413,498
1392,608,345
1398,575,200
1257,495,40
1031,488,-129
938,573,-280
1002,512,-356
932,441,-359
806,392,-283
670,361,-144
532,320,1
371,248,108
337,222,194
367,169,231
323,171,158
321,166,61
288,137,-35
212,114,-88
148,67,-105
151,8,-39
82,-29,63
-55,-84,152
-185,-177,194
-319,-171,162
-379,-130,122
-403,-18,118
-450,6,115
-1170,-885,86
-1235,-553,190
-1316,-563,111
-1449,-628,-164
-1295,-279,-310
-1247,-30,-549
-1341,248,-553
-1556,416,-519
-1365,403,-488
-1179,347,-599
-1118,221,-630
-1047,-75,-543
-570,-731,-319
-516,-838,-343
-377,-799,-298
-345,-759,-271
-263,-609,-207
-230,-475,-150
-191,-340,-75
-181,-225,-23
-161,-97,28
-113,68,82
-75,155,107
-57,179,115
-55,150,100
-62,160,88
-73,105,57
-75,46,28
-50,103,36
-48,70,28
-61,10,3
-72,-18,-16
-64,2,-24
-63,-1,-29
-53,17,-33
-51,40,-27
-37,44,-26
-26,2,-30
-35,-19,-40
-26,-40,-41
-26,-61,-48
-33,-65,-44
-24,-29,-32
-13,-6,-20
-9,5,-17
-3,15,-14
-7,21,-17
3,55,-15
-1,134,-23
-28,144,-51
-52,142,-70
-37,271,-66
-47,295,-62
-71,220,-66
-84,142,-77
-99,53,-103
-107,1,-107
-111,-27,-110
-104,-43,-84
-96,-37,-74
-92,-38,-71
-79,-28,-70
-87,-39,-63
-78,-45,-49
-75,-27,-33
-72,-28,-32
-75,-6,-36
-94,-28,-47
-113,-47,-67
-125,-35,-72
-143,-30,-75
-187,22,-78
-217,61,-80
-268,85,-84
-371,142,-88
-491,166,-135
-597,276,-169
-744,349,-276
-915,431,-415
-1107,467,-579
-1300,473,-732
-1460,482,-883
-1632,493,-999
-1696,518,-1112
-1660,439,-1192
-1139,18,-1051
-740,-238,-782
-421,-140,-492
-177,-205,-293
48,-283,-91
334,-216,157
546,-281,379
795,-325,611
950,-366,720
1174,-394,829
1406,-334,904
1603,-315,993
1746,-379,1023
1695,-403,902
1671,-409,737
1616,-202,647
1536,-286,601
1683,69,640
1737,236,770
1743,285,826
1722,197,806
1727,196,743
1917,404,666
2008,563,497
1838,657,185
1739,797,-48
1700,841,-161
1533,871,-263
1448,812,-267
1401,549,-190
1187,426,-187
943,389,-178
776,302,-99
595,213,13
513,195,133
441,102,212
318,8,236
208,-35,217
101,-50,183
41,-66,178
39,-91,237
-48,-133,316
-156,-221,443
-340,-306,589
-515,-469,702
-694,-519,767
-891,-624,806
-1009,-680,770
-1208,833,-515
-1304,42,-1223
-1338,-292,-1142
-1314,-301,-856
-1368,-499,-541
-1275,-546,-391
-1030,-287,-397
-849,50,-400
-816,362,-235
-810,704,-69
-740,808,-7
-641,790,-61
-580,665,-99
-571,432,-119
-613,312,-107
-644,292,-97
-585,287,-136
-478,313,-98
-454,269,-16
-309,221,-17
-204,220,23
-152,166,14
-129,63,-13
-75,10,-36
-35,-3,-66
-51,-99,-112
-50,-210,-201
-96,-425,-299
-123,-663,-385
-93,-774,-408
-118,-879,-435
-107,-953,-410
-158,-1031,-388
-197,-1115,-372
-267,-1226,-347
-281,-1422,-371
-430,-1555,-364
-349,-1213,-318
-203,-665,-191
-182,-371,-92
-82,-205,-49
-32,-142,-29
-25,-104,-23
9,-96,-27
16,-87,-24
15,-77,-19
10,-56,-12
-17,-40,-8
-25,-40,-8
-33,-42,-10
-46,-65,-24
-51,-65,-31
-77,-73,-40
-92,-65,-50
-117,-82,-54
-135,-80,-60
-139,-77,-67
-145,-61,-61
-154,-46,-62
-150,5,-35
-161,46,-21
-198,56,-23
-252,84,-16
-263,161,-16
-304,224,-14
-345,245,-38
-395,256,-49
-470,248,-71
-578,265,-108
-708,275,-154
-825,387,-221
-934,360,-323
-1036,479,-421
-1214,444,-578
-1315,456,-706
-1443,425,-767
-1532,517,-761
-1713,404,-887
-1814,80,-977
-1779,8,-994
-1294,-346,-914
-774,-477,-704
-370,-461,-545
76,-388,-394
289,-319,-211
672,-223,78
961,-203,346
1226,-108,582
1456,-79,780
1614,-37,926
1707,-3,1010
1771,18,1058
1760,78,1073
1722,70,1067
1663,-46,1043
1546,-205,953
1368,-556,792
1209,-518,530
1308,-81,409
1752,539,560
1895,742,705
1712,760,792
1421,691,807
1253,526,782
1186,740,687
1131,866,536
1220,1043,545
1220,672,539
1078,474,434
1046,377,276
1082,352,129
1143,373,28
926,314,30
757,199,191
597,71,393
396,53,534
188,16,640
-45,-43,776
-298,-221,864
-484,-309,908
-678,-358,902
-905,-419,897
-1618,145,560
-2478,-194,-82
-2288,-610,-207
-2189,-383,-498
-2033,-528,-890
-1766,-655,-1181
-1743,-502,-972
-1668,-292,-687
-1399,-245,-578
-1155,-241,-519
-705,-523,-317
-615,-764,-268
-538,-824,-260
-501,-721,-220
-382,-456,-131
-356,-218,-56
-297,-15,6
-251,127,34
-170,292,92
-143,300,88
-133,242,49
-155,194,9
-101,164,1
-63,96,-5
-31,41,-8
-20,0,-9
-5,-57,-17
-2,-139,-37
1,-183,-44
34,-236,-62
36,-345,-128
36,-388,-130
39,-419,-144
32,-410,-163
14,-346,-156
6,-281,-119
-20,-228,-109
-15,-197,-86
-33,-182,-90
-23,-170,-89
-10,-140,-76
-11,-116,-70
-3,-100,-52
-10,-75,-55
-14,-52,-51
-26,-38,-54
-43,-69,-62
-52,-51,-75
-52,-53,-75
-25,-45,-60
-19,-47,-36
-30,-10,-36
-22,-37,-43
-14,-30,-55
-20,-20,-52
-48,-15,-44
-102,24,-33
-179,53,-44
-267,49,-80
-350,29,-161
-471,-12,-275
-606,-101,-426
-854,13,-629
-772,-158,-763
-992,-361,-851
-1176,-1056,-1127
-1283,-1509,-1160
-1423,-1805,-1095
-1533,-2009,-951
-1250,-1943,-583
-912,-1098,-96
-343,-495,344
-230,-319,754
109,-236,1107
332,-255,1396
547,-225,1683
766,-193,1973
949,-164,2224
1047,-124,2328
1133,-138,2339
1266,-216,2338
1307,-220,2316
1246,-206,2315
1165,-173,2364
1024,-130,2432
857,-48,2524
747,-141,2625
707,-192,2651
540,-210,2578
405,-155,2456
279,-134,2265
195,46,2047
105,286,1819
377,260,1669
740,246,1491
742,356,1170
665,512,845
555,638,608
400,813,483
605,805,508
824,712,583
666,757,641
443,653,797
368,346,989
251,231,1040
213,326,1000
218,388,930
94,445,845
-106,387,738
-266,309,666
-343,162,636
-333,-6,721
-505,-148,801
-767,-209,873
-1472,-595,746
-1939,-480,518
-1586,-712,370
-1552,-710,-165
-1294,-595,-554
-1041,-378,-714
-964,-135,-608
-873,-119,-392
-772,-157,-338
-693,-112,-335
-646,-123,-317
-482,-428,-235
-333,-520,-207
-367,-648,-252
-307,-699,-220
-356,-784,-233
-360,-768,-209
-318,-644,-192
-289,-556,-160
-237,-528,-149
-154,-419,-114
-145,-345,-83
-86,-304,-80
-76,-315,-76
-50,-298,-69
-30,-233,-48
-27,-187,-29
-12,-180,-33
2,-172,-43
9,-170,-47
10,-153,-56
12,-149,-65
11,-144,-74
21,-148,-70
19,-123,-72
13,-96,-62
11,-90,-63
-10,-46,-50
17,-24,-40
-23,-37,-40
51,-60,-46
2,-30,-47
0,-18,-38
4,-22,-44
0,-15,-37
-12,9,-27
-37,21,-26
-42,20,-25
-38,7,-36
-49,-11,-55
-65,-8,-59
-77,13,-59
-95,56,-57
-177,113,-47
-231,103,-118
-308,28,-209
-479,-31,-321
-564,-51,-430
-750,-143,-674
-832,-9,-790
-1011,-90,-969
-1187,-274,-948
-1357,-902,-787
-1784,-1144,-873
-1835,-1134,-823
-1931,-1253,-753
-1798,-1259,-545
-1515,-1270,-73
-825,-438,521
-494,-313,1042
-334,-152,1266
14,-58,1353
372,32,1337
722,116,1311
1047,111,1338
1372,123,1401
1636,167,1450
1797,217,1445
1890,236,1399
2011,329,1300
1931,331,1148
1780,351,1082
1752,437,1149
1751,583,1188
1660,652,1158
1767,722,1158
1784,776,1114
1458,678,964
1316,656,819
1483,724,695
1459,626,471
1305,699,254
1207,741,110
1161,673,-38
1154,666,-146
988,734,-189
874,576,-128
885,444,-6
705,567,91
499,372,233
358,319,416
131,305,535
18,162,559
-74,150,547
-189,147,518
-291,45,458
-441,-44,393
-648,-129,403
-877,-71,381
-1901,-145,-104
-1620,-197,-118
-1817,-180,-591
-1555,375,-714
-1249,414,-727
-1104,396,-474
-1035,480,-184
-883,666,-46
-785,798,-69
-675,794,-120
-661,858,-40
-558,755,-54
-514,605,-112
-514,422,-69
-365,187,-44
-294,132,-49
-214,89,-20
-169,57,-24
-132,56,-11
-118,73,-9
-101,87,-5
-80,53,-18
-55,38,-18
-45,45,-22
-48,54,-24
-51,33,-36
-56,-33,-59
-71,-76,-79
-90,-159,-102
-100,-248,-136
-112,-324,-159
-139,-431,-202
-128,-543,-242
-161,-634,-273
-163,-624,-264
-170,-617,-242
-152,-546,-229
-146,-499,-212
-158,-487,-228
-185,-496,-254
-207,-463,-199
-201,-435,-179
-194,-380,-155
-173,-349,-131
-164,-345,-134
-139,-321,-127
-138,-306,-129
-145,-330,-146
-155,-320,-151
-161,-331,-152
-173,-332,-156
-179,-390,-157
-180,-457,-172
-214,-335,-175
-192,-307,-164
-186,-195,-148
-241,-146,-164
-342,-121,-220
-472,-67,-265
-598,5,-290
-724,105,-300
-846,243,-403
-1002,304,-516
-1122,348,-629
-1266,375,-768
-1419,378,-866
-1535,471,-942
-1612,452,-1054
-1605,269,-1045
-1223,-262,-910
-803,-741,-658
-497,-638,-389
-34,-509,-144
257,-388,-69
586,-298,36
856,-202,175
1058,-145,367
1201,-95,571
1384,-29,823
1479,7,1055
1530,92,1252
1532,123,1382
1511,116,1472
1479,50,1439
1386,-3,1324
1235,-213,1136
1329,-18,1072
1471,102,1013
1380,64,835
1102,101,568
970,117,322
1235,451,230
1325,554,32
1303,622,-171
1289,713,-258
1150,761,-315
1027,689,-316
981,654,-240
922,583,-166
831,551,-103
722,471,-16
643,394,112
588,415,213
569,405,294
505,324,345
376,271,364
244,189,327
137,122,254
55,118,164
-21,79,94
-171,24,36
-346,-46,13
-475,-130,46
-601,-200,128
-1588,-1095,-254
-1611,-943,-311
-1684,-721,-578
-1701,-766,-936
-1418,-527,-952
-1347,-377,-729
-1321,-167,-469
-1121,136,-246
-865,323,-183
-738,390,-213
-560,28,-146
-361,37,1
-283,29,-38
-221,18,-12
-155,32,-9
-154,-56,-43
-110,-122,-68
-104,-174,-93
-102,-212,-87
-144,-257,-84
-129,-251,-93
-96,-256,-90
-128,-299,-99
-135,-335,-102
-167,-423,-132
-164,-430,-144
-141,-329,-133
-104,-216,-106
-89,-180,-84
-81,-166,-75
-87,-130,-68
-79,-118,-55
-86,-153,-57
-92,-185,-72
-105,-161,-73
-104,-119,-63
-132,-83,-59
-83,-82,-50
-97,-74,-62
-100,-52,-59
-99,-63,-59
-84,-45,-57
-64,-1,-47
-44,72,-37
-42,154,-27
-76,116,-44
-117,43,-66
-125,-13,-71
-129,-31,-73
-125,-33,-66
-129,-49,-66
-140,-59,-75
-189,-69,-104
-278,-72,-140
-373,-56,-187
-504,7,-219
-652,91,-236
-832,164,-299
-974,361,-387
-1156,426,-504
-1333,442,-643
-1509,540,-792
-1667,647,-927
-1828,686,-1036
-1931,626,-1129
-1969,480,-1179
-1595,224,-1078
-963,-528,-857
-551,-578,-692
-21,-493,-551
308,-452,-481
689,-327,-281
903,-370,-28
1123,-316,312
1295,-320,653
1457,-306,895
1592,-306,1023
1732,-229,1101
1818,-164,1153
1833,-133,1109
1842,-135,1017
1755,-206,889
1570,-353,640
1430,-194,423
1897,668,662
1922,669,845
1578,708,894
1431,680,962
1274,699,955
1225,776,896
1252,714,832
1140,683,731
988,643,569
878,522,355
856,474,183
959,418,148
830,293,108
761,385,137
618,306,211
501,255,362
407,243,530
228,208,652
30,171,737
-37,89,757
-126,5,703
-139,53,668
-212,69,669
-402,58,661
-548,99,750
-794,37,863
-2083,-119,600
-2399,-658,574
-2388,-481,322
-2292,-357,-119
-1831,-26,-607
-1474,-32,-1041
-1574,-91,-979
-1609,179,-623
-1246,184,-457
-959,195,-500
-588,37,-302
-401,-170,-90
-293,-106,-75
-228,-74,-12
-184,-95,-23
-157,-116,-17
-142,-153,-39
-127,-221,-98
-141,-198,-69
-154,-284,-87
-144,-234,-85
-135,-165,-65
-128,-182,-50
-119,-141,-54
-122,-153,-70
-129,-160,-74
-125,-112,-62
-111,-64,-53
-68,62,-23
-60,70,-14
-58,75,-7
-52,119,1
-52,77,-14
-57,42,-24
-69,0,-50
-80,-69,-71
-107,-153,-101
-109,-161,-107
-109,-120,-104
-100,-105,-85
-99,-83,-75
-87,-62,-65
-98,-63,-64
-101,-98,-80
-103,-96,-90
-103,-114,-92
-96,-110,-81
-94,-136,-79
-96,-139,-76
-111,-184,-90
-110,-250,-102
-104,-329,-110
-90,-394,-114
-85,-436,-129
-71,-343,-118
-66,-264,-100
-67,-208,-88
-90,-200,-99
-140,-164,-113
-216,-84,-120
-316,-19,-131
-439,30,-146
-614,101,-178
-837,174,-229
-988,242,-330
-1133,183,-379
-1329,-97,-528
-1534,-285,-693
-1701,-348,-880
-1840,-544,-1041
-1886,-1216,-1011
-1742,-1875,-794
-1155,-1718,-539
-749,-1964,-224
-136,-1287,180
177,-1284,633
356,-1216,1068
633,-1053,1463
825,-942,1792
1049,-917,2089
1219,-904,2318
1332,-872,2493
1361,-846,2558
1387,-773,2543
1351,-751,2456
1316,-661,2354
1271,-527,2269
1121,-426,2179
871,-384,2052
785,-146,1933
885,68,1876
1023,263,1892
1034,443,1849
1137,493,1887
1199,531,1885
1235,634,1737
1226,641,1506
1315,584,1261
1349,542,983
1239,667,714
1121,736,616
861,492,643
515,410,739
285,349,897
101,323,1063
-230,225,1222
-552,-7,1426
-880,-140,1709
-1247,-225,1995
-1646,-244,2295
-1967,-237,2457
-2365,-207,2256
-2477,-510,1740
-2473,-657,960
-1907,-418,386
-1377,-231,-324
-1060,79,-672
-1022,230,-488
-998,339,-277
-751,504,-357
-479,570,-279
-421,442,-186
-365,312,-138
-269,289,-85
-117,133,-9
-136,33,-27
-161,-36,-58
-240,-198,-92
-258,-309,-127
-261,-314,-102
-267,-352,-81
-280,-415,-77
-269,-476,-100
-258,-554,-110
-238,-630,-146
-204,-619,-132
-208,-613,-137
-196,-592,-146
-168,-600,-174
-163,-646,-198
-139,-603,-168
-104,-434,-130
-52,-270,-82
-43,-177,-60
-28,-131,-51
-14,-109,-41
3,-107,-45
23,-109,-57
-3,-70,-70
-21,-97,-71
38,-139,-73
40,-89,-57
26,-108,-69
20,-98,-54
13,-135,-58
13,-109,-41
26,-60,-24
12,-26,-7
4,-47,-23
0,-41,-31
2,-67,-36
6,-84,-38
13,-82,-37
11,-90,-47
4,-90,-57
-14,-88,-59
-43,-99,-77
-75,-120,-89
-98,-137,-121
-150,-136,-144
-213,-94,-156
-295,-36,-206
-362,-49,-275
-437,-97,-390
-552,-263,-507
-773,-272,-596
-1013,-452,-686
-1182,-547,-763
-1176,-489,-708
-1171,-373,-299
-1084,-267,238
-923,-141,628
-837,-147,867
-617,-266,1039
-413,-302,1095
-137,-284,1096
125,-260,1079
322,-210,1051
515,-207,1045
701,-155,1046
879,-107,1045
986,-75,1004
1070,-30,949
1060,38,923
969,79,909
834,-55,883
749,-290,742
751,89,540
895,290,357
1300,607,310
1394,874,256
1241,1001,226
1175,1117,304
1187,1138,417
1025,1202,485
883,1177,614
872,1140,894
612,1122,1167
424,975,1488
355,614,1913
42,497,2324
-256,572,2669
-453,309,3112
-740,-118,3427
-1199,-275,3609
-1597,-302,3663
-1784,-376,3681
-1875,-441,3645
-2082,-499,3407
-2403,-170,2864
-2613,406,1757
-2029,-317,1235
-1877,-214,512
-1386,84,-167
-609,344,-635
-508,784,-585
-524,857,-103
-293,838,-26
-125,1178,-76
-67,1142,-106
-177,964,37
-191,731,69
-202,504,-27
-267,322,-104
-363,165,-219
-392,57,-300
-364,-8,-260
-288,-135,-209
-255,-247,-216
-233,-361,-235
-206,-645,-274
-262,-944,-341
-189,-985,-288
-179,-936,-301
-171,-956,-296
-125,-900,-273
-154,-1030,-304
-175,-1248,-363
-181,-1410,-442
-109,-1469,-437
-197,-1735,-448
-237,-1703,-429
-155,-1345,-354
-148,-1091,-274
-41,-683,-172
-13,-572,-144
18,-495,-126
62,-431,-100
61,-336,-85
89,-321,-71
75,-261,-60
54,-230,-59
32,-178,-57
28,-154,-48
15,-109,-38
-3,-83,-31
-17,-92,-38
12,-96,-31
-8,-90,-26
-3,-78,-30
-18,-68,-33
-25,-58,-32
-40,-55,-45
-21,-68,-48
-4,-79,-57
2,-80,-61
1,-116,-55
-8,-140,-62
-16,-199,-76
-33,-225,-77
-65,-212,-85
-144,-190,-114
-183,-228,-162
-217,-283,-221
-242,-419,-293
-293,-718,-280
-468,-916,-205
-539,-445,-241
-617,-473,21
-653,-232,527
-630,-118,925
-604,-101,1113
-556,-142,1202
-490,-240,1230
-417,-257,1210
-256,-167,1210
-59,-118,1251
100,-120,1324
158,-63,1388
178,-67,1437
195,-47,1477
204,-18,1508
300,71,1563
328,79,1617
292,79,1676
233,-4,1726
233,76,1730
225,73,1673
105,300,1663
253,532,1823
342,488,1968
71,632,2027
-91,773,2063
-163,553,2090
-223,417,2045
-213,414,1947
75,251,1950
318,55,1854
304,147,1588
251,221,1301
343,281,1174
372,256,1053
282,350,913
229,408,911
136,258,1018
20,133,1198
-125,38,1401
-323,-113,1570
-498,-233,1674
-709,-237,1810
-910,-353,1924
-1166,-585,1927
-1334,-580,1871
-1474,-631,1753
-1617,-714,1492
-1746,-780,1124
-1392,-930,758
-1217,-773,90
-1069,-511,-633
-923,-174,-898
-999,-200,-756
-1075,-128,-454
-788,-664,-386
-371,-179,-185
-339,-286,-148
-239,-338,-134
-177,-389,-146
-173,-393,-136
-163,-445,-143
-153,-418,-137
-162,-374,-114
-171,-347,-117
-215,-352,-125
-240,-305,-97
-236,-217,-73
-225,-130,-56
-201,-74,-37
-190,-43,-24
-174,-36,-22
-120,-38,-22
-105,-15,-22
-97,-12,-22
-55,-13,-11
-65,-14,-16
-72,-31,-33
-64,-29,-41
-61,-34,-42
-53,-28,-38
-48,-20,-36
-41,-35,-41
-32,-32,-49
-34,-58,-51
-16,-64,-57
-6,-71,-58
9,-72,-49
2,-83,-47
12,-80,-53
20,-88,-51
18,-86,-50
10,-90,-58
3,-103,-67
3,-113,-73
-6,-108,-73
-14,-120,-69
-18,-115,-65
-27,-93,-56
-15,-61,-41
-21,-51,-31
-38,-36,-24
-37,-37,-33
-33,-47,-36
-28,-50,-38
-35,-53,-39
-47,-34,-36
-63,-25,-45
-91,-24,-75
-138,-32,-122
-197,-63,-196
-305,-95,-286
-359,-203,-415
-391,-324,-549
-464,-353,-781
-509,-366,-873
-636,-387,-1021
-783,-606,-1050
-875,-805,-1083
-989,-911,-1097
-1021,-883,-463
-1012,-536,648
-873,-172,1483
-687,-121,1755
-520,71,1676
-248,217,1412
100,191,1073
478,168,748
842,114,497
1140,104,293
1343,175,161
1482,265,131
1526,427,196
1439,463,338
1301,428,577
1118,250,842
879,35,1093
821,92,1219
951,242,1328
988,211,1282
707,76,1059
506,-238,804
632,-173,496
686,58,65
899,623,-240
1153,887,-414
1132,948,-470
984,999,-448
848,983,-432
752,914,-426
815,917,-439
853,1008,-480
843,1033,-482
770,795,-424
669,601,-333
595,440,-285
437,339,-287
326,310,-245
159,175,-155
-88,48,-41
-265,-48,81
-396,-190,215
-1412,-1111,-100
-1621,-1034,-248
-1824,-740,-734
-1740,-806,-1019
-1569,-478,-919
-1452,-432,-655
-1324,-342,-418
-964,-903,-370
-578,-361,-139
-446,-264,-123
-322,-275,-92
-258,-286,-98
-257,-287,-115
-230,-247,-105
-221,-204,-76
-217,-154,-67
-223,-178,-64
-220,-199,-85
-208,-205,-96
-210,-216,-107
-230,-269,-135
-184,-236,-134
-188,-224,-141
-162,-184,-135
-141,-175,-129
-113,-161,-132
-110,-130,-119
-90,-75,-103
-84,-74,-91
-152,-73,-117
-100,-33,-100
-76,-54,-85
-50,-8,-42
-33,-7,-31
-32,-17,-35
-16,-23,-35
-10,-12,-23
-10,-10,-16
-7,-7,-10
-6,-4,-11
4,-6,-5
4,-7,-6
8,-2,-9
8,-4,-1
18,0,0
11,5,2
4,2,1
6,-8,-1
1,-2,-8
11,-4,-6
14,-22,-1
5,-18,-13
-5,-4,-14
-34,-201,-42
6,-21,-23
-36,-22,-28
-56,28,-55
-42,-22,-39
-60,0,-54
-86,4,-60
-143,15,-86
-198,34,-106
-232,42,-112
-303,76,-134
-427,129,-191
-495,181,-223
-596,153,-284
-745,215,-322
-890,241,-420
-1072,326,-584
-931,496,-632
-1323,449,-905
-1500,195,-960
-1602,312,-1047
-1689,148,-1127
-1496,108,-1168
-947,-24,-1045
-509,134,-990
151,390,-1030
460,407,-966
755,448,-837
1040,489,-644
1248,546,-452
1410,609,-253
1545,689,-83
1679,772,77
1773,834,221
1816,837,362
1841,755,498
1849,650,593
1817,509,639
1756,348,626
1800,414,643
1855,513,712
1792,604,816
1699,676,953
1664,745,1122
1615,686,1236
1567,778,1247
1420,628,1087
1272,794,750
1165,831,386
1089,714,33
984,536,-250
881,335,-455
753,253,-514
549,49,-472
296,38,-353
177,-40,-218
-18,-87,-162
-233,-126,-186
-844,10,-552
-1575,-2,-1370
-1291,96,-1308
-1726,-291,-1358
-1716,-364,-921
-1617,-581,-723
-1575,-174,-427
-1425,186,-479
-1199,463,-524
-1163,652,-371
-690,345,-188
-527,-122,2
-355,-162,-25
-273,-226,-14
-266,-237,-49
-330,-198,-42
-330,70,29
-327,241,70
-291,347,115
-225,429,129
-165,402,103
-116,382,68
-76,332,53
-66,258,31
-46,228,15
-20,227,13
24,231,-3
44,148,-37
26,63,-67
9,52,-32
2,40,-25
-5,51,-24
-11,16,-34
-31,-81,-56
-25,-79,-66
-28,-129,-85
-55,-222,-107
-67,-274,-115
-93,-271,-106
-140,-305,-105
-152,-355,-117
-151,-349,-119
-136,-285,-104
-130,-257,-103
-128,-198,-85
-107,-131,-69
-85,-134,-67
-88,-124,-72
-83,-142,-75
-81,-138,-82
-78,-119,-77
-93,-123,-85
-110,-145,-88
-119,-179,-97
-114,-202,-96
-104,-177,-92
-85,-146,-79
-72,-130,-65
-63,-107,-63
-69,-55,-52
-95,-52,-56
-154,-67,-102
-203,-44,-126
-260,51,-153
-341,123,-167
-418,190,-189
-556,320,-239
-697,449,-361
-815,596,-477
-1001,664,-615
-1144,773,-851
-1259,849,-1100
-1398,649,-1318
-1327,666,-1471
-821,200,-1410
-115,-299,-1365
535,-359,-1255
932,-416,-1152
1205,-451,-947
1372,-480,-695
1498,-396,-431
1656,-228,-115
1746,-86,201
1703,2,482
1550,-15,663
1424,-98,783
1339,-110,854
1351,100,964
1318,152,1036
1104,57,1029
837,-164,896
634,-368,722
373,-478,551
609,-125,572
1225,220,840
1248,202,861
984,244,732
712,230,529
463,224,252
489,615,16
945,1017,10
1128,764,-32
946,588,-181
797,544,-330
737,437,-461
684,346,-547
637,397,-570
609,405,-499
454,319,-279
216,195,-41
68,128,93
-33,55,95
-89,31,39
-265,-6,-33
-552,-79,-86
-1194,-359,-179
-1682,-889,-439
-1525,-822,-546
-1732,-745,-1091
-1565,-467,-1150
-1396,-536,-1127
-1333,-544,-847
-1158,-629,-589
-595,-736,-371
-480,-706,-257
-312,-494,-171
-224,-400,-120
-221,-346,-69
-194,-224,-42
-177,-189,-23
-163,-182,-27
-178,-198,-48
-162,-237,-64
-173,-275,-80
-193,-294,-92
-150,-284,-86
-150,-271,-86
-172,-260,-94
-141,-284,-94
-127,-311,-107
-97,-300,-123
-74,-256,-104
-80,-252,-113
-41,-212,-88
-44,-136,-69
-32,-106,-56
-55,-71,-42
-50,-42,-46
-23,-68,-39
-26,-52,-44
-27,-34,-42
-46,-16,-52
-146,-69,-100
-25,5,-52
-83,-22,-65
-16,16,-23
-25,60,-23
-36,51,-24
-75,57,-43
-102,28,-59
-94,5,-62
-63,-2,-51
-45,13,-31
-43,29,-13
-37,40,-9
-31,38,-3
-24,32,-1
-16,22,-10
-11,17,-5
-7,5,-13
-5,1,-18
-4,-3,-16
0,-1,-16
7,2,-14
-5,3,-23
-45,13,-33
-99,0,-70
-177,10,-104
-265,27,-145
-363,50,-180
-471,77,-229
-609,86,-290
-776,147,-422
-859,137,-501
-891,124,-502
-1026,185,-629
-1280,218,-845
-1397,220,-1037
-1504,200,-1156
-1573,126,-1252
-1647,109,-1309
-1555,110,-1370
-1097,-175,-1304
-645,-96,-1202
-217,54,-1054
268,225,-797
518,293,-495
661,433,-207
861,502,40
1029,588,237
1219,642,395
1435,698,497
1581,753,518
1675,792,473
1747,725,363
1804,585,234
1940,542,25
1985,268,-176
1930,457,-475
1794,199,-684
1568,66,-884
1484,84,-1054
1511,185,-1145
1776,817,-1034
2120,1333,-737
2036,1092,-462
1877,1016,-307
1839,928,-342
1727,847,-509
1574,846,-710
1385,742,-851
1121,547,-937
873,464,-959
661,436,-916
440,302,-852
288,255,-771
74,78,-745
-354,10,-864
-1028,-579,-1280
-1035,-664,-1242
-1335,-255,-1305
-1403,-487,-955
-1350,-686,-672
-1219,-635,-517
-1024,-440,-412
-943,-301,-313
-878,-194,-207
-818,-108,-226
-540,-151,-212
-475,-331,-147
-419,-378,-178
-324,-371,-165
-325,-433,-153
-325,-430,-124
-303,-299,-94
-254,-249,-55
-232,-226,-65
-183,-183,-59
-136,-182,-80
-151,-239,-101
-150,-193,-83
-137,-133,-65
-96,-94,-41
-78,-56,-38
-63,-51,-35
-31,-53,-28
-19,-30,-18
-10,-25,-11
-21,-14,-17
-27,-7,-27
-23,-7,-28
-23,-12,-29
-38,-57,-42
6,-19,-21
-3,-1,-16
-62,-22,-19
-52,3,-25
-54,1,-33
-48,-3,-32
-56,-95,-42
-9,-17,-27
-17,-39,-30
-54,-19,-21
-47,53,-1
-21,28,-3
-46,7,-14
-71,12,-22
-77,15,-21
-88,18,-18
-119,25,-26
-156,23,-45
-167,45,-48
-184,71,-44
-178,64,-44
-147,52,-50
-138,55,-50
-146,68,-46
-202,73,-53
-254,96,-57
-347,105,-92
-435,123,-120
-562,170,-153
-709,237,-220
-814,319,-307
-942,336,-328
-1127,384,-397
-1290,418,-429
-1475,380,-523
-1614,489,-587
-1751,673,-658
-1845,731,-731
-1880,777,-829
-1753,791,-824
-1328,371,-894
-727,401,-1156
-126,252,-1494
474,291,-1660
951,283,-1397
1188,307,-851
1407,384,-278
1674,398,79
1966,429,169
2256,398,127
2421,427,83
2445,442,124
2406,465,189
2345,453,203
2296,268,131
2181,154,-140
2031,-41,-451
1833,-123,-746
1644,6,-963
1551,463,-1035
1632,947,-921
1588,1045,-797
1469,938,-719
1444,839,-670
1441,812,-638
1327,830,-650
1164,724,-665
1064,539,-585
967,439,-461
748,378,-378
637,358,-307
539,247,-254
364,257,-171
162,90,-114
-19,-22,-42
-179,-95,39
-370,-206,88
-1053,-409,-233
-918,-577,-513
-1264,-440,-946
-1335,-391,-811
-1248,-339,-655
-1282,-301,-575
-1247,-148,-472
-1302,-66,-499
-1366,-59,-551
-1346,-193,-550
-780,-700,-364
-599,-734,-278
-425,-568,-187
-343,-446,-143
-242,-248,-83
-224,-113,-49
-218,-39,-42
-207,-37,-54
-178,-62,-51
-150,-93,-69
-130,-146,-82
-136,-185,-89
-129,-154,-85
-110,-126,-75
-97,-123,-68
-69,-116,-66
-81,-114,-77
-67,-120,-76
-55,-106,-72
-72,-134,-80
-49,-92,-69
-58,-68,-57
-62,-97,-71
-54,-66,-82
-36,-95,-84
-19,-244,-86
130,25,-47
-12,34,-88
33,-35,-49
-10,-16,-40
-64,-17,-53
-96,-34,-59
-57,-42,-45
-59,-27,-43
-56,-20,-42
-44,-13,-38
-41,0,-29
-33,3,-25
-20,9,-14
-18,5,-6
-16,16,-3
-14,29,2
-19,39,7
-18,39,9
-17,42,3
-9,48,6
-43,57,-2
-104,76,-30
-184,95,-63
-251,79,-107
-322,78,-140
-415,91,-176
-534,192,-164
-608,212,-213
-715,264,-241
-841,341,-238
-940,393,-276
-1075,478,-335
-1295,456,-422
-1489,410,-516
-1599,413,-583
-1690,340,-612
-1774,386,-700
-1803,401,-752
-1786,538,-837
-1567,518,-925
-1044,414,-1057
-390,413,-1385
233,342,-1638
759,341,-1721
1257,428,-1451
1497,500,-1086
1641,536,-640
1849,665,-228
2022,716,9
2151,793,67
2254,807,72
2447,849,72
2412,767,-8
2276,656,-61
2083,595,-78
1905,463,-10
1752,172,-8
1482,-110,-164
1232,-250,-394
865,-463,-492
661,-74,-393
779,505,-202
1102,524,116
1447,469,443
1255,718,524
1028,665,491
957,524,461
883,406,389
905,315,246
901,435,142
763,442,45
619,349,-14
462,277,-74
362,216,-117
248,203,-160
86,148,-179
-156,65,-166
-423,-150,-50
-1203,0,-253
-1634,-564,-624
-1705,-297,-834
-1859,-395,-868
-1665,-190,-739
-1472,-398,-764
-1450,-471,-649
-1413,-584,-543
-870,-855,-366
-664,-770,-221
-472,-404,-135
-336,-184,-55
-241,-68,-13
-188,-6,4
-198,-55,3
-220,25,-42
-191,-30,-97
-110,-20,-27
-102,-88,-44
-90,-143,-64
-80,-140,-59
-70,-129,-56
-51,-118,-44
-46,-130,-54
-42,-133,-59
-40,-123,-64
-23,-120,-61
-15,-134,-58
3,-108,-49
3,-109,-48
7,-87,-33
5,-82,-32
14,-69,-27
14,-56,-18
19,-62,-22
14,-76,-26
14,-75,-41
8,-83,-53
8,-74,-53
6,-74,-51
23,-75,-51
19,-56,-34
15,-51,-25
14,-46,-27
13,-35,-25
4,-17,-21
-10,-18,-24
-15,-12,-29
-16,-31,-42
-13,-37,-55
-10,-44,-61
-23,-37,-59
-30,-37,-63
-46,-21,-75
-85,-5,-83
-138,23,-95
-196,28,-116
-284,2,-161
-384,-10,-221
-456,-27,-283
-504,-30,-356
-632,44,-438
-391,562,-255
-706,79,-438
-1035,92,-450
-1295,-175,-539
-1241,59,-548
-1253,278,-545
-1646,-261,-640
-1768,-402,-681
-1857,-330,-746
-1817,-411,-844
-1793,-218,-697
-1686,-585,-780
-1251,-892,-750
-774,-869,-453
-110,-357,3
282,-305,531
507,-238,1039
766,-97,1392
998,-63,1469
1260,14,1392
1487,5,1278
1699,-19,1179
1847,-9,1093
1905,-22,1014
1884,31,957
1902,73,906
1816,91,824
1654,167,776
1601,225,786
1481,295,722
1291,367,601
1169,524,494
1280,675,462
1297,820,325
1197,916,158
1157,885,44
1076,820,-11
1017,683,-59
915,670,-103
791,796,-96
617,821,-51
531,700,78
565,520,271
520,277,412
333,128,485
199,55,542
35,47,602
-195,-36,658
-866,-516,498
-1399,-579,331
-1875,-886,107
-1396,-773,-279
-1295,-515,-844
-1261,-298,-832
-1352,-561,-634
-1538,-858,-587
-850,-936,-491
-637,-1157,-271
-510,-770,-281
-391,-599,-236
-311,-414,-200
-281,-332,-172
-276,-259,-137
-260,-176,-110
-211,-106,-67
-181,-26,-47
-145,-23,-53
-133,-26,-59
-112,-30,-77
-128,-40,-58
-124,-22,-41
-112,-34,-36
-73,-34,-30
-71,-43,-31
-59,-24,-35
-84,-54,-60
-60,-40,-52
-41,-41,-56
-23,-45,-52
-14,-42,-51
-18,-37,-45
-18,-35,-39
-68,-46,-44
-11,-23,-25
72,28,9
9,31,10
31,-44,13
52,-34,11
-79,53,-29
95,181,-3
129,-8,12
57,-42,-2
74,-44,-9
30,-23,-19
46,-36,-3
66,-43,-7
76,-46,-8
65,-51,-13
72,-52,2
63,-42,1
59,-30,-2
43,-40,-14
25,-49,-33
7,-56,-59
-3,-64,-79
-22,-76,-119
-58,-104,-175
-87,-109,-242
-121,-132,-299
-183,-142,-352
-264,-80,-376
-469,200,-376
-576,50,-472
-833,4,-482
-977,62,-566
-1056,87,-610
-1326,-208,-612
-1419,-293,-653
-1528,-456,-708
-1611,-487,-762
-1650,-540,-827
-1638,-472,-872
-1518,-464,-839
-1197,-632,-749
-789,-428,-443
-208,178,-48
221,302,250
555,417,339
882,506,311
1108,531,235
1335,598,217
1549,686,286
1663,740,397
1647,763,529
1655,790,674
1728,763,757
1666,664,752
1528,610,782
1358,579,894
1220,518,1070
1189,404,1242
1099,281,1323
919,85,1294
321,-344,1100
-125,-392,919
-18,-105,795
763,595,821
1296,784,794
1216,849,654
995,807,578
957,713,607
894,535,621
858,519,648
763,521,678
590,300,675
374,155,704
182,35,716
58,-20,713
6,14,737
-162,-89,790
-311,-148,860
-343,-147,919
-434,-148,899
-1012,-165,631
-1535,27,357
-1694,-516,-101
-1481,88,-586
-1374,81,-797
-1415,195,-630
-1502,116,-437
-1445,207,-389
-891,-64,-276
-563,-356,-71
-392,-288,-59
-301,-203,-22
-235,-167,-16
-230,-157,-20
-239,-158,-26
-213,-16,-28
-201,7,-22
-169,47,-19
-119,39,-28
-90,67,-22
-71,15,-13
-59,49,0
-42,61,7
-60,65,2
-63,89,1
-49,128,4
-34,205,26
-41,218,35
-45,165,26
-57,91,15
-68,-22,-14
-47,-12,-24
-46,-61,-40
-40,-95,-48
-37,-89,-50
-29,-104,-55
-31,-149,-70
-48,-199,-86
-56,-198,-86
-76,-228,-94
-77,-249,-93
-71,-209,-87
-63,-183,-77
-51,-165,-71
-51,-159,-73
-47,-144,-68
-45,-135,-66
-41,-133,-57
-27,-112,-54
-12,-78,-36
-23,-78,-36
-24,-56,-24
-18,-37,-21
-20,-37,-19
-19,-33,-22
-14,-42,-28
-17,-58,-40
-15,-65,-42
-7,-74,-43
1,-63,-36
-8,-68,-26
19,-64,-25
14,-45,-19
13,-36,-16
7,-38,-18
15,-36,-14
16,-33,-13
13,-36,-14
5,-35,-11
11,-37,-13
0,-39,-15
-3,-24,-15
-7,-20,-7
-11,-24,-13
-17,-20,-13
-16,-24,-20
-23,-38,-26
-25,-43,-30
-17,-40,-24
-17,-25,-23
-16,-25,-19
-16,-28,-24
-14,-16,-17
-6,-13,-14
-8,-9,-12
-6,-3,-13
-2,-3,-10
-4,0,-10
-7,1,-4
-11,-5,-7
-7,-6,-10
-4,-10,-10
10,-9,-1
23,2,0
24,1,-5
1,-13,-17
-11,-25,-16
-12,-27,-23
-2,-27,-20
8,-26,-11
18,-20,-14
17,-21,-10
22,-24,-13
0,-32,-22
5,-22,-12
6,-14,-11
7,-14,-5
3,-12,-7
6,-5,-6
-6,-7,-12
-10,-13,-11
-7,-17,-12
-13,-14,-14
-14,-12,-13
-9,-11,-15
-13,-13,-16
-6,-12,-12
0,-16,-14
-1,-10,-9
-2,-3,-7
5,3,-2
4,9,-4
5,3,-7
6,4,0
5,0,-2
-6,4,-6
-8,4,1
-9,3,-8
-11,-4,-7
-8,-2,-11
-9,-5,-12
-8,-4,-11
-6,-1,-11
-7,-8,-10
-13,-14,-14
-10,-16,-18
-14,-12,-16
-19,-6,-15
-16,-13,-16
-19,-18,-18
-18,-20,-18
-11,-15,-16
-13,-10,-16
-15,-2,-11
-13,0,-11
-12,-5,-11
-12,-3,-11
-14,-10,-13
-17,-4,-16
-20,-6,-14
-15,-6,-15
-24,-7,-14
-23,-12,-11
-21,-6,-14
-18,-10,-14
-24,-14,-14
-20,-17,-14
-19,-14,-16
-17,-18,-13
-15,-18,-12
-11,-14,-13
-8,-7,-8
-8,-7,-9
-8,-7,-7
-7,-11,-6
-8,-7,-8
-9,-12,-9
-8,-11,-6
-6,-5,-7
-11,-6,-4
-11,-3,-10
-12,-11,-7
-12,-14,-10
-11,-14,-11
-15,-18,-17
-10,-19,-16
-14,-17,-12
-12,-15,-19
-14,-14,-13
-12,-14,-11
-10,-10,-11
-4,-12,-13
-4,-11,-14
-3,-16,-6
-12,-12,-12
-14,-12,-13
-7,-18,-11
-9,-10,-14
-12,-15,-16
-13,-18,-10
-8,-14,-14
-5,-13,-14
-11,-17,-18
-16,-16,-17
-9,-12,-11
-9,-17,-15
-7,-15,-14
-7,-14,-15
-11,-13,-15
-10,-15,-14
-12,-15,-15
-11,-16,-14
-14,-16,-18
-14,-16,-18
-11,-18,-16
-17,-22,-15
-14,-25,-23
-17,-26,-21
-10,-32,-22
-8,-32,-27
-4,-35,-21
-3,-31,-24
-7,-34,-23
-6,-41,-22
-8,-32,-24
-8,-31,-17
-4,-26,-17
-4,-21,-13
-7,-20,-22
-9,-26,-15
-13,-27,-18
-7,-32,-22
-9,-23,-19
-9,-19,-18
-8,-23,-13
-8,-18,-12
-11,-22,-8
-12,-15,-11
-8,-19,-17
-8,-16,-10
-8,-14,-9
-4,-13,-8
-10,-8,-11
-7,-5,-7
-7,-6,-5
-8,-8,-7
-6,-6,-7
-6,-2,-6
-1,-4,-8
-5,-1,-5
-10,3,-3
-10,4,-1
-9,2,-1
-8,-2,-8
-6,-10,-6
-6,-7,-6
1,-7,-8
-2,-2,-6
-4,0,-1
-4,-4,-4
-17,0,-9
-14,1,-5
-12,-4,-2
-10,-1,-5
-11,2,-6
-8,-1,-8
-12,2,-9
-14,1,-7
-13,0,-6
-16,8,-9
-18,0,-9
-15,-1,-4
-13,3,-9
-16,1,-8
-18,5,-6
-16,8,-7
-14,2,-7
-14,-1,-9
-11,-9,-13
-12,-10,-14
-6,-4,-11
-6,-7,-13
-5,-7,-8
-8,-2,-8
-13,-4,-6
-11,-2,-7
-11,5,-4
-7,1,-4
-6,1,-1
2,4,-3
-3,-1,-1
1,-5,0
1,-1,-8
0,1,-5
-5,-7,-12
-8,-9,-10
-9,-14,-12
-6,-13,-10
-6,-12,-10
-12,-12,-10
-5,-8,-11
-6,-4,-4
-9,0,-5
-6,-5,-7
-7,-6,-4
-9,-2,-15
-5,-8,-11
-8,-5,-9
-4,-8,-9
-7,-17,-10
-4,-11,-14
-10,-15,-18
-3,-15,-13
-8,-16,-19
-8,-17,-18
-13,-20,-14
-3,-23,-17
-6,-24,-19
1,-21,-12
3,-26,-19
6,-35,-19
16,-36,-20
7,-32,-21
2,-31,-21
4,-30,-17
-4,-25,-21
-1,-29,-20
3,-35,-22
0,-42,-24
2,-44,-18
1,-37,-25
-3,-26,-16
-6,-16,-15
-9,-11,-9
-2,-2,-10
0,-1,-6
-3,-6,-6
-5,-14,-11
-11,-9,-11
-6,-9,-13
-11,-11,-14
-8,-11,-14
-15,-6,-13
-9,-11,-11
-9,-8,-14
-11,-11,-13
-10,-12,-12
-7,-13,-13
-11,-8,-12
-18,-10,-16
-14,-9,-16
-16,-12,-13
-16,-13,-13
-8,-10,-9
-7,-14,-9
-13,-12,-10
-16,-8,-10
-20,3,-9
-20,-3,-9
-21,10,-5
-20,9,-9
-15,7,-5
-16,5,-8
-20,10,-6
-19,10,-5
-18,13,-1
-16,1,-4
-19,3,-6
-12,-2,-12
-15,-4,-6
-12,-1,-12
-13,-6,-13
-7,-1,-9
-10,-6,-9
-10,-2,-12
-8,-5,-8
-6,-4,-10
-4,-12,-10
-7,-11,-8
-4,-12,-16
-7,-13,-12
-6,-12,-11
-6,-15,-10
-5,-12,-10
-9,-15,-14
-8,-11,-9
-9,-13,-10
-9,-5,-10
-6,-7,-9
-7,-3,-3
0,4,-7
-6,3,-4
-9,-2,-5
-9,1,-6
-8,-6,-6
-8,-1,-7
-12,-11,-13
-3,-8,-7
-9,-1,-9
-2,-6,-12
-4,-9,-11
-7,-4,-12
-6,-10,-8
-3,-9,-11
-6,-9,-9
-6,-5,-5
-3,-3,-5
-2,-3,-3
-7,-1,-7
-11,-2,-6
-8,-7,-10
-4,-8,-7
-4,-5,-2
-4,-5,-4
-8,-10,-8
-18,-9,-3
-8,-12,-9
-10,-9,-13
-4,-8,-10
-8,-8,-16
-6,-6,-11
-11,-7,-15
-9,-5,-8
-8,-4,-6
-8,-6,-11
-11,-8,-13
-7,-8,-15
-11,-8,-10
-8,-13,-7
-6,-8,-6
-11,-8,-13
-9,-14,-10
-6,-11,-8
-5,-11,-7
-6,-8,-11
-5,-6,-8
0,-6,-1
9,-7,-1
1,-8,-6
-9,-12,-14
-13,-18,-17
-13,-18,-20
-7,-14,-13
-13,-9,-10
-13,-10,-11
-12,-15,-9
-15,-13,-12
-12,-12,-13
-21,-13,-15
-17,-12,-17
-14,-13,-9
-10,-18,-13
-7,-16,-20
-6,-21,-15
-7,-15,-15
-13,-17,-11
-12,-22,-15
-5,-24,-19
-9,-20,-13
-4,-14,-11
-8,-8,-2
7,-4,-2
15,-21,-2
19,-31,-8
18,-29,-11
9,-17,-16
8,-17,-11
-3,9,2
-4,22,6
8,20,12
6,21,10
-1,6,-3
-4,2,-3
-6,-2,-7
-8,-3,-10
-11,-2,-9
-15,-3,-10
-15,-7,-12
-19,-4,-13
-14,-11,-16
-15,-4,-12
-16,-5,-14
-16,-2,-6
-18,-1,-7
-17,2,-10
-16,-4,-13
-18,-8,-21
-19,-15,-17
-18,-18,-19
-18,-16,-16
-22,-3,-7
-22,-2,-12
-20,-5,-15
-19,-8,-17
-15,-2,-10
-11,-5,-9
-11,-5,-12
-12,-7,-12
-12,-8,-15
-17,-4,-13
-24,-8,-15
-18,-12,-20
-26,-11,-19
-26,-16,-21
-21,-16,-19
-19,-7,-19
-22,-8,-15
-25,-5,-11
-22,-5,-16
-23,-2,-13
-25,-1,-11
-19,-1,-13
-17,-8,-6
-13,-6,-13
-14,-3,-13
-14,0,-5
-16,-2,-10
-16,-3,-10
-14,0,-7
-16,-6,-5
-14,6,3
-18,13,10
-16,7,6
-20,2,4
-9,1,-10
-8,-10,-9
-4,-19,-13
-7,-13,-13
-10,-11,-14
-9,-4,-16
-7,-10,-14
-7,-9,-11
-9,-9,-11
-2,-11,-8
1,-7,-8
-3,3,-2
-3,3,-3
-3,5,-4
1,-2,-4
-5,-3,-2
-1,-4,-1
0,-7,-4
-3,-2,-4
-1,0,-5
-5,-3,-3
-2,1,-6
-2,-1,-2
-5,-3,-7
-5,-6,-8
-5,-2,-9
-5,-5,-8
-10,-8,-6
-13,-5,-11
-13,-7,-13
-12,-5,-16
-16,-9,-9
-15,-7,-15
-5,-10,-13
-12,-4,-9
-6,-6,-10
-12,-7,-10
-9,-7,-7
-5,-2,-10
-9,-8,-10
-12,-4,-8
-11,-5,-6
-10,-5,-10
-9,-5,-15
-8,-6,-7
-6,-9,-6
-11,-6,-8
-13,-5,-10
-13,-6,-9
-13,-2,-8
-12,-10,-13
-11,1,-9
-6,1,-9
-7,2,-7
-5,-5,-7
-10,-1,-4
-14,-3,-8
-10,-3,-11
-10,-3,-6
-3,-4,-7
-5,-5,-10
-3,-5,-8
-4,-6,-7
-3,-6,-11
0,-4,-5
-8,-3,-7
-7,0,-8
-8,1,-7
-6,-5,-6
-9,-6,-9
-10,-5,-10
-2,-5,-13
-11,-8,-9
-11,-4,-13
-9,-5,-7
-9,-4,-7
-10,-8,-9
-14,-5,-11
-13,-6,-13
-13,-1,-8
-7,-7,-10
-9,-7,-4
-10,-2,-8
-11,-1,-11
-12,-1,-7
-13,-1,-7
-9,-2,-8
-11,-3,-6
-6,-4,-11
-10,-5,-5
-11,-2,-6
-9,-6,-4
-6,-3,-7
-11,0,-11
-10,-5,-14
-7,-2,-3
-9,-2,-7
-8,-2,-10
-4,-2,-5
-6,-1,-7
-8,-2,-9
-3,-1,-8
-13,2,-9
-8,-8,-5
-11,1,-8
-7,-7,-13
-6,-7,-7
-9,-3,-7
-3,-9,-10
-9,-7,-4
-8,-2,-10
-5,-3,-6
-7,-10,-7
-8,-4,-11
-7,-9,-7
-9,-7,-12
-5,-1,-5
-7,-9,-11
-8,0,-12
-11,-8,-9
-9,-5,-8
-8,-5,-9
-9,-5,-7
-7,-4,-10
-12,-4,-11
-11,-1,-13
-8,-3,-6
-12,-5,-6
-10,-6,-7
-8,0,-3
-6,3,-7
-9,-2,-6
-7,-4,-6
-8,-4,-5
-3,-4,-10
-13,-6,-7
-7,3,-10
-11,6,-11
-10,-5,-8
-15,-7,-8
-9,-3,-9
-7,-3,-9
-9,3,-8
-8,4,-5
-11,-1,-4
-10,-3,-6
-11,-4,-11
-16,-2,-12
-13,-3,-8
-16,-6,-8
-15,-8,-11
-12,-5,-11
-13,-12,-12
-12,-8,-12
-10,-9,-11
-9,-6,-6
-4,-4,-3
-4,-9,-8
-6,-4,-3
-8,0,-9
-8,-1,-9
-5,-2,-9
-5,-3,-6
-8,-2,-8
-3,-4,-6
-5,-3,-5
-3,2,-6
-1,0,-1
-3,-2,-8
-4,0,-6
-7,-3,-9
-9,-1,-8
-7,-2,-9
-10,-2,-7
-9,-2,-9
-10,0,-7
-8,-4,-9
-8,-4,-5
-7,-5,-8
-6,2,-11
-9,1,-11
-13,-1,-5
-10,-1,-7
-11,1,-5
-10,-5,-8
-13,-6,-7
-10,-5,-7
-9,-5,-8
-10,-13,-9
-18,-10,-9
-14,-3,-6
-13,-2,-7
-11,-7,-7
-8,-5,-7
-14,-8,-6
-11,-6,-9
-3,-1,-8
-11,-2,-6
-10,0,-5
-8,-3,-8
-7,0,-7
-6,1,-5
-2,0,-6
-5,3,-12
-6,6,-6
-9,-1,-3
-13,3,-7
-7,0,-11
-8,-3,-6
-14,2,-6
-6,-1,-4
-12,5,-7
-11,-2,-4
-10,-5,0
-11,2,-4
-8,2,0
-6,0,-2
-5,-2,-7
-11,-4,-8
-7,-1,-7
-8,-4,-6
-4,-7,-5
-4,-4,-4
-10,-8,-7
-8,-6,-5
-9,3,-2
-8,-1,-4
-7,4,-2
-8,-1,-6
-7,0,-3
-8,1,0
-8,-2,-5
-9,3,-8
-8,1,-5
-10,-5,-3
-8,0,-6
-10,-2,-6
-9,-7,-6
-6,-4,-8
-8,-1,-4
-9,-2,-9
-15,2,-9
-12,-4,-12
-11,-8,-8
-11,-5,-7
-10,-5,-6
-12,-2,-16
-11,-6,-8
-11,-6,-7
