-800,110,8490
-1234,-6,8350
-502,182,8418
-604,284,8024
-1134,204,8388
-786,372,7932
-1230,222,8722
-600,280,8130
-1416,94,8328
-1076,222,8038
-1198,224,7656
-990,202,8100
-1106,138,8324
-1244,88,8320
-170,286,7626
-1856,-80,8548
-1556,-160,8730
-1022,-204,8632
-388,-6,7764
-1760,-222,8340
-1708,-186,7926
-922,-110,7624
-1162,-268,8072
-1432,-578,8774
-1506,-650,9004
-1576,-622,8772
-1102,-550,8578
-1086,-640,8488
-1144,-632,8388
-1228,-606,8150
-1344,-748,8556
-1040,-668,8358
-1204,-580,8142
-1558,-610,7818
-1430,-540,7994
-1944,-670,8624
-1808,-640,8684
-2018,-690,8534
-808,-356,6782
-1442,-458,7252
-1748,-638,8656
-1678,-646,8192
-1038,-620,8204
-1578,-870,8726
-1678,-830,8724
-762,-652,7226
-1698,-696,7964
-1598,-738,8472
-1728,-804,7842
-1946,-1012,8406
-1220,-938,8086
-1364,-904,7888
-1194,-812,7752
-1114,-978,7530
-1690,-1216,7476
-1100,-1354,8302
-1142,-1546,7680
-2248,-1940,8168
-1142,-2288,9418
-1088,-2250,8118
-1144,-2228,7748
-790,-2066,6850
-1214,-2348,7240
-1812,-2804,8152
-1840,-2998,9258
-1130,-2950,8742
-762,-2752,7486
-596,-2540,7436
-1014,-2858,7102
-984,-3302,7766
-1666,-3458,8852
-1732,-3406,8202
-1706,-3256,7562
-1308,-3166,6622
-1570,-3396,6880
-1720,-3724,7958
-1948,-3896,7702
-1030,-3844,7302
-872,-3848,6466
-582,-4144,7030
-650,-4478,7112
-812,-4656,6914
806,-2768,9424
-616,-4542,6138
-838,-4750,6604
-1534,-5330,7104
-986,-5150,6214
-502,-5268,5824
-20,-5282,5792
112,-5350,4976
-926,-5990,6432
-796,-5938,5738
-364,-6176,5286
-350,-6510,5298
-264,-6718,5822
174,-6738,5454
248,-6956,4524
578,-6906,3944
-124,-7092,4484
-428,-7536,4104
-140,-7538,4592
252,-7650,4120
-322,-8062,4054
452,-7960,3380
-2,-8064,3102
84,-8120,3282
-432,-8202,3042
-236,-8190,3128
74,-8034,1994
-428,-8306,3054
-58,-8412,2552
64,-8346,1754
-308,-8502,2024
-314,-8512,1762
-88,-8442,1942
64,-8438,1250
66,-8512,2050
106,-8510,1762
356,-8472,706
-104,-8648,816
78,-8624,986
-160,-8668,1658
-256,-8730,1382
258,-8524,1042
214,-8512,414
384,-8198,656
-172,-8452,822
-392,-8534,1172
-350,-8408,1232
-438,-8036,-618
42,-8038,1720
48,-8460,440
-16,-8258,404
-388,-8014,1128
-1070,-8516,592
976,-8016,-774
348,-8402,294
890,-8468,1536
838,-8680,1256
596,-8490,-322
-148,-8422,-996
562,-8134,-1794
-220,-8372,954
604,-8552,-494
500,-8884,1040
198,-8784,932
-664,-9014,-1918
932,-8530,-1884
258,-8480,88
-1774,-8674,-2054
-1372,-8374,396
-1174,-8722,1506
-22,-8506,-128
-188,-8164,-280
-956,-7848,58
-2558,-8052,98
-3702,-8046,2306
-1040,-7984,-298
-696,-8018,814
-1332,-8134,-500
-1378,-7916,608
-2298,-7888,632
-1970,-7654,734
-2784,-8310,1586
-1090,-7772,1534
-1524,-7808,86
-1786,-7892,892
-2196,-7930,160
-4412,-9288,6564
-1824,-8140,426
-2380,-8132,1406
-3240,-8912,2290
-1132,-8308,648
-1966,-8188,1340
-2850,-8126,1056
-2702,-8036,1156
-1804,-8158,944
-1912,-8260,862
-1812,-8070,1090
-1682,-8054,724
-1978,-7848,1406
-1826,-7634,1772
-1454,-7626,2468
-1758,-7866,1180
-2420,-8120,976
-1140,-7626,2564
-1858,-8382,-458
-826,-8348,476
-2088,-8514,-1456
-2186,-8220,384
-1234,-8274,696
-766,-8210,-604
-552,-8348,-88
-1120,-8430,-18
-1122,-8376,196
-1048,-8326,-1828
-1126,-8412,-246
-394,-8516,220
162,-8474,-1600
-650,-8242,-1630
-1118,-8424,-2358
-302,-8122,-3168
-692,-8326,-642
-620,-8430,468
-90,-8186,-1680
-494,-8144,-1746
-828,-8504,322
60,-8374,-336
384,-8068,-1322
190,-8150,-2292
-200,-8428,-1574
-172,-8442,-1172
-364,-8672,102
-652,-8728,308
-266,-8762,24
1222,-8190,-1674
2008,-7720,-2898
146,-8032,-1326
-566,-8278,-354
-742,-8358,-64
-44,-8472,-986
484,-8234,-830
960,-8112,-858
-140,-8540,0
-902,-8576,-76
-548,-8612,-364
896,-8336,-1122
-26,-8434,-130
110,-8376,-934
476,-8158,-268
-1158,-8674,346
-1328,-8586,-990
940,-7970,-68
466,-8030,-588
1074,-7790,-626
102,-8272,-274
-1864,-8814,-782
-2494,-9200,1250
-1194,-8958,-1410
666,-8420,-698
752,-8152,-2200
596,-7792,-926
660,-7682,-1034
-570,-8072,-710
998,-7696,-2506
-990,-7938,-1842
516,-7678,-3294
-92,-8016,-2148
-422,-8214,-1964
-722,-8286,196
-318,-7916,-1748
-194,-8048,-1652
-266,-8296,-1528
-302,-8058,-3244
-1330,-8458,10
-694,-8136,-1750
-958,-8144,-802
-730,-8014,-2926
-886,-8122,-2936
-764,-8204,-3120
-766,-8430,-956
-440,-8110,-924
-568,-8136,-1386
-690,-8202,-3182
-1434,-8878,2924
-1118,-8252,-16
-790,-8108,750
-1242,-8082,202
-1770,-8272,188
-448,-8252,772
-930,-7842,1596
-1360,-8192,950
-1476,-8168,1542
-1558,-8080,990
-1404,-8284,992
-1334,-8342,1958
-284,-8192,1564
-1078,-8136,944
-772,-8100,2546
-1232,-8212,2158
-180,-8012,2618
72,-7936,1620
172,-7816,1958
-534,-7868,2072
-202,-7844,2666
42,-7910,2760
266,-7906,1962
512,-7846,2380
-74,-8160,2694
244,-8008,2718
572,-7890,2754
830,-7802,3528
1032,-7810,3816
704,-7908,1392
1274,-7712,3046
1220,-7756,3976
722,-7888,2490
1212,-7788,2990
1704,-7604,3024
1744,-7456,2816
826,-7678,2374
478,-7582,4456
564,-7600,5276
692,-7546,4162
1024,-7434,2122
992,-7308,3008
822,-7424,5054
564,-7458,4784
522,-7354,5542
516,-7248,4576
656,-7008,5060
328,-7050,5068
8,-6880,5478
-290,-7008,5438
-256,-6960,4224
-160,-6764,6154
452,-6668,6574
686,-6676,7128
60,-6756,5022
484,-6502,6016
228,-6282,5838
232,-6052,6872
346,-5826,6002
890,-5602,7282
344,-5360,7208
12,-4906,6304
822,-4838,6660
-654,-4554,5520
-38,-4202,7266
-230,-4184,6690
-534,-4094,7762
368,-3714,7146
1124,-3562,6514
-148,-3480,7348
260,-3286,7372
-130,-3356,9346
-554,-3206,8260
164,-3044,7866
712,-2808,7876
812,-2578,8788
-138,-2398,5512
-48,-2208,7132
-140,-2082,8030
-386,-2174,8442
152,-2070,7844
658,-1790,8110
1030,-1564,6674
956,-1618,8288
274,-1688,9962
1222,-1644,8722
896,-1372,8006
586,-1172,6876
160,-1160,8332
528,-1060,8256
984,-976,7118
1076,-844,7658
974,-802,8962
466,-792,8154
710,-698,8338
602,-682,8478
550,-694,8754
490,-652,8946
278,-606,9084
380,-514,8256
-76,-330,8660
522,-226,8954
726,-290,9998
366,-376,10292
776,-110,9828
486,98,9198
480,712,8208
-426,630,11238
858,930,8520
810,1290,8272
154,1616,7906
282,1694,7824
498,1956,9020
238,1622,7802
796,1996,8706
670,2294,8084
534,2640,6786
1244,3104,7214
-218,2994,7880
1556,3256,7742
690,3628,7256
552,3756,5890
1034,4190,7116
-342,4292,6276
240,4608,6408
1282,5654,6414
790,5264,3822
-1168,5260,6980
1154,5910,6362
108,6002,4670
-494,6072,5184
-590,5968,7446
2312,6392,5622
-692,5872,7690
2186,6964,1766
236,7186,-198
1046,7090,4992
1552,6888,2586
1630,7102,638
850,7122,1706
1156,7160,1372
1760,7256,1562
500,7138,3088
2104,7504,-26
720,7506,1992
808,7530,918
190,7480,1274
1796,7570,230
856,7478,2016
2286,7684,1452
2082,7664,-1136
1630,7838,-394
770,7748,-320
282,7636,92
492,7716,482
980,8156,-1014
926,8014,352
1378,7936,1430
1550,8102,1400
726,8040,1228
1216,7958,1308
1548,8004,524
1010,8030,1454
1436,7958,1108
1334,7948,1692
1240,7918,904
824,7904,2480
1046,7828,3750
2382,7672,1940
1956,8026,-3048
-854,7714,-168
626,7718,1504
250,8044,224
-46,7978,2778
1536,8076,-726
1152,7900,1050
-448,7808,1840
232,8064,768
984,8186,2086
-1498,7646,1476
-1804,7618,1270
608,8206,702
-1558,7802,1934
-854,7920,1224
-1160,7768,1930
-1630,7758,426
-424,8052,816
-1502,8090,2290
870,8454,836
-1846,7522,-456
-2066,7522,746
-984,7660,1844
-1594,8132,-2886
-126,8276,-1456
-628,8032,440
-616,7836,-2692
-1208,7910,-440
-772,8066,-808
-2560,7904,-4138
-994,7834,614
-1018,7770,-1008
-728,8178,-1432
-388,8102,198
-214,8030,-1430
-822,7828,-4958
-798,7892,-620
-392,7894,-6234
-1498,7854,122
-620,8058,-406
674,7862,10152
-330,7700,-456
-170,8104,-2140
-220,8070,-678
-464,8008,-666
-556,8142,-1224
-18,7996,-478
194,7950,-1262
1016,8208,326
112,7792,-2056
-610,7826,-472
1562,8586,220
618,8026,-582
1490,8210,-626
1094,8166,-34
-1210,7584,116
-614,8014,-144
390,8066,-176
1836,8186,-74
2190,8580,-828
190,8296,244
-1622,7478,1034
-1310,7666,-468
1598,8198,-150
812,8420,1982
1030,8386,-820
-956,7708,-230
-480,7814,1182
192,7910,-632
690,8094,224
1532,8162,392
356,8078,-1246
602,7980,260
-60,8238,-6
1556,8206,240
782,8042,-40
570,7944,-440
1076,8326,508
868,8058,180
1458,8200,-1130
1954,7396,-1906
1714,8580,6516
-428,7838,702
1160,8216,406
-318,7776,840
1250,8014,146
2578,8286,-138
654,8146,666
-78,7904,1568
298,8000,2260
844,8066,672
1110,8002,490
1194,8010,448
558,7462,796
242,7796,820
132,7858,1564
796,7970,-1126
1046,8120,-70
206,7938,94
-806,8024,724
-1314,7980,1354
-130,8254,1488
352,8194,-340
472,8152,-806
272,7978,-98
-76,7874,980
1712,8134,1084
548,7976,1356
1386,8208,-330
780,7956,260
332,7734,972
366,7792,932
956,7776,-1210
1508,7848,-558
2436,8128,-954
1514,8014,480
2476,8534,2146
1006,7560,-1244
1030,7930,-688
224,7554,-2998
1860,7822,-1538
2358,8214,1028
2230,8562,2248
1016,7948,-296
3392,7700,-738
-508,7480,-1080
816,7904,-1056
1352,7724,-966
1018,7966,-540
832,8120,220
112,7666,-1396
1476,7698,-2048
560,7818,-670
1046,7752,-1682
1384,8058,-220
1096,8486,836
396,7998,-184
1542,8116,-850
890,7964,-972
198,7726,-878
506,8192,180
840,7850,-1158
778,7750,-1490
628,8028,-570
1176,7782,-1446
1232,7804,-1702
470,7762,-1846
582,7926,-1510
1986,8108,-1418
152,7688,-1618
380,7820,-1250
364,7976,-1476
562,7750,-2356
1140,7560,-1634
720,7710,-2542
708,7864,-2160
-164,7652,-1810
628,7610,-2770
-196,7560,-2064
-96,7680,-2092
958,8048,-2110
1144,7798,-2720
-184,7816,-1638
-52,7824,-1934
-28,7556,-2800
158,7854,-1942
-92,7638,-2166
662,7946,-1930
18,7496,-2704
474,7990,-1754
-146,7770,-1500
1248,7886,-2004
1606,8012,-2208
-1126,7548,-494
948,8128,-602
642,7726,-1794
1918,8000,-1836
2464,8218,-20
3480,7798,-2502
-1470,7236,-2386
1846,8024,314
852,7802,696
790,7858,-1292
1036,7988,130
850,8034,336
632,8004,-254
1050,8272,1600
14,7968,390
478,8174,1546
88,8064,518
-664,7854,-552
-82,7940,-770
-312,7772,-142
620,7838,-48
636,8040,2376
-198,7816,794
-244,7842,-242
-354,7794,348
706,7794,3624
8,7648,2456
286,7836,958
172,7784,1330
626,7612,2630
362,7570,3844
1264,7840,3198
622,7756,1220
-974,7396,732
574,7464,986
1138,7338,5448
1110,7206,5252
514,7114,3812
954,7288,1760
-420,7020,774
-2004,6308,2422
744,6412,6826
702,6406,8112
1270,6298,4602
340,6072,3946
758,6228,3118
-1270,5652,5592
1368,6026,9062
498,5836,7372
546,5614,4170
-228,5408,4770
280,5250,3498
-176,5066,4858
-256,4934,7104
1892,4874,7682
822,4684,6528
914,4450,4156
-1020,3904,2352
-1946,3856,7572
1850,4826,12590
868,4208,8930
1142,3616,6444
-222,3174,5596
-596,3090,6140
-1600,3050,9966
-1148,3366,12410
94,3282,8978
-36,3024,6888
-8,2972,6552
-468,2836,6502
-922,2802,8316
642,3016,11094
742,2750,8366
546,2546,7060
-234,2342,6220
-264,2256,5762
-534,2240,6508
-412,2260,10336
396,2300,10944
224,2056,8530
-16,1750,7052
-476,1760,7038
-2300,1426,7436
-2232,1542,10582
-930,1486,10588
-1072,1402,8828
348,1418,7776
724,1352,7102
-538,1012,6752
-1552,982,7492
-3484,488,8986
-1284,578,11842
326,508,9064
-268,226,6734
-1444,240,6434
-2380,-120,7452
-1260,-386,6750
34,-814,5374
340,-644,6400
-448,-1110,10448
2228,-962,12132
5402,-546,10358
4420,-366,7654
254,-716,7588
66,-608,7292
-2104,-598,10700
112,-530,11070
-334,-648,9774
-478,-940,8522
-216,-980,7030
982,-560,7820
1768,-520,6830
1394,-548,5934
374,-450,7052
-3022,-664,9476
-1354,-422,13022
102,-1016,10486
52,-1002,9036
1076,-1270,8688
3186,-996,8096
192,-1188,6886
76,-1242,6906
2748,-900,7338
2246,-1000,6562
1556,-740,6298
-130,-670,7144
-1240,-524,9450
-1102,-620,9156
-2280,-692,9718
-356,-818,9004
192,-876,8060
638,-928,8502
366,-1120,7758
-302,-1270,7362
708,-1122,8480
158,-1016,8834
324,-1134,8590
690,-1162,8106
700,-1098,8246
406,-1194,7656
314,-1150,7834
438,-1098,8764
586,-1082,8344
348,-1194,8946
1114,-1260,8690
1558,-1342,8540
1428,-1156,9272
-412,-1212,8664
-2040,-1396,9858
-4344,-1622,6372
-5684,-1756,4372
-2498,-1004,6374
-2486,-1098,7744
-3310,-1090,7760
-5114,-1054,8120
-5638,-1128,6184
-6732,-1264,6630
-5274,-1174,4860
-4768,-1046,5768
-6188,-1310,6354
-5944,-1210,5008
-8010,-1772,4188
-8086,-1258,2274
-6804,-1216,1140
-7928,-1716,2008
-6346,-1224,-620
-8378,-1664,-142
-9204,-1748,-492
-7184,-1450,-3272
-7156,-1574,-3916
-6316,-1344,-4078
-5682,-1348,-5000
-7206,-1772,-3412
-5510,-1356,-5134
-6796,-1836,-5540
-4436,-1490,-6214
-3636,-1456,-6826
-2354,-1230,-7682
-2964,-1398,-7010
-2486,-1524,-6080
-794,-1508,-7334
102,-1738,-9244
928,-1620,-8468
892,-1628,-7694
1160,-1834,-8184
2562,-1746,-7698
2722,-1958,-7186
4562,-1786,-6612
4232,-1942,-7790
4828,-1758,-6442
4906,-1900,-6688
6322,-1696,-5428
6254,-1906,-6348
6224,-2086,-4954
6452,-2060,-4728
7034,-1950,-4946
7210,-1852,-4118
7660,-1872,-4176
7964,-1866,-2442
7680,-2006,-1710
8130,-2034,-2238
8122,-1852,-870
8112,-1874,-70
7870,-1924,78
7246,-2118,160
7148,-2244,1650
7506,-2010,1494
7450,-2448,2258
7928,-1638,2448
7152,-1738,3558
7730,-2204,4774
8236,-1420,3558
6834,-1890,2774
8462,-1228,5074
6760,-1852,4102
5926,-1842,4212
6150,-2136,3154
6776,-1738,5184
5852,-1580,4990
6890,-956,7092
5544,-1672,5146
5622,-1514,6408
5340,-1456,6032
4668,-1600,6026
6596,-1292,5658
6552,-1372,5190
5098,-1684,5968
5278,-1554,5852
7642,-412,5656
7318,-902,4432
5092,-1708,4860
5116,-1820,5466
7998,-1042,4450
7892,-860,3320
7918,-948,2940
6110,-1572,3634
8622,-1032,2796
7742,-1358,1774
7592,-1250,1648
7754,-1184,342
7850,-1222,378
8554,-1272,6
8508,-1270,502
7382,-1138,-4048
8968,-1776,-814
8916,-1124,-3738
6882,-1578,-2688
6850,-1338,-4192
7072,-1252,-5962
5762,-1424,-6332
6270,-1158,-6992
4774,-1306,-5314
3348,-1442,-7508
2080,-1330,-8258
2596,-1010,-8586
2432,-1016,-10900
2296,-790,-8926
-1948,-1264,-6574
-3094,-990,-5516
-5730,-1100,-5156
-6572,-1214,-4054
-6090,-886,-3642
-6224,-988,-3832
-6948,-1126,-1370
-8246,-1196,3186
-8662,-1152,3832
-7282,-1012,2572
-7768,-1034,3352
-6436,-896,3576
-7166,-1112,4188
-6454,-1076,4392
-5840,-968,5476
-5210,-840,6944
-4370,-996,6870
-4430,-1186,6018
-4254,-1172,4836
-2028,-900,9136
-2614,-1184,7950
-1764,-1138,8310
-1574,-958,8676
-1258,-1082,8244
-96,-940,8164
230,-1124,7842
-342,-1426,7238
1654,-1110,6182
1990,-784,11338
942,-1530,8508
2716,-1070,8256
2620,-1352,7456
3688,-768,6696
4652,-858,6164
2952,-1200,7640
3118,-1218,7184
4212,-1154,7212
3598,-1276,7186
3786,-1322,7678
4366,-1140,8020
3684,-1140,8290
3496,-1070,7820
3344,-1050,7556
3782,-1080,7158
4074,-1024,7302
3388,-1012,7426
3258,-908,7392
3006,-1096,6766
3730,-928,7450
3052,-1340,7566
2418,-1338,7670
1892,-1646,8010
4558,-1330,7380
2526,-1648,8408
3106,-1484,8158
2116,-1522,8286
2422,-1136,8580
2622,-1686,6368
4122,-1260,6912
3958,-1384,6866
4134,-1422,7320
2084,-1764,7316
2724,-1478,8348
4998,-1354,8014
4716,-1704,6780
4420,-2024,7912
3080,-2470,7568
2206,-2232,8164
2568,-1854,9304
2764,-1708,8560
2064,-1662,8694
1664,-1808,8204
3294,-1696,6956
2444,-1492,5488
2754,-1262,7316
3120,-1316,9286
2902,-1202,8720
6034,-836,8826
4270,-1448,8712
3166,-1838,8098
4784,-1664,6940
-1648,-2180,7016
-500,-1142,8842
-1740,-1256,8184
-1058,-886,9976
1390,-550,8382
3146,-522,8840
538,-686,8062
448,-606,6800
-454,-640,6872
-54,-318,10538
380,-454,9400
1966,-52,6128
4922,-234,6000
4202,1076,9026
128,-856,6864
-1958,-420,10528
-438,-550,8236
3818,-294,5726
1562,-214,6444
1460,-332,8264
1048,-362,11634
1358,-604,11328
1504,-336,6472
2642,10,8044
772,-270,6956
-1610,-818,9300
-134,-386,9978
336,-122,8048
1270,-48,6738
-1744,-732,9260
-1480,-540,7866
222,-336,9228
196,-368,9778
1692,-314,8168
-1822,-1774,4826
-638,-858,8348
-40,-78,6518
-854,-298,9110
966,170,8114
148,-330,7774
-400,-456,7474
-1526,-966,7560
6,-624,8756
-1262,-1166,8896
556,-512,9392
-184,-786,9024
-212,-700,8206
262,-246,7684
148,-806,8620
960,-546,8016
-1402,-696,8920
-590,-584,9002
-370,-316,8460
378,-460,7746
-4,-518,8670
1316,0,7250
796,-202,8200
154,-824,8900
-62,-606,8394
694,-450,8364
510,-740,7876
-718,-936,7964
-1502,-1060,8976
60,-540,7892
-720,-1016,8370
-434,-950,7606
282,-480,8594
822,-386,8462
736,-498,7444
-594,-878,8832
722,-506,8388
1308,-578,8904
2608,-628,7338
2642,-242,7774
3382,-186,7870
3124,-902,7272
4406,-26,9232
5256,96,6402
4842,-4,5766
6264,-672,7480
7496,350,4556
6676,-242,3004
9036,-2118,1696
4874,-652,5760
7540,-214,318
9264,40,1254
7900,-72,1714
7818,-128,-474
7954,282,282
8620,646,-2252
8124,354,-2922
8354,654,-1266
8660,374,-3492
8322,464,-2234
6822,550,-1776
6270,750,-4668
4780,-28,-4162
5708,492,-3902
7788,808,-4850
7128,276,-4510
6542,58,-5308
5718,332,-4534
6840,612,-5672
7694,678,-4892
5900,-38,-4926
4992,-196,-4420
5970,50,-5142
5578,178,-4920
8128,572,-5710
5580,-110,-5000
4864,-232,-4286
6298,192,-5492
6208,328,-5022
6914,72,-5804
5406,-160,-5542
4116,-612,-4978
6026,-160,-4736
6364,-52,-5746
5476,-166,-7738
3904,-974,-6810
6108,-442,-6230
5548,-1042,-7870
4332,-596,-2156
4034,-586,-9154
4332,-612,-6810
4354,-936,-6172
5518,-428,-1450
1456,-948,-7706
4662,-54,-7242
2668,-782,-7976
3640,-950,-7590
3356,-776,-6250
2484,-776,-6848
3370,-452,-8038
2468,-914,-8326
2600,-990,-7166
3116,-652,-7568
2402,-996,-7876
2322,-772,-7582
-378,-4004,-10556
2852,-598,-8800
1230,-1372,-7358
2224,-1268,-7494
2396,-1272,-7702
386,-1458,-9438
1530,-1218,-8214
3410,-902,-6868
2570,-594,-6098
-380,-1634,-8286
2886,-992,-8626
2432,-1232,-7512
2774,-1048,-8220
2750,-1108,-7350
3638,-1132,-7854
2906,-1218,-5788
4196,-692,-7638
3074,-972,-7624
4690,-602,-7920
6122,-526,-6778
4854,-852,-5966
4922,-846,-6070
5272,-638,-6624
6502,-224,-6220
6522,98,-5140
6482,8,-4516
5660,-322,-4976
6834,-68,-4444
7396,158,-3160
8640,522,-2802
8158,556,-2208
6346,-290,-2894
8000,762,-1214
8200,900,-346
7196,1124,118
7964,1276,628
8580,896,382
8370,930,1230
6988,168,1040
6500,654,3234
7940,918,3152
8610,1222,3736
7806,1132,4664
5976,750,4856
7142,1058,5144
4458,534,6286
6234,1060,7384
5880,1424,6576
3794,922,7114
2190,532,5992
1368,186,6728
2356,708,7506
1778,1218,9366
874,1686,11248
-1884,258,6280
-612,780,6996
-2060,1220,8340
-2724,1558,9128
-1598,1916,11062
-4426,482,6806
-4142,970,4068
-6150,686,2762
-6824,1506,6854
-8254,1308,4738
-7290,938,3572
-5912,1344,3648
-6694,1132,3648
-7858,1510,2690
-8342,1438,2930
-7842,1034,266
-6512,1496,-588
-7428,1488,1084
-8360,1372,614
-8460,1444,-560
-7388,1314,-3018
-5846,1298,-3852
-5818,1346,-2184
-5110,986,-5880
-6422,1680,-4704
-6310,1516,-6520
-7110,1178,-5554
-4724,1388,-7264
-4590,702,-6982
-2032,880,-9300
-2832,948,-8106
-3452,880,-8254
-3096,1078,-7904
-1940,1098,-7102
-1326,756,-8164
-988,248,-6606
-1948,926,-7486
-1116,1144,-8834
62,722,-7174
198,560,-8194
2208,858,-8182
2028,702,-8376
1526,1004,-8194
1246,1078,-7792
1182,578,-6886
3658,992,-7148
2916,520,-4304
3972,724,-8248
3456,864,-8002
2418,430,-8630
3104,544,-8304
3386,426,-7982
3934,252,-7888
4080,146,-7872
3140,-142,-8134
3468,-334,-8978
1340,1070,-8400
512,706,-8080
454,316,-7216
744,94,-7908
1138,102,-8370
546,-36,-9546
-2376,608,-7328
-3660,832,-6904
-4634,222,-6084
-3030,614,-6890
-3490,224,-7888
-4642,502,-7228
-5998,588,-6964
-6508,332,-5780
-5668,834,-630
-5192,162,738
-4888,1098,522
-4374,356,2850
-2134,616,9128
-1082,444,8766
-368,612,11210
244,688,9786
646,822,9710
164,636,8252
618,480,8276
1174,572,9538
1256,508,9108
1254,426,8870
850,320,7574
262,328,8376
588,44,8794
1224,456,8608
824,554,7038
766,526,8790
122,340,9626
-604,-60,9406
-794,-158,7270
244,228,6962
566,550,8036
1126,770,9244
740,620,8796
558,548,8636
622,748,9224
-314,464,8530
1242,814,7944
-756,484,7004
-1050,752,8070
620,766,7894
1096,746,8470
2272,1556,7808
464,1076,8530
-110,982,8674
-1108,780,9010
-3126,168,8496
-2986,114,6728
-498,152,6816
672,506,6852
-1490,-660,8250
-332,-92,6264
-370,132,7660
526,284,8954
2716,832,8692
3030,1246,9508
-740,520,10280
-3690,-492,9624
-2020,-488,8098
2298,-28,7860
3630,110,8004
2094,234,8150
42,100,7378
790,506,8388
2482,922,9938
2498,514,10600
1992,28,9080
1802,-366,8390
1746,-330,7044
772,-272,7464
1762,112,8686
2338,576,8724
1594,360,9330
838,-68,8924
830,-364,8522
1680,-110,7986
1394,-200,7740
1110,-242,7404
1378,70,8456
2306,176,9232
2124,64,8104
1244,-288,7338
1160,-180,7550
1660,228,8044
1422,250,8336
1762,168,8908
1862,58,8316
1730,-202,8242
2276,-274,7732
2206,-192,7994
1748,-478,7394
2836,-448,7434
3696,-492,6480
4162,-540,6704
4602,-582,6230
4978,-986,6738
6496,-516,6914
5868,-1180,7488
4980,-1822,3898
5652,-1514,4234
6388,-1066,5424
7894,-1232,3824
8598,-1164,1826
8478,-1322,1750
8008,-2070,696
6280,-2156,678
7604,-1404,1754
9754,-1374,-1570
8362,-1760,-2526
7454,-1836,-3248
7770,-1874,-4738
6026,-2278,-5584
4718,-2460,-6090
5008,-2160,-6092
4642,-2166,-5936
5322,-2480,-7370
4154,-2720,-7388
2040,-2960,-6990
1328,-2728,-7578
1308,-2898,-8062
2926,-2374,-7668
2722,-2528,-7682
1006,-2974,-6462
142,-2840,-5980
-496,-2790,-7850
-162,-2538,-8758
690,-2568,-8528
886,-2674,-7522
-330,-2790,-6604
-1992,-2814,-6318
-2554,-2792,-8532
-2470,-2890,-7636
-1374,-2630,-6986
-1670,-2744,-7298
-2400,-2688,-6356
-3996,-3060,-6564
-4400,-3068,-7502
-3288,-2836,-7190
-2722,-2616,-5940
-3290,-2836,-5916
-4180,-2892,-5238
-3708,-2854,-7232
-4114,-3002,-7378
-4526,-3238,-6676
-3896,-3104,-7240
-3376,-2888,-5344
-3182,-2872,-6706
-2606,-2788,-5760
-3802,-3432,-8576
-2922,-3210,-7730
-2714,-3088,-6866
688,-2162,-7172
258,-3006,-8178
222,-2772,-5640
1528,-2792,-8824
2676,-2210,-7552
4254,-1928,-7796
5144,-1716,-6900
3002,-2526,-4384
5006,-2102,-5260
7702,-1806,-6634
7896,-1332,-5154
8310,-1206,-3758
7172,-1350,-1892
8306,-928,-1814
6684,-1302,-1578
8026,-498,664
9068,-496,712
8420,-870,180
8640,-488,2840
6952,-1094,2098
7056,-656,3404
6090,-1094,3140
7230,-400,4938
8012,-190,6380
6594,-866,4862
4944,-1392,3404
4846,-750,6490
5560,-408,8194
5124,-616,7772
4164,-1128,6254
4274,-686,6860
1972,-1028,6812
1780,-850,8936
2234,-740,9110
1442,-930,9186
406,-1018,9114
-704,-1126,7774
-1760,-1276,6046
-2506,-1102,7110
-3602,-990,7552
-2576,-1416,7492
-2710,-1626,6124
-4638,-1552,7830
-4006,-1324,8598
-3610,-1380,7866
-4320,-1532,8056
-3136,-1396,6998
-3190,-1532,6726
-4146,-1410,7778
-3114,-1370,6904
-3256,-1394,7456
-3122,-1420,7856
-3506,-1480,7790
-3748,-1360,6366
-4476,-1374,7448
-4136,-1310,7540
-3872,-1356,8264
-2420,-1274,8312
-2410,-1490,7258
-2856,-1410,7090
-4158,-1454,6836
-4072,-1356,7464
-4986,-1522,7286
-4514,-1414,8894
-4114,-1520,8912
-2338,-1252,9828
-3046,-1342,7386
-3242,-1392,6710
-3950,-1578,5510
-4056,-1474,7122
-2692,-1482,9668
-2812,-1608,9256
-2990,-1502,7320
-3306,-2688,2932
-1904,-1130,8566
-5646,-1970,4542
-3652,-1372,11086
-3200,-2194,6026
-3072,-1670,7118
-2704,-98,9534
-1272,-1136,9320
-1634,212,9948
-630,-722,11016
-2672,-992,7260
-2786,-2034,968
-2492,-446,7244
-2874,-92,6490
-4078,-1902,1506
-2992,-134,8516
-3176,-316,9856
-5000,744,14050
-2216,-226,8788
-4132,-1042,6388
-1452,-538,8378
-3460,-672,10596
-5794,-724,8364
-5532,30,7626
-5080,-98,6380
-3678,2228,12938
-3444,374,8892
-6660,616,7556
-6384,348,9480
-6304,-776,1398
-2072,636,6972
-1728,1370,8330
-5034,1038,5700
-3658,1690,7224
-3120,1568,7186
-2228,1526,7174
-2136,2142,5462
-2662,2272,6972
-3604,2398,7610
-2964,1872,8512
-1642,1902,6698
-846,2060,6496
-1160,2342,7166
-3342,2262,8534
-1310,2052,8192
-1272,1830,7516
844,2254,7344
-900,1762,7788
170,2122,8254
-754,2012,8094
-62,2006,7812
-240,1898,7572
212,1994,7926
1674,2302,7958
494,1976,8488
1062,1708,8438
2134,1956,6810
338,1746,8080
1660,2066,8654
1042,1676,7640
1448,1994,7936
-506,1964,9008
-262,2030,8668
1306,2028,8376
1076,1632,8302
1574,1568,7972
1758,1730,8122
1134,1554,7562
1718,1578,8376
2070,1206,8172
2128,1090,7028
2550,1236,7744
1506,1184,7762
1646,1304,8258
1016,1336,9190
486,1406,8442
1018,1452,8894
824,1186,7886
662,1446,8358
434,1442,9236
520,1340,8798
690,1204,7568
924,1244,8412
1110,1268,7978
578,1284,7996
258,1288,8224
420,1266,8726
468,1266,7578
456,1214,8972
546,1234,7838
338,1208,8692
106,1280,8154
-356,1304,9296
-408,1220,7884
1452,1574,7336
-2248,970,8400
118,1792,9216
-2014,1264,9102
-1376,1572,8128
-2020,1568,9326
-2056,1810,9204
-2378,1790,4378
-2830,1608,5526
-4192,1656,6814
-4134,1844,8916
-4676,1748,7812
-5182,2048,8400
-6012,1738,8134
-4420,1086,-758
-5992,1506,480
-7798,1680,-1090
-9140,1790,4008
-6646,2710,-1872
-7200,2326,-4042
-5862,2476,-2070
-6320,1292,-2942
1734,2272,-9090
152,2616,-9246
-1848,2102,-7602
32,2450,-6440
610,2290,-8766
1114,2052,-8248
1972,2342,-9362
2758,2470,-8246
3440,2496,-6398
2930,2220,-8212
3040,2086,-5818
3456,2174,-6810
4290,2272,-6384
4844,2476,-5592
5454,2458,-6780
5918,2526,-5746
5642,2380,-5736
5434,2298,-4642
5972,2480,-4936
6090,2344,-5174
6220,2340,-4954
6250,2368,-4486
6750,2422,-4778
6096,2232,-5128
6626,2454,-4658
6256,2382,-4592
6464,2474,-4258
5926,2254,-4354
6370,2456,-4538
6362,2392,-4392
6288,2394,-4076
6658,2642,-4044
6592,2584,-5070
6356,2516,-3994
5742,2398,-4474
5180,2234,-4456
6452,2638,-5320
5518,2278,-4852
5770,2378,-6008
5618,2386,-5116
5428,2302,-4942
4940,2176,-6552
4640,2042,-5892
5058,2394,-6004
4960,2398,-5246
5232,2484,-6328
4984,2490,-5310
4848,2392,-6184
5068,2532,-5798
4868,2434,-5862
5098,2590,-6296
5054,2496,-5756
4996,2570,-5934
4992,2642,-6226
5074,2694,-6318
4652,2604,-6516
3840,2450,-5892
3818,2498,-6402
3318,2232,-6754
3328,2252,-6804
3094,2154,-7254
2106,2004,-7888
1980,2186,-7716
1176,2134,-7914
1024,2126,-7360
-1262,1606,-8820
-1424,1966,-8556
-1058,2180,-8418
-2336,1958,-8412
-3330,2222,-4942
-5524,2110,-3886
-6732,2104,-3586
-8028,2344,266
-6344,2330,-1938
-7410,2508,-2228
-6898,2310,-1112
-5844,2140,-446
-6370,1814,3354
-4800,2136,7494
-3974,2512,10042
-4820,2072,6530
-3946,2388,6500
-3762,2076,5926
-2754,2342,6698
-30,2748,9350
-892,1984,7494
1806,2194,7780
2008,2738,10534
1720,2264,6986
4286,2738,8784
4710,2424,6902
4732,2120,6008
6058,2166,5414
6510,2256,5480
5886,2648,6016
5830,2562,4562
6016,2488,4104
6896,2388,3554
7570,2242,2990
7772,2050,2060
7976,1976,1856
7704,2092,1942
7730,2208,2258
7328,1908,782
7782,1998,348
9200,2876,6644
6692,1602,-136
7922,2460,-1454
7692,2226,-2068
7832,1996,-3356
7094,1850,-3522
6646,1708,-4610
6450,1844,-4404
5720,1750,-5056
5864,1948,-5362
4878,1598,-6018
3836,1330,-6640
3900,1250,-7520
3870,1360,-7206
3088,928,-7614
2788,932,-8030
2544,1270,-6856
2074,966,-8524
-20,502,-8196
-376,550,-8032
-1110,368,-7672
-134,716,-8580
1062,868,-7818
-932,444,-8646
-646,504,-8094
-700,508,-9096
-930,556,-7972
-644,746,-8054
-928,614,-7812
-578,648,-7314
-2238,216,-8664
-1634,350,-7892
-2026,64,-8354
-2096,282,-7482
-1904,454,-7348
-1978,358,-7798
-3336,-108,-7802
-2658,52,-7856
-2932,46,-7526
-3110,98,-7370
-3856,52,-7462
-4880,-102,-6942
-3720,318,-7304
-4326,212,-7402
-4066,88,-6438
-4096,-10,-6598
-5658,-608,-6552
-4584,-50,-6464
-4736,-86,-6544
-6064,-412,-5730
-6642,-444,-5448
-6752,-734,-5536
-4004,78,-5464
-5454,-136,-6048
-6038,-400,-5736
-6878,-698,-5098
-7160,-808,-5458
-5500,-190,-5526
-5876,-262,-5192
-6432,-334,-5116
-5654,-394,-5846
-7072,-652,-4976
-6628,-422,-5272
-6138,-188,-5778
-6100,-158,-5554
-6066,-44,-5002
-6182,-282,-5430
-6824,-124,-6188
-5856,-20,-5576
-4112,340,-6392
-4462,536,-5842
-4178,776,-6452
-4178,666,-7008
-2880,884,-7104
-950,1278,-7184
-546,870,-7008
1520,1556,-7310
1136,1026,-8730
2684,1066,-8088
4292,1942,-6792
3740,1678,-6230
4304,1804,-6242
6204,2320,-5814
6556,2104,-4636
6648,2046,-4618
6874,2060,-3686
7252,2210,-3324
7582,2656,-1920
8666,3200,-754
7358,2358,-870
8028,2902,486
6434,2276,144
7772,2860,622
7602,3018,2546
7108,3096,3568
6702,2858,2772
6558,3238,3898
6956,3286,3916
4844,2436,5532
7292,3838,6292
6546,3038,5616
4780,2744,4430
3336,3020,5872
2148,2622,6906
4414,3426,7874
2004,4190,11592
3450,3376,7538
1470,3008,7560
-40,3018,4770
-546,3066,5882
-2196,3176,6846
-3046,3456,8230
-3158,3376,8420
-3120,3112,7658
-2488,3122,4850
-3206,3288,4884
-5088,3036,7104
-3702,3274,6262
-5138,3194,6494
-4940,3008,5480
-4246,3120,6206
-3730,3112,4894
-3786,3036,5688
-4814,3062,6024
-4936,3174,7046
-5446,3076,5978
-4832,3002,7694
-4276,2994,5746
-4064,3024,6734
-3418,2884,6298
-4154,2980,7018
-4062,2830,5472
-3004,3018,6940
-2774,2832,6802
-3242,2976,8758
-3438,2910,6100
-3692,3060,6912
-3826,2944,6972
-2692,2978,5978
-3132,2898,7196
-2646,3072,8160
-2702,2842,8574
-2884,2852,7128
-2428,3026,6842
-2570,2774,5838
-1830,3024,7278
-1980,2928,7956
-896,2774,8528
-1468,2598,7916
-2298,2704,6796
-3960,2982,4802
-4474,3178,6186
-3634,3156,6934
-4532,3068,7622
-3478,2960,7062
-2412,2828,8076
-1834,2918,7528
-2832,2738,6964
-3134,2796,7114
-3590,2852,7204
-3482,2724,6892
-3050,2678,6648
-2690,2614,7332
-3542,2532,7084
-3798,2580,7742
-3116,2506,8144
-3546,2468,6326
-3748,2464,7286
-3376,2506,6966
-3072,2634,6302
-2610,2456,6540
-2088,2482,7052
-3386,2372,6956
-3396,2374,7996
-3984,2274,7824
-3328,2134,6918
-3522,2102,6170
-2896,2146,6988
-2744,2050,7648
-2886,1840,8362
-3336,1670,7980
-3694,1776,7176
-3928,1744,6762
-4124,1680,6408
-3572,1836,7248
-3702,1670,7848
-3402,1602,7832
-3128,1566,8018
-3082,1476,7734
-3150,1434,7206
-3540,1392,6812
-3794,1432,7538
-3492,1456,7174
-3706,1346,7194
-2974,1300,8302
-2448,1294,7868
-1494,1170,7832
-2802,1160,7210
-3516,1236,8180
-3346,1234,7044
-2536,1148,6726
-1150,1006,8204
-1056,720,8618
-2404,462,8238
-3334,464,8054
-4866,330,8538
-4292,490,8850
-2734,670,8282
-966,720,7890
36,616,7506
444,540,7824
-194,316,7978
-168,392,9048
-1256,100,8512
-392,182,8952
-1032,26,7740
-2176,24,7466
-2850,-28,8608
-1508,54,8808
-878,-28,7440
454,-112,9146
346,-304,8434
-100,-426,8550
-660,-482,7600
-1712,-530,7660
-2176,-600,8696
-1572,-406,8906
-988,-242,8430
-1172,-220,8246
-1384,-320,8664
-1390,-372,8588
-928,-232,7782
-1036,-408,8806
-778,-378,7910
-1400,-498,7816
-1610,-402,8210
-1098,-514,9108
-518,-522,8944
-1110,-626,8386
-1252,-596,8068
-2210,-568,8378
-1958,-546,8640
-918,-454,8800
-612,-404,7862
-34,-452,7402
-298,-576,7812
-558,-554,8620
-608,-708,8146
-350,-672,7636
-1050,-852,8142
-1064,-840,8088
-970,-900,9238
-944,-1078,8628
-438,-1250,7874
-848,-1568,6954
-1092,-1704,7434
-1546,-1862,7222
-1098,-2154,6316
-482,-2338,6576
-768,-2580,8206
-270,-2974,10352
-358,-3220,10918
-224,-3406,8848
-752,-3520,6488
-1336,-3550,4862
-1424,-4110,5794
-1002,-4458,6074
-1324,-4676,8116
-1130,-4656,9160
-1064,-4618,7960
-1462,-4534,6770
-1528,-4814,4518
-1914,-5182,5302
-2314,-5478,5810
-1750,-5776,7398
-1314,-5924,6740
-1410,-6458,6152
-552,-6398,4276
-678,-6580,4162
-924,-6786,5414
-1418,-6658,3940
-1570,-6996,4110
-1360,-7426,2438
1122,-7412,5484
780,-7220,6628
-1478,-7756,3788
-174,-7694,3002
-100,-7818,1968
-324,-8174,2594
1206,-7952,5576
1800,-7800,4730
1518,-7986,3044
980,-8194,3356
1122,-8300,4092
684,-8180,2870
728,-8170,1648
1272,-8038,1082
1862,-8038,1722
2110,-7854,3602
1862,-8144,-412
-202,-8328,1180
3644,-8028,-2922
958,-7734,3794
2846,-8178,1054
2784,-8234,1318
1760,-8308,884
-688,-8674,450
1896,-7600,2246
2460,-8108,152
3456,-8338,-156
3862,-7662,2034
498,-8374,690
-664,-8566,856
168,-8090,1110
1252,-8154,-228
2446,-8444,-1440
2120,-8588,-410
1298,-8572,222
894,-8770,-386
676,-8434,458
1764,-7930,-302
1948,-7702,-438
2520,-9410,-2028
1390,-8346,-1998
1138,-8050,1122
2644,-7866,10978
2222,-7618,80
-330,-8712,840
1696,-8182,-334
206,-8620,54
-418,-8988,178
870,-8568,498
1816,-8044,974
1360,-7914,504
328,-8190,-570
-516,-8672,-442
884,-8098,442
1414,-8210,294
1496,-8120,386
1372,-8568,566
-2476,-8720,-316
-1176,-8762,1782
728,-8410,266
1174,-8296,-408
1900,-7984,-1244
1656,-7984,1544
832,-8182,512
622,-8130,104
-58,-8530,1016
2068,-7834,1068
1360,-8206,72
2388,-7970,-52
2242,-8136,524
1962,-8242,316
36,-9090,-542
1234,-8560,-114
508,-8728,204
1796,-8064,1280
2536,-7994,784
2148,-8124,788
1810,-8110,1308
1344,-8350,820
948,-8154,2184
1192,-8242,1594
1194,-8274,1554
1548,-8428,856
1744,-8340,1468
1304,-8258,1794
164,-8322,2088
602,-8324,1354
914,-8196,1802
1208,-8194,1336
206,-8254,1524
-1270,-8168,1954
-1428,-8168,1304
-204,-7974,1484
846,-7938,3110
186,-8270,4180
-1076,-8368,-760
-454,-8014,-228
-1676,-8262,-990
-924,-8064,1966
-1182,-8278,2768
-1618,-8274,1424
-792,-8330,484
-626,-8272,-978
-434,-8064,870
-1756,-8270,2304
-1294,-8304,-590
-174,-8166,-1538
-988,-8320,-296
-1814,-8244,-532
-1790,-8266,-262
-1678,-8248,-1706
-846,-8098,-2420
-608,-8094,-2044
-938,-8172,-6
-892,-8180,-108
-346,-8064,-1298
-522,-8058,-1940
-1186,-8340,-1954
-738,-8350,-1770
-198,-8178,-466
-38,-8212,-958
-154,-8100,-1186
-856,-8426,-2658
634,-7976,-2304
632,-8198,-2466
-248,-8292,-1342
414,-7938,-1692
-96,-8140,-2988
842,-7910,-1236
1616,-7898,-1998
858,-8032,-3486
890,-8074,-1786
380,-8218,-990
1080,-8032,-1260
560,-8198,-1898
486,-8300,-3340
1076,-8114,-1994
1156,-8066,-364
652,-8188,-2398
2434,-7594,1670
1480,-7854,-678
1488,-8158,-4060
1780,-8188,-3340
1792,-8234,-2002
1026,-8352,-3320
712,-8428,-1948
898,-8328,-2536
1220,-8118,-2142
1918,-7788,-1432
1544,-7832,-2312
1376,-7656,-2248
416,-7864,-2698
-4,-8170,-594
694,-7898,-1744
688,-8036,-1990
1266,-7858,-2848
866,-7960,-2538
-84,-8162,-3676
-172,-8210,-4870
866,-8256,-1720
2246,-7900,-1198
1096,-7794,94
-2586,-8180,4278
-2700,-8280,4684
-2068,-8120,-834
-538,-7716,-792
-1310,-7444,-1606
-1304,-8154,2806
-1648,-8122,3670
-1524,-8376,4054
-914,-7978,3422
1020,-7686,3952
1014,-7756,3194
380,-7548,2204
-1360,-7266,1998
-454,-7516,3304
110,-7628,3476
756,-7992,3872
754,-7756,5044
-54,-7460,3170
1460,-6996,4364
-162,-7526,4936
288,-7820,4404
-1640,-8012,3192
350,-7684,3878
618,-7190,4676
2714,-6656,5408
1714,-7054,7098
2316,-6662,7792
2854,-6654,6424
2242,-6646,4768
2452,-6858,5350
1512,-6810,6194
1646,-6632,4926
892,-6130,6020
1412,-5290,8574
1468,-5278,7974
1390,-5214,7276
-2012,-6222,5034
-2796,-5464,3696
1664,-3450,6218
3440,-2584,6198
3138,-2742,8508
1824,-3424,9514
-1010,-4388,7760
-126,-3860,8006
3920,-2086,8190
3520,-1808,7520
2488,-2118,8280
3636,-2934,9476
756,-2998,8096
1686,-2040,7892
1222,-1918,8216
1182,-1622,5686
2098,-1424,7694
846,-1478,7194
5450,-482,6880
1740,-970,8246
2530,-690,6998
1374,-736,7866
2272,-630,8418
470,-1076,6100
1920,-696,7584
1750,-190,7576
3714,676,8292
3382,136,8062
2948,-60,6612
2794,-574,7988
968,-1140,7850
3174,-502,7866
1708,-736,7496
4754,36,7734
4224,-4,7590
6424,286,4394
5806,146,4676
7636,984,5128
9474,448,3730
9302,434,1690
6476,190,2376
6958,244,1434
7810,-158,-2738
9734,682,-7002
6128,-2,-2964
8470,424,-4698
8130,606,-2354
6350,-294,-4780
5992,956,-9168
2212,-704,-6528
3272,-168,-7712
7462,1016,-4426
3246,-548,-6170
4004,-302,-5080
5602,-72,-7392
6114,120,-7040
5066,-572,-8604
2298,-746,-6480
2872,-884,-6932
3398,-902,-8452
2548,-986,-8560
3694,-444,-6960
1824,-804,-8516
-168,-1256,-7516
1206,-944,-6010
2222,-658,-6378
914,-1086,-9104
-656,-1804,-9314
2004,-1158,-7936
284,-1288,-6356
38,-1448,-7022
750,-1330,-8088
-820,-1460,-9304
474,-1328,-9666
-1480,-2170,-7810
-1198,-2176,-5954
-790,-2018,-8528
-844,-1704,-8540
-442,-1600,-8488
-1082,-1742,-7490
34,-1468,-7474
-1324,-1800,-8246
-1362,-2034,-8558
-1756,-1960,-6226
58,-1528,-9130
-1812,-2118,-8552
-1504,-1980,-7754
-2718,-2182,-8316
-1312,-1814,-6302
-294,-1748,-8968
-1936,-2028,-6886
-310,-1570,-8578
-1804,-1972,-7418
-1554,-1870,-7558
1376,-1234,-8516
-2768,-2372,-8904
-1438,-1906,-6590
1124,-1190,-8312
-2350,-1940,-7462
88,-1366,-8324
-1428,-1854,-7712
950,-1208,-8196
-1482,-1686,-7500
-744,-1508,-7716
-792,-2050,-8332
-226,-1744,-5806
1328,-1492,-8004
842,-1310,-8128
-688,-1724,-9066
418,-1788,-8622
1484,-1616,-6522
2298,-1268,-6188
3894,-990,-7840
3554,-946,-8676
3670,-1146,-8336
4726,-702,-6138
5744,-406,-5184
5930,-114,-5038
5828,-316,-6526
7624,320,-4650
7114,44,-5180
5430,-192,-3770
7662,362,-3288
8696,470,-2814
9538,720,-2628
8718,568,-3776
6920,-20,-2760
6782,596,830
9746,1208,-1148
8552,1010,1002
9396,1814,2602
7476,-8,4074
7156,1370,3234
2016,662,6300
6238,1636,5998
4390,1532,6054
3348,1678,8366
2700,1394,7262
2720,1682,7340
3600,2138,7992
1512,1802,7762
-548,1450,8098
-1278,1180,8686
-1664,1284,7804
-2566,1210,7672
-4274,1054,6780
-4468,1110,6536
-6012,904,5494
-5952,980,6722
-5264,996,5510
-6638,788,5258
-7668,720,2986
-7918,796,3706
-7028,1094,3634
-7594,838,2784
-7864,792,288
-8364,902,-556
-7996,1018,496
-7576,948,-3230
-8120,854,-3628
-7068,882,-1744
-6892,908,-2364
-7122,556,-2516
-5972,868,-4198
-6764,638,-3274
-4946,1112,-4016
-3320,1454,-6716
-4074,856,-6078
-3184,942,-6638
-3226,640,-6202
-248,766,-7726
662,478,-9258
710,-184,-9044
3222,752,-7166
2942,-88,-7172
6352,720,-5844
7078,482,-6954
7686,58,-4614
8854,282,-2198
7858,-14,-4016
8140,-160,-1550
9422,246,-1580
7858,-78,-854
7990,72,742
9504,476,1474
7742,-382,3044
7188,-222,1768
7774,156,2776
7720,232,2314
7770,-164,3572
7312,-260,4446
6760,-442,4272
6378,-200,4002
7250,92,3992
7268,-24,5752
5968,-280,5726
6098,-68,5164
6424,308,5518
5726,58,5050
4972,-12,6214
4452,-88,7034
5580,180,7760
4896,-78,5532
5820,320,4320
6116,532,4540
5994,752,6276
5678,936,5468
5454,954,6042
4318,654,4366
4758,908,6994
5378,922,7774
5218,594,6626
5144,474,6768
4808,170,6270
5168,124,7482
5668,94,7676
6230,380,7992
5166,82,6808
4800,64,6630
4296,-178,5700
4224,-472,5246
5998,142,7350
7158,746,6884
7838,488,6336
5724,-402,3136
5734,-574,2204
7862,-320,1536
9422,104,2164
10926,1066,942
9958,598,176
5658,-542,-1262
6100,-690,-1672
8096,254,-3222
9320,384,-3880
8996,428,-3864
7348,196,-2948
4956,-14,-3402
4878,236,-4306
5778,392,-6586
6086,64,-5974
4986,-66,-7486
4226,110,-8094
3506,560,-7876
2372,594,-7004
1490,894,-8466
1622,812,-9434
2114,750,-9016
836,228,-9028
288,850,-7684
-1442,1004,-5998
-1690,1248,-7272
-2284,1152,-8538
-2522,1458,-9122
-3434,1224,-7060
-4018,1764,-7400
-4662,1986,-5484
-4864,2806,-4032
-6064,2408,-4156
-5596,2734,-4190
-5428,2840,-5276
-6250,2410,-6500
-7006,2524,-5310
-6232,2982,-3108
-5776,3148,-3558
-5984,3890,-2564
-6212,3938,-1158
-6616,4068,-1696
-6818,4024,-2522
-6780,4618,-1068
-6214,5720,1624
-6728,4790,1676
-6516,4620,-90
-5292,4706,-2128
-3620,5376,-456
-1794,4448,-8218
-1330,5046,-8410
-3928,4790,-6106
-4824,5206,-3406
-4656,5436,-4136
-4498,5362,-5398
-4446,5342,-4250
-3912,5682,-5296
-4116,5900,-5920
-3974,5394,-6080
-4488,5650,-4718
-4904,5976,-3762
-4512,5928,-4932
-2902,5634,-5636
-1808,5650,-7024
-1800,5386,-7056
-3314,5908,-4318
-4528,6014,-4046
-3030,6188,-4590
-2082,6532,-3956
-1414,6674,-3910
-2916,6586,-4102
-5446,6406,-1138
-3332,7108,-1934
-3172,7230,-4896
-3548,6852,-4968
-3340,7192,-2706
-2532,6554,-2654
-2318,6720,-2026
-2420,6562,-1850
-1778,7516,-2398
-2426,7652,-3042
-1692,7610,-2284
-1094,7142,-258
-874,7392,748
-1754,7500,-8
-2448,7734,164
-2086,7594,208
-1084,7506,472
-734,7830,1538
-598,7244,452
-228,7318,1066
-1606,7798,2018
-3010,6790,2464
-1514,7290,3386
-804,7362,2716
-1310,7066,2242
-1462,6442,2732
576,5946,3926
482,6638,5422
-504,5966,3598
-364,5664,3690
-532,5850,6296
-912,5524,6406
228,5434,5854
-500,4866,6752
618,4228,8900
1308,4166,9010
1576,4564,6782
514,4670,4644
-260,4238,6598
1014,3838,8464
1050,3884,7908
1002,3878,5936
994,3472,5418
522,4234,5796
1414,2258,6286
1638,2816,10292
-762,2608,8602
-750,2922,6882
-198,1982,8128
916,1758,9784
1100,1362,8024
654,1250,6356
282,1288,8318
-730,1574,9000
-772,1290,8560
390,1378,9646
18,1404,8768
-424,844,6976
670,626,8162
786,588,8622
764,16,7220
976,40,8154
26,-196,7406
614,-446,7292
962,-702,8354
386,-1332,7900
980,-800,8218
-364,-1672,7706
142,-1764,8250
-60,-1922,9220
-70,-1702,9318
-338,-1884,9740
384,-2072,8856
428,-2160,7218
178,-2150,6932
22,-1868,8012
-434,-1964,7988
428,-2322,8364
-108,-1976,8922
-364,-2082,8516
50,-2046,7894
-76,-2320,8084
-62,-2356,8964
664,-2340,9402
814,-1990,8502
174,-2320,7666
896,-2248,7604
1288,-2126,7306
1210,-2132,8090
1804,-2430,7122
2304,-2336,7814
1902,-2502,7576
2838,-2294,8242
2758,-2694,8218
3240,-2632,7086
4154,-2470,6392
4510,-2776,5518
5800,-2814,6058
6628,-3340,4634
7162,-2928,5244
6916,-3206,4152
6380,-2726,5444
7528,-2754,3716
9340,-2870,1018
9044,-2690,788
8774,-3664,-3280
10236,-2418,-764
6260,-2430,-552
3864,-2802,-2780
4692,-3378,-6642
5004,-3194,-6958
4424,-2822,-5278
3682,-2800,-5766
3688,-2802,-6814
3238,-2828,-7750
2582,-3234,-8636
1226,-3294,-6908
696,-2596,-2986
222,-3212,-8714
104,-2142,-7066
-214,-2638,-6150
-2344,-2978,-7298
-2890,-2770,-5878
-2272,-1952,-4494
-3108,-2476,-7270
-4256,-3036,-9346
-4650,-3254,-9326
-4472,-3596,-7562
-3162,-1708,-4582
-4460,-1746,-4728
-6558,-2432,-6008
-6672,-2678,-6306
-5930,-3364,-7000
-5902,-2346,-4738
-5776,-2142,-2872
-6968,-2298,-3924
-7268,-2462,-4862
-7562,-2790,-5252
-7362,-2694,-3482
-6896,-2178,-2408
-6432,-1638,-2474
-6404,-1600,-2958
-7258,-2484,-5780
-6568,-2048,-3294
-5738,-1998,-3090
-6668,-1652,-2174
-9198,-2364,-2800
-9966,-3026,-3462
-8724,-2864,-3264
-7344,-2364,-3312
-6202,-2244,-3700
-6306,-1468,-4768
-5086,-1338,-4446
-5544,-1728,-4104
-7124,-2362,-3570
-8186,-2462,-5212
-6000,-1538,-5206
-4138,-1548,-6170
-5356,-2302,-7116
-6030,-2526,-4388
-6154,-2358,-4356
-4606,-2004,-4844
-3352,-2074,-7184
-2562,-2210,-7680
-2822,-2304,-7838
-3436,-2492,-7082
-2832,-2612,-6932
-2148,-2088,-5880
-696,-2316,-6256
84,-2452,-8512
1632,-2366,-8096
1840,-2452,-7448
2306,-2380,-6810
3780,-2658,-6486
3808,-2978,-7978
6000,-2456,-5824
7148,-2734,-7230
6146,-2658,-5164
6212,-2492,-4356
6760,-2782,-3722
5014,-2904,240
9602,-2424,-1594
8726,-2760,-984
8276,-3110,-1078
8266,-3016,-1940
7138,-2484,3492
8708,-2300,3704
7658,-2932,2810
7530,-2996,2078
6922,-3532,1854
5686,-2430,6234
5224,-2338,6724
3770,-3836,5256
4338,-3214,4848
4036,-2838,8120
3600,-3226,5496
2674,-2586,8596
1956,-2560,7152
1836,-2488,6908
696,-2592,9148
18,-2256,9270
-284,-2884,6350
-1838,-2794,5112
-2736,-2554,7976
-3698,-2808,6202
-4354,-2660,7364
-5106,-2002,3646
-4510,-1526,8260
-7730,-2556,3964
-7262,-3430,5226
-6590,-2790,4176
-7190,-2060,2896
-9098,-2140,3038
-7346,-1884,360
-8042,-2418,1016
-8326,-2530,-332
-7476,-2160,-1098
-4364,-1246,-3542
-5396,-1460,-5500
-3734,-1032,-7848
-3228,-1336,-8372
-2606,-1072,-7652
-2630,-1314,-6804
-1614,-1358,-7952
-580,-960,-9292
560,-766,-7598
1034,-932,-7660
1966,-1000,-8570
1540,-1528,-9730
2732,-1208,-9232
3972,-702,-8722
4832,-348,-7766
5010,-524,-5646
4806,-746,-5892
3200,-1500,-6036
5762,-598,-5240
5914,-200,-6882
6944,-60,-4680
5370,-988,-5410
5204,488,118
6882,-516,-5424
5688,-630,-5292
8052,-42,-4748
7124,-140,-3554
7140,-120,-3756
6862,-962,-5168
6542,-802,-4554
6960,-200,-4112
7506,-18,-3822
6426,-526,-4702
5812,-1024,-4300
7252,-582,-4576
6326,-762,-4592
5992,-336,-4670
5538,-578,-4360
4640,-1256,-8702
5382,-2316,-10054
10400,238,-1786
7426,244,-9862
488,-822,-7048
2492,-698,-7906
1138,-1270,-7888
308,-1736,-8640
-174,-504,-5828
-4398,554,-4490
-9026,-1136,-7346
-5072,-190,-6114
-3480,-352,-6674
-5542,-1310,-5784
-4880,-216,-3018
-6630,160,-266
-9618,268,-2
-10992,-88,-240
-10338,4,-354
-6824,16,-784
-6208,-86,210
-6734,6,1936
-6978,550,2128
-7658,736,1718
-7328,612,2184
-7236,238,4184
-4490,256,3342
-2332,126,4138
50,528,7524
1470,798,10408
2080,656,11834
818,394,10618
1142,430,9150
2038,278,8754
2974,410,9006
3340,186,8822
2758,382,8212
2318,158,7180
2562,290,6664
2364,648,8018
2690,-16,7782
3498,406,8012
2624,92,6538
1772,186,7500
1878,48,8730
2568,296,9416
2398,112,8932
2328,-102,8218
2296,200,8134
1700,-38,8260
1690,8,6986
1894,-64,7432
2154,-74,8154
2444,-86,8272
1976,-676,7822
2490,-446,6864
2254,-528,7804
2008,-94,9032
2160,-314,8616
2622,-796,8326
2948,-1256,7150
2572,-626,6380
1686,-310,7984
1406,-264,8742
2688,-802,9060
4426,-688,9102
4534,-732,9256
3366,-1314,7298
2990,120,6748
1602,-524,7732
2418,-436,8764
3308,-1266,6994
3868,-1356,7294
3992,-1634,7326
4274,-130,8062
2988,-458,8482
2078,-508,8104
1530,-104,8000
1080,-398,7312
1670,98,7706
2506,360,7564
2946,474,7942
3620,188,7904
3838,-58,7664
3378,-246,7114
2896,-254,7482
2964,-170,8396
2944,100,8082
2576,318,7822
2356,568,8018
2464,560,8230
2470,622,7954
2868,230,7968
3368,226,8090
2574,468,7864
1656,540,7862
762,492,7732
938,690,7852
2192,684,8840
2960,328,8790
2658,-212,7812
2072,330,7784
1076,826,7888
590,1132,9152
1008,654,9468
1308,302,8750
1492,510,7736
1434,488,7794
1636,338,8550
2666,428,8944
2210,610,8270
992,560,8128
356,76,8130
956,254,7710
2250,20,7736
2496,232,7658
2318,340,7958
2108,508,8202
1866,374,8290
1808,130,8260
1838,108,7836
1746,180,7028
1652,228,7708
1462,220,7874
2010,376,8602
2642,654,8824
2584,656,9096
1794,738,8992
770,180,8146
-6,-182,7338
566,-120,7614
1844,112,8260
2344,748,8662
2044,932,8870
1300,824,8632
904,524,8114
584,350,7874
1160,318,7626
1896,596,7812
1892,662,7854
1700,576,8456
1938,536,8464
1990,800,8206
1398,522,8106
960,462,8164
1392,510,8182
1862,820,8410
1848,804,8740
1324,698,8410
1258,604,8144
1246,422,8080
1852,790,7676
2196,710,8100
1824,888,8364
1494,852,8446
1458,660,8272
1668,114,7946
2104,60,7958
2380,548,7930
1854,884,8288
1090,864,8656
790,530,8100
1812,320,7990
2306,508,8022
2210,464,8152
1496,530,8056
1210,534,8006
1470,452,8370
1990,328,8346
2202,356,8018
2038,516,8424
1880,524,8366
1950,494,8292
1610,502,8244
1306,506,8066
1364,524,7978
1518,488,8026
2092,448,8028
2142,766,8092
1626,840,8464
1120,572,8396
1332,180,8036
2038,314,7756
2142,676,8266
2100,714,8504
1840,654,8108
1974,162,8270
1694,404,7978
1664,508,7948
1686,582,8066
1880,642,8222
1870,570,8310
1664,544,8262
1690,318,8162
1934,468,8100
2030,684,8076
1916,642,8280
1836,642,8140
1960,478,8052
1802,484,8010
1728,670,8336
1660,738,8316
1620,698,8312
1814,386,8216
2334,424,7644
2088,482,7902
1570,622,8160
1516,638,8102
1872,670,8194
2218,670,8320
2274,350,7928
2028,460,7780
1778,464,8064
1356,226,8414
1740,1170,7774
1976,640,7994
2012,606,8168
2074,470,8304
2362,460,8000
2458,704,8338
1890,556,8380
1514,330,8196
1678,304,7878
1988,442,7902
2172,676,8340
2204,698,8152
2026,708,7980
1688,470,8016
1694,322,7912
2108,552,7824
2420,742,8290
2110,704,8554
2144,526,8008
2290,504,7956
2098,594,8274
1984,512,8316
2256,652,8246
2084,622,8044
1572,442,7764
1584,406,7686
1962,482,7996
2126,568,8230
2544,502,7826
2532,438,7940
2072,530,7946
1744,444,8048
1776,318,8040
2484,526,7876
2636,630,8240
2266,610,8424
2006,532,8044
1522,472,8068
1332,446,7912
2346,494,7822
2492,830,8120
1850,600,8362
1772,374,7926
2072,524,7808
2108,602,8044
2208,568,8288
2388,386,8180
2398,442,8028
1840,316,8102
1860,352,8372
2544,440,8080
2648,782,7958
2176,630,8434
1736,540,8106
1510,350,7524
1584,494,7674
2136,512,8034
2614,772,8116
2364,638,8190
1890,384,8166
1870,360,7846
2120,488,7904
2306,592,8330
2436,676,8204
2624,504,8332
2730,452,8026
2596,674,8024
2106,682,8118
1360,604,8370
1338,310,7886
1998,444,7748
2074,760,7894
1722,856,8122
1874,592,8112
2564,510,7902
2670,384,7780
2156,428,7914
2064,450,8006
2448,530,8442
2608,824,8488
2000,490,8188
1678,320,7778
2178,258,7602
2370,744,7922
2078,666,8458
2042,544,8140
1948,534,7710
1884,444,7980
2664,372,8206
3080,754,7984
2210,754,8244
1246,482,8238
1630,432,7724
2638,560,8010
2866,724,8016
2152,716,7898
1526,560,7924
1612,406,7864
2382,564,8050
2930,632,8234
2626,708,7886
1852,586,8102
1522,414,8316
2060,406,8018
2756,466,7762
2644,738,7844
2042,506,7820
1732,468,7828
2020,404,7866
