-52,-116,-92
-28,266,-17
-33,67,-43
-64,-39,-82
-86,-14,-67
-97,151,-110
-126,329,-50
-101,171,-20
-115,385,-114
-118,317,-10
-161,198,-77
-220,-118,-101
-226,-215,-102
-242,-53,-94
-293,-530,-125
-359,-373,-184
-261,331,24
-216,732,25
-267,137,-84
-272,313,-102
-286,630,-16
-321,240,-12
-434,-248,-79
-413,-297,-117
-249,51,-40
-212,100,15
-140,91,29
-137,282,60
-99,267,-35
-68,221,-29
-73,369,-50
-71,237,-41
-40,72,-108
-28,-22,-115
-111,-443,-173
-71,-318,-151
18,74,-40
85,865,53
33,501,33
-122,-253,-94
-212,-416,-125
-79,-236,-17
-166,-395,-48
-186,-45,-36
-54,489,-1
-48,215,107
-190,-329,-161
-190,-38,-27
-223,135,-40
-318,313,35
-323,125,84
-344,63,32
-485,-143,-2
-615,-390,-14
-752,-372,-67
-852,-366,3
-962,-109,-27
-1076,166,-45
-944,46,153
-858,116,75
-776,221,58
-896,48,-90
-1079,-226,-172
-1100,-547,-130
-936,-304,-100
-675,-62,11
-663,-105,-61
-772,-132,-151
-946,123,-214
-880,-124,-254
-817,-441,-344
-575,-209,-200
-610,-83,-175
-709,-121,-143
-838,172,-122
-903,37,-80
-717,206,-13
-703,23,87
-793,-204,-34
-998,-238,-124
-1046,-146,-158
-1063,-120,-170
-1001,-931,-195
-1166,-1079,-270
-1207,-781,-401
-1280,-579,-214
-1148,-165,-140
-1292,40,-69
-1421,-357,-44
-1517,-284,-111
-1594,-657,-221
-1547,-699,-15
-1568,-755,39
-1741,-995,113
-1619,-676,184
-1594,-411,185
-1555,-384,161
-1674,-590,105
-1712,-506,86
-1678,-143,247
-1711,-332,208
-1617,105,284
-1500,394,222
-1430,253,199
-1440,-92,127
-1443,-414,93
-1374,-40,171
-1334,-122,160
-1231,-326,119
-1185,-154,81
-1141,-158,50
-1056,-82,80
-1006,-219,4
-930,-140,28
-879,-138,82
-811,-168,77
-821,-313,49
-657,75,20
-625,-18,-21
-594,-151,-83
-642,-419,-109
-490,-224,-85
-332,-70,-92
-270,-173,-59
-217,-390,-88
-272,-597,-201
-248,-757,-225
-226,-1409,-179
-56,-1788,-102
24,-1976,-51
-308,-3107,-65
-132,-2353,5
-258,-2504,-24
-156,-2801,16
-199,-2391,122
-447,-2991,238
-413,-3029,269
-310,-3411,125
-151,-3847,41
-86,-4702,28
-309,-5848,173
-451,-7111,313
-782,-5778,106
-648,-5434,254
-794,-5646,194
-610,-4343,86
-326,-5388,357
-693,-8028,564
-753,-6935,469
-608,-7388,661
-930,-6137,580
-396,-6557,815
-632,-5048,450
-247,-4976,451
-446,-3824,69
-355,-3401,146
-199,-4395,649
-221,-2953,631
-79,-2776,462
-3,-2335,341
-183,-1948,181
-208,-2120,257
-141,-1737,175
348,-1508,389
-197,-1708,110
301,-851,-72
43,-1131,-66
210,-704,-189
759,-2698,76
-47,-1566,-93
25,-1642,178
380,-1657,431
-365,-751,45
-213,-64,-119
-59,-16,-207
49,-331,-20
95,-369,43
49,-239,-50
49,-40,-49
5,426,-108
20,806,-144
93,1443,-205
198,2453,-196
337,3362,-397
269,3345,-275
452,4737,-390
755,5391,-373
543,5882,-350
596,5932,-351
351,5024,-212
487,5855,-92
430,6421,-140
358,5986,-146
412,6429,-272
429,7111,-215
519,6365,-120
303,6548,-60
377,7450,-6
421,7127,30
282,6292,-97
47,5633,68
254,3718,57
5,3100,50
159,3774,102
376,3845,182
192,3663,111
199,3808,151
341,4444,276
371,4430,154
227,4459,160
122,4014,64
104,3713,91
192,3448,179
292,4375,305
439,6047,508
422,6129,557
213,3942,269
29,2381,0
-35,3274,146
-76,4422,393
16,4868,623
-44,4461,561
-23,3646,546
90,3219,341
98,3998,647
124,4613,1001
106,4339,907
167,3891,615
116,3868,766
104,3786,579
-47,4760,650
-144,6392,1142
-196,4937,1037
-67,4417,741
16,3599,452
176,2805,58
-1,4124,296
-219,7245,848
-587,10161,1779
-565,9527,1755
-584,7839,1410
-491,6305,1098
-284,4475,793
-175,4581,574
-230,3617,577
18,2508,442
67,986,187
60,-362,99
168,-1549,-10
110,-747,122
199,-804,48
340,-1005,60
253,-1882,3
39,-2450,-221
-18,-1378,-82
241,-1636,-85
275,-1466,-4
275,-1661,-62
81,-2777,-145
-162,-4483,-165
-234,-5805,-65
30,-6709,-71
103,-8037,-126
-97,-10808,-141
-130,-10388,-74
134,-6599,141
170,-4862,14
74,-5080,-85
139,-4830,-44
77,-5883,-18
362,-5535,-210
260,-4888,-126
243,-4021,-120
161,-3899,-69
194,-3713,64
228,-4084,189
407,-3875,148
388,-4210,149
367,-5214,221
466,-3694,342
501,-4304,433
459,-3665,325
310,-3994,276
271,-3384,268
349,-2946,353
319,-3572,375
419,-3117,273
361,-3414,242
371,-3280,217
366,-3856,364
493,-3592,346
543,-3811,332
744,-2437,161
581,-1808,83
344,-1274,56
399,-38,-75
464,208,-92
407,297,-77
395,216,-192
427,909,-431
306,951,-551
255,335,-420
584,1032,-391
764,1873,-366
763,2165,-326
538,1664,-332
595,1831,-280
781,1431,-195
905,744,-70
1068,732,-159
1129,1197,-169
1165,1000,-136
1237,499,-83
1363,624,-12
1307,652,70
1228,60,205
1416,300,269
1525,261,192
1691,240,-17
1703,46,61
1483,10,15
1391,-40,29
1491,169,2
1590,-124,18
1679,-179,-315
1407,177,-146
1448,341,-259
1341,-83,-303
1147,-352,-234
1183,67,-216
1122,312,-214
1236,101,-59
1181,-154,-127
862,-149,-383
877,-111,-221
918,33,-270
1163,488,-220
1238,187,-149
1149,284,-226
1244,392,-299
1049,289,-418
832,-209,-342
762,-494,-295
782,-722,-198
952,-1160,-75
835,-1278,-102
665,-641,-159
484,-403,-180
530,-358,-166
756,-228,-49
647,42,-252
528,-108,-244
326,213,-252
441,366,-100
369,602,-107
155,275,-98
230,54,-131
240,-87,-133
260,186,-113
195,370,-70
185,178,-86
246,125,-98
407,55,-103
575,121,-3
390,111,-15
484,192,-16
738,180,58
890,143,21
1233,-275,2
1419,-376,48
1485,-98,16
1471,-88,75
1923,-448,137
2009,-469,108
1739,-339,8
1793,-38,90
1595,420,13
1814,361,99
2140,174,66
2086,101,80
2159,-58,94
2130,510,194
1779,419,57
2184,306,183
2099,236,89
1968,-10,-60
2131,-204,-13
1884,-164,-120
1987,-278,-41
2155,-344,-40
1414,-721,17
1753,-302,-126
1988,-262,54
1610,-677,-107
1625,-1635,-7
1886,-1213,372
2050,-1206,132
2223,-1880,61
2649,-1399,-103
1831,-509,-82
1680,-183,86
1517,-68,110
1595,170,-18
1248,-86,124
1102,148,95
926,155,2
1053,397,-3
1059,346,-116
1012,7,-102
860,-227,-23
843,-144,-34
767,-275,134
420,-230,-44
801,166,76
550,239,-192
463,26,-254
201,89,-214
127,72,-145
143,37,-112
212,-285,38
-278,-170,64
-106,-521,42
2,-691,-36
-1,-165,-18
-5,68,8
37,-206,11
-86,150,-34
-15,506,-23
75,992,-154
191,1815,-302
180,2898,-382
504,6425,-281
761,10015,-605
452,8549,-509
-506,6080,245
39,4588,147
-34,5029,118
-171,7239,268
-446,7194,495
-590,5285,-20
-188,4278,-127
-363,5280,53
-204,5389,-330
-264,5276,-249
-82,5901,99
47,3706,21
17,4431,-315
-240,5469,77
-98,6412,-31
-180,7228,200
-156,7022,224
-72,6486,85
-18,5737,-242
-245,7487,-515
-722,8761,-80
-164,9224,361
-11,7852,523
423,3158,525
237,1878,74
148,759,-8
-134,651,-59
-76,1465,-128
-331,3741,55
-63,3212,206
-260,3003,309
-407,2707,148
-26,1900,141
-165,1895,48
-371,3364,50
-175,1659,122
-281,3343,69
-339,2181,259
-308,1785,309
-237,3229,223
-336,2444,237
-648,4280,77
-668,4366,213
-379,3006,191
-317,2320,323
-318,3501,388
-426,3147,392
-293,1109,281
1,1758,175
-285,-121,491
-94,-113,309
36,-274,19
-143,-517,-98
-182,-734,-454
-156,-624,-262
-173,-900,230
-221,-1038,268
-219,-1016,145
-288,-1323,-444
-290,-2575,-965
18,-3393,-639
24,-3826,125
-65,-3414,394
-317,-5584,-75
-371,-4087,-392
-499,-3950,-356
-286,-4339,87
-103,-4825,154
-121,-5935,334
98,-5660,11
-134,-5757,-102
-297,-6005,162
-428,-5720,48
-258,-5876,141
-223,-5289,4
-399,-5513,-19
-448,-5230,-37
-452,-5668,-14
-620,-7041,-143
-859,-9222,-212
-481,-8985,-431
-156,-5370,-21
-389,-4623,-62
-369,-4103,-65
-198,-4530,111
-196,-5694,-274
-397,-6004,-489
-408,-5397,-267
-145,-4252,-101
-26,-3266,-61
-49,-3322,-148
-88,-3929,-237
-129,-3199,-301
-126,-2139,-474
-3,-1152,-351
88,-1629,-422
-206,-3304,-443
-213,-3715,-455
-203,-3940,-390
-214,-3793,-31
-19,-2859,110
14,-2856,222
-198,-3618,107
-315,-4347,256
-302,-5000,288
-86,-5749,518
-95,-4893,354
-73,-3875,272
-272,-3592,293
-285,-3444,297
-31,-3925,510
128,-5673,723
222,-7887,986
58,-6367,634
-243,-5242,491
11,-2712,151
129,-2445,87
-113,-3094,140
-258,-4333,283
-710,-6120,456
-537,-6333,392
-265,-3180,-73
-110,-330,-395
-565,-1721,364
-61,-673,-349
-409,-1785,76
-201,-3230,121
-206,-3539,40
-227,-2561,66
-121,-2318,171
-121,-2616,235
-125,-3945,432
-101,-4758,497
-281,-3639,420
-99,-2907,328
12,-1213,108
-31,-196,-18
132,-522,54
157,-1021,55
-100,-319,127
184,-634,56
96,-1061,117
203,-1616,349
391,-1857,175
350,-1991,179
320,-2536,270
310,-2476,295
116,-1454,155
161,-1687,112
271,-1800,92
333,-1741,139
540,-2652,286
384,-2051,234
297,-1468,71
256,-1243,10
93,-520,-48
199,-1040,114
273,-1667,185
377,-2151,281
187,-1545,231
-116,-225,-15
-360,736,-349
53,40,9
157,-306,-63
59,-41,-7
-5,286,-21
-166,880,-126
-286,1387,-262
-239,1424,-153
-211,2032,-259
-407,3008,-359
-769,4569,-659
-805,5770,-988
-573,6357,-618
-278,6565,-641
-770,8391,-689
-1074,11322,-925
-1257,14791,-1524
-1097,10302,-952
-651,8481,-366
-62,6732,-312
-19,4820,-107
-220,4170,-203
-232,4477,-312
-216,2865,-194
-236,3435,-419
-106,2370,-415
-167,2057,-294
-71,2576,-374
-305,2458,-290
-424,788,-81
-608,-186,-13
-699,-1413,109
-762,-1504,53
-641,-540,-40
-844,-393,11
-1082,-105,119
-1049,-488,230
-729,-218,45
-799,-365,52
-1085,-172,97
-1137,16,54
-1042,-367,76
-750,50,-93
-880,317,-201
-1196,-86,37
-1555,-213,199
-1477,-254,292
-1169,-144,101
-912,-309,-7
-1077,-159,-194
-1606,505,-251
-2273,632,136
-2002,543,302
-1395,54,434
-1021,-293,221
-1252,-756,139
-1656,-241,51
-2062,713,131
-1528,654,200
-825,555,165
-899,-455,56
-1069,-645,169
-1380,33,6
-1689,445,212
-1681,738,214
-1147,631,337
-1060,520,-2
-1394,804,-242
-1927,1759,-307
-2591,1350,100
-1378,1101,251
-636,531,48
-392,-634,-4
-840,-547,-277
-1290,-482,-163
-1422,-226,-103
-701,-126,62
-78,-602,157
-207,-723,4
-439,-511,-69
-740,159,-70
-1201,26,16
-499,-117,211
-256,-253,128
-258,-51,8
-433,155,-35
-782,309,162
-1238,228,343
-1105,100,610
-630,371,605
-350,814,361
-505,704,427
-815,1150,340
-1084,1037,586
-1037,815,1052
-533,746,1312
-371,393,1381
-374,301,1418
-593,382,1056
-824,207,1032
-1029,-66,1161
-999,-732,1801
-728,-246,2427
-138,353,2202
-365,311,2148
-650,294,2284
-881,257,2782
-826,951,3107
-1114,439,3388
-1555,-1256,3309
-1263,-2664,3625
-663,-1680,3560
-162,385,2679
-106,470,1499
-427,122,1077
-689,-600,1101
-627,-651,1357
-131,-211,1664
143,214,1381
318,129,1647
203,80,1721
-55,-102,1622
-1,708,1411
-500,121,1127
-758,-348,859
-961,-1263,1191
-272,-674,1733
464,468,1935
589,-290,2215
650,-263,2286
638,82,1875
402,450,1248
247,349,1561
113,480,1401
-109,634,856
-455,551,348
-738,289,39
-783,-50,167
-408,-184,306
-261,-200,471
54,-330,800
66,-442,639
3,-726,571
53,-427,345
-89,-192,321
-222,-284,354
-143,-256,188
-14,-353,254
-19,-501,189
-1,-290,128
-96,111,66
-194,14,73
-173,248,89
-128,206,35
-91,376,68
-12,746,-60
-24,1261,-266
-51,2714,-641
-105,4943,-1108
9,6993,-1292
285,6027,-852
121,2893,-138
-346,1674,114
-497,1970,-30
-276,2520,-355
-86,3232,-310
114,3413,-148
-21,3761,123
-21,3600,198
-292,3148,48
14,4232,-84
31,4296,-106
234,5993,-64
-70,6365,-24
-220,6141,0
-260,7083,121
-23,5777,-73
4,4547,-260
55,5221,-164
72,6067,115
-54,5557,73
10,5643,-82
-101,4237,-172
-4,3468,-265
306,3291,-69
172,5248,-6
244,5530,208
237,5054,218
228,4328,-4
149,4637,-50
142,5412,23
138,6179,226
139,6086,307
258,4868,159
231,3858,-128
149,5417,167
58,4722,260
95,5005,127
-72,3936,231
245,3883,145
188,3097,76
185,2864,89
191,2495,-7
119,3042,-51
27,3518,-64
-21,3555,-77
-83,3986,-19
46,3731,-77
-62,4203,-22
-11,3853,-87
15,3184,-92
166,3440,-154
45,3652,-183
216,3191,-176
263,3330,-201
294,3360,-164
354,3968,131
422,3505,100
394,3100,271
193,2854,20
315,2797,213
450,3039,210
610,3105,201
463,2516,99
361,2312,142
477,2680,-45
371,1953,-15
457,2158,444
385,1692,142
220,1877,-17
317,1544,71
172,363,-111
143,480,-171
78,345,-118
46,18,17
177,-266,43
52,-531,-303
-64,-965,-362
9,-1255,-114
86,-1758,-226
39,-3409,-866
-116,-3369,-836
-198,-3024,-41
5,-2029,-4
-53,-3110,-519
-136,-4617,-784
-249,-4557,-183
59,-2930,253
-107,-1763,-99
-243,-1291,-68
-160,-1736,-74
-287,-2492,172
-178,-5412,241
-282,-5207,163
-232,-7269,415
-210,-9378,717
-404,-5591,183
-516,-4905,288
-167,-3738,40
-249,-3404,226
-367,-3630,51
-431,-5829,148
-204,-6311,82
-269,-4193,86
-380,-5248,319
-277,-6545,495
-354,-9733,614
-400,-13799,141
-212,-12141,-99
-83,-11556,118
5,-9420,42
-78,-8349,184
103,-7653,59
88,-9094,-114
117,-10641,-329
-59,-9052,-213
151,-5939,31
122,-4639,217
148,-3891,-51
229,-4196,-20
102,-4824,-32
172,-5430,116
102,-5376,43
10,-5252,-14
148,-4273,-151
56,-4427,-169
-46,-5857,-77
-352,-4333,-53
-8,-4525,-18
-96,-2870,-173
12,-2783,-53
-7,-2127,-170
34,-3131,95
10,-3259,-117
116,-4510,-174
-228,-3316,-134
-68,-4914,323
-165,-2691,-138
-38,-2207,102
-19,-2233,115
30,-1995,76
-177,64,-185
-16,-541,111
17,121,-36
-79,-213,135
-94,-242,-27
-100,-679,23
-146,-419,-51
-68,69,-142
-77,659,-158
-67,536,-83
-27,65,-14
-119,185,-184
-298,806,-396
-342,912,-351
-412,735,-381
-451,830,-513
-597,1128,-679
-754,1003,-790
-529,122,-575
-473,117,-659
-427,170,-852
-324,615,-925
-323,959,-1065
-96,1070,-956
-153,675,-853
-266,-52,-883
-419,-257,-1149
-534,-443,-1301
-745,-270,-1644
-705,-352,-1422
-546,-2,-1577
-645,-188,-1916
-936,-13,-2288
-924,448,-2634
-1029,112,-2533
-851,660,-2848
-646,637,-2762
-446,479,-2781
-266,144,-2448
-256,696,-2473
-649,685,-2557
-973,245,-2262
-934,1005,-2459
-756,724,-2568
-698,1418,-2963
-575,1502,-3721
-469,1697,-3882
-564,3240,-4533
-541,2709,-4374
-343,1951,-3377
-56,494,-2686
101,-407,-2107
312,155,-2088
206,779,-2532
134,1760,-2989
119,1153,-2685
-10,-564,-2360
-84,-751,-2129
337,-866,-1899
323,-1789,-1916
161,-2909,-2137
-491,-2413,-2908
-680,-30,-3014
-623,1009,-2142
-225,705,-1371
-237,525,-1395
-864,673,-1855
-1089,317,-1361
-783,651,-1564
-305,1414,-1357
-93,1546,-1772
-329,468,-1494
-304,711,-2039
-426,323,-1598
-278,845,-1274
-91,733,-1434
-156,637,-1555
-266,-72,-1307
-346,99,-1220
-328,117,-942
39,-322,-916
74,-232,-1215
138,1532,-1261
-266,1368,-1249
-225,603,-797
-245,59,-792
-77,-176,-760
27,13,-847
-292,-111,-868
-315,-105,-585
-397,298,-653
-286,15,-438
-88,62,-338
-19,-279,-387
43,-628,-347
128,-1004,-341
88,-2235,-353
108,-703,-671
-2,-1122,-379
119,-692,-220
-14,238,-71
49,744,-101
-107,843,-125
-53,1162,-210
-128,32,-186
-122,493,-315
-90,681,-131
-48,283,-64
27,317,-182
-88,188,-182
-56,-7,117
10,-2,92
-28,-38,118
-64,280,219
-129,-121,269
26,-621,160
-8,-1066,36
-84,-1229,89
80,-1463,218
227,-2683,185
300,-3752,-86
337,-3829,-99
477,-5762,-138
513,-4858,-150
540,-4755,-218
311,-4528,-163
447,-5367,-60
689,-6394,-56
386,-6898,31
-51,-5191,-131
118,-5451,84
151,-5745,-817
199,-5088,-84
-72,-4598,-164
-90,-4204,-303
18,-4052,-173
89,-3356,-119
118,-2946,-54
185,-2571,-191
287,-2456,-444
493,-3165,-657
454,-2378,-1111
591,-1976,-1194
1258,-2957,-672
745,-1164,-281
583,-1251,365
404,-1070,353
261,-663,220
399,-963,204
264,-1210,335
213,-1142,281
189,-1045,87
-33,-341,-143
-72,86,49
111,49,197
65,-79,259
105,-175,134
120,-237,-51
-14,-467,166
253,-769,227
207,-710,268
153,-640,179
-45,-745,62
341,-1848,450
542,-1552,459
663,-1064,331
338,-350,147
281,-1606,377
212,-2016,322
305,-1777,67
-92,-604,-292
95,-1133,-37
79,-1333,-155
25,-1097,-155
-230,260,-365
447,-1200,-36
466,-1251,32
106,-947,-47
160,-1021,79
209,-1786,72
344,-1510,37
383,-717,91
180,-480,-49
273,-920,13
325,-1201,-17
236,-1742,-9
197,-1510,-52
306,1825,-276
-159,29,117
90,-219,190
15,-341,5
102,43,17
1,15,-182
41,-407,238
-37,-45,-35
15,1140,-330
7,1316,-203
55,1110,6
-60,607,-50
-105,1013,-124
-194,1514,-59
-479,2334,-161
-418,2992,-144
-206,3183,-187
-244,2653,-224
-262,2070,-203
-552,2493,-236
-356,2175,-592
-339,2405,-386
-278,2364,-392
-348,2620,-442
-464,2944,-669
-537,3822,-745
-215,3282,-680
-373,3037,-497
-404,3628,-538
-333,4322,-734
-422,4866,-852
-279,2881,-601
-359,2504,-319
-348,2673,-332
-208,3288,-397
-38,3841,-343
-99,4688,-506
-196,4647,-641
-375,4023,-490
-265,3305,-73
-197,3768,-15
-471,3342,-150
-481,3797,-439
-289,3676,-412
-385,4960,-338
-334,5191,-316
-259,5640,-109
-207,6116,-392
-274,5414,-536
-78,5815,-204
23,3459,9
-233,2924,2
-188,3499,-215
255,6046,-357
272,6320,122
-164,5907,229
-269,5074,153
-129,5176,43
259,6107,-71
1077,6710,-292
404,4964,-129
-75,3365,105
-246,3855,-10
-133,4532,357
-19,4545,521
-297,3360,398
-24,3580,200
-114,3391,91
23,4698,189
46,6473,315
-524,5714,182
-293,5180,-70
5,5530,32
400,5797,219
430,6079,393
402,5005,240
446,4638,37
677,4526,-71
380,3795,-411
357,3951,-144
436,4543,116
451,4260,307
457,4439,502
470,4055,447
246,1953,5
236,2379,206
187,2380,301
63,1855,394
278,2318,425
254,1372,330
480,2328,242
185,2607,465
187,3706,624
50,3865,574
32,2967,449
200,2428,337
132,1369,-84
-98,1864,95
-34,2736,240
108,2481,358
-60,1983,109
643,565,128
678,-569,-26
499,747,188
199,570,103
31,817,208
-67,711,111
102,-737,-50
328,-2677,-144
613,-5593,-61
398,-6076,-199
-192,-2235,62
-294,-1967,-16
-7,-2681,-152
-46,-4063,-236
106,-6702,-430
-330,-6940,-450
-558,-5143,-256
-568,-4246,-48
-261,-4405,-11
-383,-5858,-309
-622,-7597,-354
-822,-9415,-326
-1298,-11886,117
-1641,-12275,468
-1327,-12261,435
-928,-15974,481
-1465,-17581,1028
-1553,-14654,1236
-1119,-11504,946
-934,-8378,809
-678,-4353,610
-300,-3138,241
-171,-2632,205
-148,-1975,197
-244,-565,87
-201,417,-74
84,512,-199
48,500,-283
-74,-28,-215
-43,782,-269
-142,1222,-353
-43,-162,-453
-71,-1391,-332
-25,-873,-519
140,15,-428
312,-201,-105
27,-431,179
-76,-998,157
-1,-712,205
232,-300,95
268,30,199
314,756,164
438,991,311
290,1635,324
294,1357,370
129,403,757
241,22,1166
312,-117,1138
81,569,785
57,374,413
95,115,484
168,139,548
491,-98,1168
613,-663,2042
393,138,2388
-94,731,2040
19,951,2119
-100,-97,2568
-496,-795,2538
-500,293,2779
-531,-146,2542
-784,475,1591
-425,494,1137
-72,-194,1997
211,-531,3007
-18,-37,3151
-170,462,2331
-143,426,1935
-314,396,2104
-381,-979,2548
-272,-1329,2332
146,-1106,1770
435,-525,1345
437,41,1188
229,124,935
-49,-243,972
-141,-426,1100
-68,-459,878
8,-234,649
139,-98,643
208,-160,717
114,84,612
28,177,432
-147,124,465
-206,-359,571
-102,-129,486
119,107,351
-86,63,225
-284,-138,269
-417,-513,223
-369,-835,142
-273,-1000,189
-188,-915,22
-203,-1023,-41
-267,-866,-77
-307,-957,-147
-223,-1304,-44
-257,-1465,152
-384,-2113,45
-663,-3406,-38
-933,-4225,-135
-1180,-5111,-244
-1016,-6221,-551
-852,-4542,-626
-740,-4757,-486
-981,-5449,25
-757,-5427,435
-179,-5130,628
-315,-5245,453
-613,-5352,318
-519,-5264,189
-601,-5795,516
-57,-6225,1086
488,-5309,891
373,-4843,485
584,-6408,546
976,-6909,486
624,-6439,425
629,-6390,484
524,-5225,627
335,-3567,374
385,-3619,126
298,-3394,-131
190,-3311,-74
267,-3205,75
50,-2663,300
-124,-2327,275
-483,-2082,59
-264,-2480,-146
123,-2716,-13
264,-2506,196
-159,-1638,247
45,-2182,210
-220,-1844,-27
-69,-2375,-212
295,-2455,-178
421,-2899,76
4,-2269,136
135,-2038,150
69,-1549,-109
172,-1529,-276
233,-1693,-264
539,-1986,121
134,-1771,95
94,-1629,26
-157,-145,-311
194,-319,-218
293,-350,-151
231,-672,-313
-73,-49,-155
-194,625,-93
-337,1334,-179
-301,2666,-367
-163,2481,-527
-23,1942,-275
-395,2449,-231
-491,3034,-36
-868,6472,-596
-1393,8894,-931
-1111,7490,-859
-854,5702,-315
-386,4003,-206
-526,4034,-408
-1041,5616,-779
-862,6666,-997
-809,7728,-707
-1342,8816,-656
-877,6056,-651
-937,4688,-597
-715,3969,-537
-415,4303,-502
-607,4308,-558
-463,5900,-386
-187,6386,-297
-453,6191,-459
-334,5028,-382
-100,3949,-330
-146,4142,-90
-139,3909,138
-233,3551,148
50,4968,59
161,4571,-15
-171,3804,-37
-375,2605,234
-145,2763,136
-30,3936,-50
-34,4926,-77
-349,4599,-81
-469,3861,98
-459,4341,201
-299,3646,275
-161,4896,3
-371,6217,-77
-492,8418,82
-590,7212,-1
-480,4645,-61
-225,2263,42
-151,960,141
-39,-562,-306
-276,-1043,-371
-36,-363,-91
19,-95,23
27,74,21
144,-92,141
26,-519,72
-70,-22,-16
41,133,167
-156,-263,117
-67,-273,125
20,17,75
13,-173,138
-180,-373,310
-111,-293,555
-141,137,768
11,428,797
-30,412,682
-181,61,609
-240,-357,655
-390,-868,902
-506,-1075,1216
-594,-935,1714
-535,-749,2110
-413,37,2335
-269,314,2230
-717,66,2512
-1031,-326,2709
-1539,-661,2956
-1380,-590,3088
-986,-444,3111
-935,-567,3077
-1213,1049,2983
-1117,-605,2854
-1264,205,2596
-1263,-104,3207
-609,1283,2879
-978,-799,2867
-844,-1272,2633
-1188,-2010,2724
-868,-890,2500
-825,-911,2517
-156,-282,2166
-780,179,2575
-384,168,2201
-972,-187,2515
-947,2810,2342
-882,889,2410
-941,-377,2547
-456,802,2437
-447,537,2870
-483,1491,2674
-1296,457,2844
-720,764,2103
-310,57,2346
-83,-42,2501
-111,65,2925
-328,780,2735
-934,476,2756
-744,234,2406
-608,-300,3172
35,889,3284
-542,-236,3375
-293,-850,2786
-188,-446,2604
-417,-442,2775
-205,-683,2745
-311,-473,2574
-368,-345,2198
-637,-457,2140
-642,-641,1983
-488,-920,2223
-312,-997,2008
-409,-940,1728
-703,-952,1690
-573,-771,1381
-218,-906,1830
-232,-732,1629
-142,-863,1510
-338,-1085,1345
-167,-894,1174
-172,-579,1072
-104,-552,1090
-90,-503,1121
-172,-639,1059
-124,-618,900
-211,-706,842
-38,-173,776
-161,-111,585
-389,-397,467
-175,-331,472
-251,-190,435
-327,67,220
-377,83,398
-188,20,542
-93,-218,767
-105,-109,677
-179,-270,630
-177,-209,440
-214,-243,427
-193,-310,460
-67,-168,403
-245,-272,193
-314,-103,-39
-325,169,-120
-425,231,-200
-298,447,-235
-169,535,-193
-93,445,-48
-123,276,-55
-232,259,-176
-55,232,-30
12,451,-35
65,252,24
-62,359,3
-51,222,-21
-68,419,-125
-112,356,-14
-11,388,-32
-19,257,-17
-40,428,-33
75,524,-84
-7,688,-87
92,741,-176
62,1086,-169
237,969,-113
-98,684,-43
77,762,-217
161,1333,-117
325,2489,-205
393,2432,-58
467,3771,-84
728,5053,-180
792,5194,-223
241,3550,-47
139,3292,-145
223,4062,-115
529,5331,-158
765,7559,-330
1290,11077,-241
1546,11560,238
965,8115,-327
701,4404,-100
882,4715,167
1048,5550,698
213,9610,291
747,10584,777
716,15253,1214
577,12687,1658
732,4724,156
138,5340,346
61,6628,177
38,6600,-53
-221,6322,-19
-135,6306,-32
-193,3702,20
49,2349,-96
-8,2576,-167
-50,2741,-124
85,3603,-82
-130,3574,-16
21,3371,57
14,3011,-51
126,1935,-189
3,1323,-247
38,1446,-202
128,1538,-159
178,1194,-172
128,1292,-141
165,1167,-67
267,1091,-223
118,774,-254
115,411,-226
62,545,-231
70,170,-161
100,-217,-136
40,-360,-70
60,-154,-75
59,-356,-134
104,-500,-107
187,-704,-234
161,-924,-305
304,-1161,-253
255,-1046,-152
292,-826,-146
247,-983,-264
257,-650,-247
180,-734,-311
408,-1018,-368
308,-776,-231
136,-589,-207
1,-257,-41
129,-357,-101
24,-304,-72
98,-574,-163
125,-348,-54
-54,-186,-58
36,-235,-12
24,-304,-16
-14,-499,-56
96,-554,-92
104,-695,-98
129,-1114,-139
10,-1384,-164
138,-1915,-120
226,-2533,78
354,-2956,97
280,-3653,147
382,-3657,40
270,-3399,52
165,-3163,101
348,-3919,12
329,-5956,247
262,-5942,122
85,-6757,447
248,-9500,355
66,-12073,454
-240,-11509,328
-19,-9798,170
-159,-9590,200
-76,-6521,259
10,-6251,193
-15,-6406,35
-141,-7148,93
-217,-11009,135
-415,-12407,327
-265,-11882,573
-220,-5177,177
108,-3894,49
-66,-5201,263
119,-3928,-68
-113,-4844,80
-127,-7674,358
138,-7443,81
353,-9978,138
466,-8930,-87
-95,-5121,-69
-93,-4729,11
127,-5223,-80
1,-5467,-96
-205,-5820,-34
-198,-6827,-103
-349,-5732,-184
-444,-2745,-43
-358,-1341,14
-275,-1420,153
-192,-1736,112
-355,-2677,144
-586,-3307,49
-687,-4014,26
-635,-3636,53
-482,-4335,127
-411,-4443,284
-819,-8578,199
-176,-5478,298
-2,-5337,604
-31,-4057,399
143,-2815,256
184,-3222,167
299,-4223,285
526,-5067,413
674,-5210,440
610,-4166,213
762,-4133,-35
824,-3927,62
511,-3200,22
566,-2777,-125
537,-3320,-292
535,-3434,-235
525,-3658,-304
704,-3720,-463
649,-3823,-312
478,-3166,-265
117,-1500,37
130,-873,114
43,-775,-171
193,-638,-44
37,-568,-115
31,-653,10
146,-1070,-134
29,-766,-139
27,-449,-62
64,-880,-212
306,-1204,-206
100,-882,-115
127,-1114,-105
307,-2002,-127
227,-1768,-113
202,-1234,-133
137,-1356,-264
30,-863,-35
60,-908,-36
310,-1897,-307
342,-2391,-206
409,-2496,-105
232,-1837,-19
49,-1038,31
111,-1180,-156
91,-1430,-221
235,-1614,-124
426,-2126,-171
335,-2112,-92
203,-2254,-362
100,-1128,-103
-4,-167,160
88,-666,-63
157,-708,-98
-53,-800,-235
-21,-660,-108
18,-267,146
25,-426,74
-39,-326,45
30,-189,-8
-123,-83,4
-7,-149,7
-103,221,151
-170,459,240
-312,674,254
-248,814,120
-254,1078,144
-423,1887,343
-650,2544,502
-679,3075,395
-609,3086,221
-736,3915,119
-1014,5343,88
-1184,6902,59
-1476,8287,-188
-1230,8518,-104
-916,7248,-87
-757,6643,-163
-962,6423,-21
-753,5294,-120
-854,5735,-276
-709,5478,-129
-958,6300,-140
-1268,7299,-469
-722,5438,-254
-793,4143,-254
-642,2744,-187
-785,3068,-248
-1052,6113,-662
-1036,7285,-895
-943,6210,-775
-574,4274,-693
-657,2702,-356
-637,2524,-554
-470,2481,-488
-340,2633,-565
-353,1953,-344
-201,4094,-576
-347,5307,-573
-395,4494,-559
-88,7845,-455
-84,6010,-548
-106,3571,-474
-187,3202,-353
-114,3199,-172
-25,4132,-275
-160,7380,-90
160,7112,-366
170,6488,-405
-220,4704,-298
-174,2474,-403
-141,2346,-109
12,3284,42
95,4908,181
142,3549,92
-149,1565,-99
-198,1408,-62
52,787,65
-84,1323,65
-122,1389,347
-250,996,301
-170,473,232
-375,211,20
-353,358,-93
-382,16,21
-335,-429,127
-214,-239,277
-271,-1021,347
-236,-1295,214
-227,-1610,208
-198,-1354,69
-142,-982,213
-284,-1403,155
-152,-1889,28
-39,-484,-108
93,-192,-42
-37,-41,-104
-11,275,10
-64,-609,-13
-140,-1240,-85
-17,-1722,-203
200,-1590,-320
336,-640,-383
241,-239,-335
137,36,-339
-37,-280,-360
127,-306,-451
233,812,-579
392,889,-1042
521,1205,-1120
216,529,-1152
-25,585,-783
-67,90,-651
73,-464,-683
70,-948,-507
103,-1052,-659
299,-604,-909
240,-542,-1181
230,-659,-1185
195,-281,-1180
283,24,-1106
170,-143,-1050
197,-324,-1156
262,-370,-1238
157,-259,-1070
365,43,-1029
425,-43,-1088
273,-235,-984
373,-442,-904
352,-547,-1010
208,-575,-1021
214,-349,-1252
222,-356,-1340
267,-518,-1287
423,-265,-1281
421,-256,-1231
291,-615,-1260
182,-557,-1187
177,-519,-1315
290,-412,-1401
486,-116,-1528
486,48,-1530
477,37,-1540
364,-335,-1386
265,-591,-1347
307,-603,-1349
372,-431,-1327
454,-481,-1389
523,-452,-1485
557,-369,-1540
418,-657,-1589
356,-500,-1533
426,-504,-1514
355,-836,-1448
411,-1173,-1459
386,-1335,-1462
428,-1304,-1710
359,-1078,-2011
274,-1021,-1995
325,-374,-1939
133,-1174,-1811
-27,-1575,-1916
26,-1695,-2233
101,-1175,-2471
9,-1236,-2210
-26,-1100,-1890
97,-861,-1224
178,-714,-898
150,-601,-833
41,-458,-1048
-37,-186,-1368
-215,-629,-1591
-150,-705,-1848
-85,-675,-1922
-81,-476,-1963
-17,-381,-2154
-170,-684,-2057
-221,-593,-1751
-143,-173,-1433
-144,-627,-1384
-292,-414,-1439
-40,-420,-1696
-105,-264,-1886
-86,-109,-2071
-236,-144,-2031
-305,-196,-1769
-182,-42,-1562
-111,280,-1507
-122,42,-1464
-125,-25,-1302
-61,41,-1210
-45,-58,-1094
-125,145,-1055
-54,307,-1040
-199,78,-986
-265,-72,-799
-264,-226,-638
-69,349,-679
-53,114,-711
-75,-87,-588
-193,-539,-397
-150,-100,-83
-35,134,-21
0,236,37
-103,-185,-1
-253,-293,-109
-281,-367,-162
-270,-8,-139
-354,-397,-188
-485,-377,-162
-508,-405,-47
-605,-169,4
-490,68,79
-641,195,77
-884,-61,20
-1205,25,69
-1390,657,223
-1636,1267,397
-2124,238,361
-2243,-311,224
-2126,-762,243
-1700,4,123
-1282,643,95
-1323,889,-64
-1671,610,43
-1953,513,125
-2223,-80,130
-2171,-226,56
-1905,-337,193
-1550,191,44
-1444,462,36
-1511,691,64
-1782,474,67
-1880,223,161
-1776,183,310
-1443,12,263
-1379,-792,431
-1160,-693,252
-1463,-1532,189
-1507,-1619,106
-1419,-2206,61
-1547,-3772,374
-1687,-5508,930
-1772,-5608,1195
-1390,-3716,742
-1158,-2162,883
-1168,-2526,1089
-1365,-3431,1013
-1647,-4730,1207
-1460,-4539,1351
-793,-2991,1153
-501,-2651,1148
-547,-1246,919
-613,-1517,701
-254,-1836,591
-261,-2200,606
-475,-2897,566
-591,-3108,421
-640,-3246,380
-261,-4110,95
-996,-5028,236
-692,-6147,403
-273,-5639,567
-14,-5231,423
-85,-5336,271
18,-4865,67
-437,-6532,423
189,-6213,718
307,-5299,508
65,-4092,300
81,-3133,-232
132,-2797,-386
94,-2780,-122
329,-3234,292
386,-2630,379
233,-2540,419
-208,-2266,189
-108,-3112,335
139,-4136,344
469,-6320,656
712,-6636,619
694,-4914,519
420,-3817,108
475,-5616,164
307,-3176,-88
819,-3843,-5
124,-1709,257
458,-2194,35
268,-2086,-218
449,-2062,-124
316,-1784,167
270,-1509,367
567,-2444,79
443,-1736,-181
400,-1490,-156
382,-2000,-70
234,-1311,113
-129,-328,58
23,-88,113
8,69,-120
189,-833,58
287,-873,-89
451,-568,232
30,487,243
-440,1539,70
-589,1990,-314
-402,2241,-454
-451,2903,-450
-344,2713,-179
-200,3208,-246
-341,4174,-337
-724,6042,-585
-890,8156,-917
-667,8581,-1100
-391,6848,-781
-509,6458,-445
-641,5488,-188
-357,4418,-83
-67,3287,-222
-167,3967,-549
-329,5160,-606
-187,5792,-732
-113,6088,-576
21,5911,-460
-93,7064,-320
-88,6179,-141
-318,6753,-121
-370,6981,-262
-365,7352,-174
-329,7515,-194
-220,6665,8
-249,6006,-151
-264,5110,-280
-161,4183,-177
-174,3877,44
-294,4391,195
-248,5340,40
63,6942,-274
345,5168,-108
66,4099,-114
-185,3435,-130
-296,3361,15
-102,4642,-14
-14,5914,128
-14,6473,151
-177,6453,121
-291,5447,43
-6,6024,-109
365,5617,211
138,5105,65
24,4509,-44
-6,5568,19
-35,6022,129
-93,6188,345
-172,5445,313
-359,3523,315
-257,3301,216
-176,4686,212
-199,5047,270
-155,4523,134
-201,4343,108
-163,3686,225
-133,3716,272
-32,4648,257
131,4808,279
-99,4858,368
-125,4530,359
-112,3682,270
-194,3727,200
-85,3954,479
-340,4825,597
-397,5119,607
-83,3864,290
-119,3390,113
-271,2746,87
-69,2469,18
-161,2758,37
-70,2875,5
-346,3422,46
-536,2528,61
-254,2017,23
-560,2325,59
-440,2168,59
396,1830,-83
311,1561,20
-11,390,64
68,-1569,49
17,-2737,143
-18,-3588,397
230,-2002,395
-267,-139,408
-251,562,200
-218,333,64
-72,-654,-28
-112,-1031,-16
-132,-1327,191
8,-989,339
29,-1486,296
6,-2542,436
106,-4076,226
141,-5511,344
-114,-8972,619
279,-13218,1045
1129,-15440,848
1037,-15216,183
1194,-11522,22
1625,-4645,68
1600,-3057,-32
1290,-4622,-196
1093,-7889,-608
719,-9400,-286
1045,-7717,-351
817,-5810,-19
609,-3855,269
791,-1338,-23
831,125,-597
906,302,-1005
521,813,-731
531,-301,-194
563,-384,-135
610,-22,-284
728,580,-660
902,360,-752
931,-474,-870
1147,80,-1008
1199,364,-1045
1236,486,-1038
948,224,-554
935,698,-559
1073,712,-729
1291,697,-1242
1734,1524,-1486
2173,1347,-1730
2203,1241,-2001
2175,1053,-2201
1817,1545,-2078
1922,1265,-2008
1511,675,-1734
1561,244,-1660
1958,-360,-1711
2012,-351,-1970
2040,-115,-1762
1016,1334,-845
503,2074,-177
551,704,-376
479,255,-820
1069,-151,-1027
1087,-222,-878
908,152,-358
906,683,-647
1056,-194,-849
1221,-1266,-1143
1379,-1693,-1436
1353,-860,-1627
1154,310,-1291
975,988,-853
975,724,-842
763,557,-390
734,-304,-308
647,31,-557
447,194,-790
466,494,-863
261,142,-534
329,587,-575
427,-574,-493
335,-1326,-412
289,-2383,-196
217,-52,-357
78,1114,-328
94,-104,-518
84,-342,-399
87,-1211,-247
176,-1594,-93
370,-2834,55
600,-3497,192
839,-5004,-135
918,-8230,-194
846,-8639,21
904,-8648,171
1195,-9080,229
1208,-9100,-655
361,-6919,-248
1079,-7376,282
948,-6335,295
1038,-5320,459
1015,-4280,-315
930,-4420,-22
1201,-4082,-444
1858,-6129,-959
1366,-6514,-720
938,-2978,-629
-66,-384,598
502,-128,196
383,-980,4
708,-1463,535
537,-1781,647
611,-2432,356
531,-3053,-39
346,-2973,39
499,-2558,287
550,-2285,187
267,-2170,130
197,-1764,-12
380,-2022,-313
354,-2021,-97
555,-2274,97
807,-1835,-19
763,-1090,-290
368,-1320,-76
226,-1121,135
84,-775,-59
452,-834,-68
595,-1096,-128
521,-1265,-217
266,-1386,-297
-123,-753,-260
-61,-613,-14
185,-491,109
144,-657,-37
113,-530,111
-211,-431,-185
221,-229,-23
-47,-287,-292
112,-327,-61
103,-524,-55
207,-494,-95
-24,-411,-267
-148,148,-127
-258,863,-78
-50,555,105
-81,605,-13
-120,312,-109
115,223,159
-248,397,-44
326,-146,173
-43,27,36
-265,271,-208
25,-185,290
10,-36,127
-114,361,-235
-34,771,127
-219,573,-48
-178,914,-39
-331,1225,-336
-208,1307,-105
-402,1094,-98
-140,862,98
74,819,43
-168,1233,-171
-514,2648,-134
-1127,4421,65
-1095,3664,184
-204,2373,170
-35,2392,71
-392,3330,-200
-1245,6102,-80
-1863,4739,-79
-787,3758,-216
-641,4006,-407
-903,3721,-349
-941,3658,-361
-619,3321,-833
-426,2382,-456
-311,2855,-373
-324,3276,-456
-517,4281,-938
-599,5593,-1390
-1135,5766,-1331
-891,4907,-777
-715,5730,-886
-806,6099,-1067
-1030,8742,-1447
-1449,8506,-1700
-1287,9388,-1614
-772,5102,-804
-498,4377,-349
-602,4110,-798
-487,4569,-698
-274,4249,-548
-453,5056,-644
-501,5686,-779
-342,6025,-1006
-350,6301,-943
-353,7442,-785
-339,7211,-751
-250,7378,-795
-58,5091,-462
-171,5340,-429
-104,3916,-222
-110,4412,-198
-125,5121,-273
44,5433,-530
223,4333,-320
-162,5087,-183
115,5314,-134
208,5977,-204
422,6218,-201
145,6107,-91
306,5764,71
597,4375,212
88,3410,202
-92,2460,248
256,2983,278
336,3677,289
462,4128,330
385,5880,437
547,6562,608
586,5613,578
435,5055,307
667,5698,403
813,6919,490
901,7363,685
769,6926,641
408,7525,434
443,7625,414
381,9230,547
337,11084,369
26,11254,289
-34,8282,258
206,8359,87
107,7204,135
-2,7012,210
108,4929,186
85,3678,68
161,2929,192
215,4126,83
210,3889,-32
259,3304,184
385,3335,375
216,2403,355
74,1857,204
299,1682,245
381,2300,177
408,2077,343
262,1433,277
483,1593,109
456,1933,38
732,2129,126
703,1862,211
758,1827,63
744,1494,205
918,1052,407
1410,790,504
1507,1019,523
1105,1039,557
775,1072,339
530,1007,232
243,734,93
8,629,20
-366,559,-9
-382,450,97
-248,388,44
-118,344,-45
-272,98,-8
-366,-62,-52
-414,-331,53
-340,-334,-30
-174,-157,-138
-105,-264,-378
-256,-713,-319
-486,-1484,-284
-908,-3059,41
-862,-4665,316
-348,-5140,-32
307,-4613,-491
222,-3976,-415
-176,-5665,286
-560,-6831,631
-704,-7537,661
-612,-6013,175
-570,-4436,-841
-593,-4332,-711
-680,-4283,161
-792,-4548,630
-992,-6034,362
-1218,-6609,-22
-1141,-5250,-419
-618,-3568,-238
-222,-2949,211
-106,-3872,405
-78,-5236,241
72,-5682,137
-258,-4173,125
-548,-3385,28
-418,-2887,-78
-252,-2390,25
-456,-4221,166
-748,-6418,144
-1216,-5313,50
-1290,-3540,-128
-848,-3747,-106
-531,-3446,59
-568,-3705,207
-951,-4924,303
-1193,-5818,519
-1271,-5515,686
-1360,-4879,736
-863,-4113,659
-724,-3190,729
-562,-1654,776
-603,-772,631
-944,-2145,739
-1501,-2916,1137
-1638,-2756,1417
-1515,-2949,1355
-1545,-2865,1194
-1188,-2621,1041
-642,-2179,914
-505,-2546,969
-678,-2115,1069
-897,1027,903
-569,4396,793
-84,6626,959
277,6582,1091
286,7634,897
445,5613,757
-686,2419,-99
-1393,1133,-621
-995,184,-439
-340,681,-274
-338,554,-183
-284,656,-41
-43,476,-50
-354,1082,-201
-744,589,-169
-863,475,-154
-683,899,41
-503,1693,301
-544,1611,328
-851,1319,108
-1723,770,-186
-2126,475,-350
-1738,618,-4
-1695,658,337
-1883,1046,148
-1666,1297,-92
-1964,847,-486
-1680,493,-60
-944,757,257
-799,134,132
-1504,-116,317
-2008,555,396
-1980,688,583
-1932,431,620
-1809,549,828
-1672,543,906
-1918,434,964
-2414,515,947
-2533,-27,787
-2143,-57,473
-1952,-45,275
-1894,11,367
-1801,-100,557
-1933,-425,550
-2093,7,315
-2176,-23,87
-2252,-781,-117
-2162,-969,-344
-2359,-1061,-14
-2273,-732,343
-2065,-602,265
-2281,-489,232
-2707,-213,398
-2718,-835,410
-2137,-1202,103
-1973,-1553,17
-2411,-1880,148
-2776,-1286,251
-2476,-537,418
-2212,-1090,527
-2172,-985,482
-1908,-755,761
-1311,368,641
-945,456,426
-1207,-279,245
-1725,-97,367
-1542,168,487
-1067,267,292
-916,53,321
-1326,-133,230
-1412,37,148
-2084,134,169
-1994,-6,-179
-1327,445,-145
-1349,347,108
-1659,371,337
-1346,657,268
-867,811,81
-1171,415,-191
-1673,-29,-319
-1374,-92,-386
-1293,-308,-119
-1273,-334,-135
-981,-26,-151
-942,76,-56
-1309,119,77
-1210,154,-159
-1274,-179,-103
-1394,-298,-269
-1343,-98,-176
-1525,109,-11
-1648,296,-100
-1435,350,-85
-1465,-73,-150
-1401,271,-52
-1516,187,130
-1356,266,146
-928,73,147
-443,368,248
82,645,353
210,716,161
-168,214,84
-417,17,-45
-415,-327,-32
-339,-678,-3
-123,-347,-204
76,-338,-82
-7,-723,-90
-211,-1236,-91
-270,-978,-30
-99,-719,32
143,-597,-161
56,-698,-74
-53,-751,62
-273,-1365,15
-407,-1538,0
-492,-2278,62
-546,-2868,-75
-452,-3137,-95
-292,-3531,5
-328,-2447,33
-369,-2499,270
-480,-3321,230
-493,-4257,95
-462,-5342,-89
-634,-6237,-247
-734,-6005,-566
-799,-6059,-442
-948,-5648,10
-491,-6119,166
-357,-6870,9
-410,-7801,-370
-329,-10110,-405
-88,-13344,-405
400,-9238,-769
635,-6035,-223
538,-4533,204
263,-4269,145
3,-5152,85
334,-4250,40
382,-4573,96
279,-3841,-99
-404,-3088,-337
-567,-3429,-398
5,-4972,-126
186,-4535,78
-466,-6130,335
-514,-4784,178
-630,-4765,70
-669,-3427,231
-112,-3002,212
385,-2277,-58
9,-2784,239
-652,-3884,492
-854,-3634,633
-646,-3208,233
-36,-2603,-362
-20,-1841,-383
-343,-1425,52
-414,-2079,197
-272,-2438,203
164,-1841,-230
645,-1292,-315
726,-1419,-104
299,-2423,351
-109,-2648,693
-13,-2254,704
262,-1300,466
326,-762,-13
-196,-617,-75
-725,-663,-191
-868,-183,-768
-828,540,-1268
-507,337,-1197
-426,368,-185
-700,2174,315
-875,2678,647
-624,1889,639
-506,1587,449
-409,1254,167
-151,958,-411
308,940,-590
327,1647,-200
68,2118,264
122,2517,-107
-301,2539,-455
-487,2008,-373
90,2627,-181
442,3575,-10
292,5405,-215
127,3398,-130
16,2970,-331
-177,2575,-230
-44,3467,-142
170,3935,42
414,5584,-2
422,6222,71
392,5641,135
184,5480,76
122,5960,204
82,7080,165
-67,7300,219
96,5690,597
-93,5630,51
-197,4633,-144
-93,3754,35
119,4356,144
247,7907,320
-86,6554,839
76,6142,18
250,5662,-75
-89,5022,-149
-133,4923,23
101,6466,29
249,7332,-206
207,6343,-2
-62,5864,-229
-426,5704,-167
-201,5408,-82
288,5304,-91
58,3357,284
-156,3227,43
-52,4370,73
-12,4542,-13
125,4602,149
-83,5179,115
65,5518,-24
348,6762,42
990,8597,140
171,6543,67
66,5961,-58
228,5385,4
95,5840,-2
101,5799,-96
-571,6021,68
-167,5419,166
-772,5240,359
-91,4062,291
-149,4624,346
-284,5692,386
-179,6910,1109
-457,7318,919
-219,8122,983
-210,10124,866
-231,10623,897
-438,9730,552
-710,8902,557
-798,7498,138
-594,5363,147
-533,4846,138
-316,5650,121
-53,5357,193
-257,5417,152
-44,5180,90
355,4509,-18
57,4059,6
298,3646,256
-78,3406,196
-478,3644,-75
-874,3316,-369
-505,3479,-577
-201,2870,-350
67,2815,-217
-196,2050,-306
-158,1827,-505
-53,1510,-564
-26,1916,-461
209,1345,-149
15,1107,-82
128,1160,177
112,717,-135
253,1091,-406
272,690,-277
-31,370,54
-74,132,72
-17,-108,13
-43,-495,24
-337,-686,396
-353,-560,283
-428,-626,430
-542,-1000,473
-542,-1618,708
-502,-4589,1220
-1183,-11116,2069
-641,-11335,2306
-632,-5090,-404
-916,-4212,-183
-551,-4057,144
-363,-7138,-24
290,-12778,67
647,-14532,-186
271,-8143,-854
-473,-3591,234
-449,-2900,1001
-439,-4746,542
-461,-8063,313
-510,-9433,313
-694,-7355,-443
-318,-4972,-414
-5,-3727,354
131,-2806,1312
56,-2812,1545
-39,-3764,1073
114,-4805,751
197,-5086,415
74,-5496,270
-257,-6821,291
-371,-8117,592
-56,-10462,1042
-761,-11441,969
-1301,-12669,871
-1578,-9498,663
-885,-6927,127
-309,-5026,-139
-63,-3638,181
-38,-2533,340
-21,-1754,297
353,-1446,-29
590,-487,-239
516,10,-67
244,-67,133
-71,366,196
-248,1499,396
-128,1240,205
-310,834,-48
-757,491,57
-814,534,241
-548,393,220
-234,490,41
-7,464,-108
87,361,-253
91,679,-301
-43,377,-166
-295,-99,-128
-293,-301,-173
-144,-439,-368
-172,-58,-410
-310,-606,-437
-584,-503,-539
-536,-289,-524
-296,27,-540
-139,-125,-675
-162,-413,-836
-469,-550,-1064
-850,-561,-1128
-728,-910,-939
-463,-1285,-720
-195,-1426,-956
-120,60,-1489
-143,-66,-1741
-376,-138,-1877
-584,53,-1871
-474,459,-1495
-263,111,-1475
-506,-448,-1586
-757,-517,-1660
-792,-97,-2240
-666,588,-2720
-375,113,-2749
-309,-257,-2525
-266,-495,-2135
-368,-756,-1616
-518,-337,-1252
-592,-409,-1136
-694,-206,-1163
-582,80,-1540
-497,-267,-2044
-583,-484,-2249
-661,-535,-2115
-590,-6,-1867
-626,370,-1654
-666,694,-1426
-548,732,-1274
-449,507,-1166
-423,513,-1117
-385,635,-1249
-352,620,-1519
-385,828,-1550
-374,454,-1275
-474,415,-723
-455,427,-426
-202,712,-688
-73,577,-1037
-251,377,-1132
-403,122,-1106
-451,2,-797
-182,38,-479
62,176,-245
-22,362,-107
-198,124,-79
-264,-276,96
-112,-243,19
81,-411,-400
66,-248,-483
80,-60,-82
2,268,437
-74,190,563
-85,-144,308
-131,46,81
-34,179,-142
101,175,-254
187,235,-130
194,289,55
44,169,109
-160,194,65
-109,99,40
-80,141,120
-20,-43,-2
145,-25,-307
268,331,-554
318,706,-538
231,604,-213
-48,178,231
-98,-112,329
-39,-340,54
46,-322,-228
196,-213,-354
284,-177,-341
222,-164,-112
112,14,234
-40,-106,337
-123,-41,182
-95,13,68
1,111,23
45,140,-133
60,26,-229
-2,42,-37
-76,73,195
-92,-20,152
-37,-105,11
53,-281,-56
36,-143,25
-5,-326,188
-39,-346,254
-142,-153,118
-119,-73,-51
-49,140,-67
62,122,-31
103,182,15
38,41,148
-75,-236,41
-124,-145,-184
-41,64,-194
5,235,99
-34,222,303
-38,-136,161
-4,-187,-95
10,-196,-198
-57,53,-42
-99,75,135
-61,62,222
-56,-87,116
-63,-69,-38
8,9,-114
47,54,-142
64,34,-87
49,-42,6
5,-32,70
-30,-69,114
-33,-59,93
-20,-216,-85
-1,-96,-172
91,73,-117
69,134,140
-33,-67,182
-118,-99,52
-9,-45,-74
26,24,-99
0,10,-30
36,-138,-43
-13,-113,-45
-38,-32,-6
-34,-21,45
-26,9,5
5,5,-25
12,12,17
-26,-78,66
-58,-140,8
-41,-80,-26
17,-76,-40
6,-47,-56
-13,-95,-90
-34,-10,-15
-12,-137,16
-14,-43,57
27,10,158
38,-82,70
-37,-75,-132
-4,-47,-146
-42,7,22
-59,-20,143
15,13,125
69,-10,5
1,28,-115
-53,93,-98
-51,235,129
15,-24,243
-104,-92,218
-63,-65,41
-31,-3,-44
-15,-141,-96
-14,-310,-225
17,-352,-315
34,60,-213
22,-27,-37
-67,-85,38
-69,-30,103
-24,-53,103
-42,-7,20
-42,-92,-17
-59,30,76
-96,1,146
-148,-105,93
-78,-106,56
16,-71,0
43,-41,-114
34,-93,-182
38,-48,-86
57,1,-11
73,54,-116
89,68,-143
42,9,6
-29,-24,105
-30,13,192
-5,-24,161
-42,-43,-6
-41,-27,-157
-17,109,-132
-13,150,109
-50,8,211
-100,-100,38
-18,-84,-115
44,4,-191
25,77,-159
26,88,71
-46,12,256
-77,-167,70
-31,-91,-96
29,52,-35
-6,30,13
-38,-70,29
-32,-108,27
5,-34,24
-1,26,-70
19,43,-99
25,79,58
52,-32,130
-14,-146,-58
-2,-55,-221
103,34,-185
64,66,-72
-38,-8,92
-74,-65,211
-90,-80,117
-45,37,-103
48,68,-141
65,-30,-48
-28,-7,12
-52,73,40
-22,75,71
-48,39,24
4,-82,-103
-12,-170,-278
13,-199,-390
-8,-90,-194
-16,-171,97
-84,-194,224
-94,-215,77
-60,-13,-17
-16,204,156
27,94,208
0,-53,44
-22,-39,-102
-44,77,-45
-64,88,65
41,-72,-49
127,29,-160
87,109,-66
-49,23,73
-93,-162,-9
-54,-88,-87
48,24,-8
-24,35,18
-89,83,79
-38,23,184
-14,-102,-40
-40,-27,-339
65,80,-239
70,94,86
-33,-20,258
-19,-162,62
-12,-97,-186
-24,76,-137
-36,79,86
-59,-74,229
-45,-133,159
-45,-135,-76
-96,-7,-187
-15,97,-48
58,74,174
27,-35,191
-27,-35,-28
-37,71,-148
-17,102,-80
-8,62,23
