-18,56,149
-14,65,148
-13,49,139
-16,53,148
-8,59,135
-18,62,156
-15,51,144
-10,46,151
-14,53,143
-16,48,136
-6,59,149
-14,60,155
-8,51,151
-4,60,155
3,56,149
-16,53,143
-8,56,151
-21,43,157
-8,54,156
-6,51,154
0,55,157
-4,40,157
6,41,151
0,45,153
-1,31,156
-2,50,167
-10,49,163
0,35,160
0,40,153
2,40,160
4,27,157
3,31,158
3,34,163
-4,27,153
2,37,157
6,26,154
1,39,158
0,37,155
3,39,154
-3,36,151
8,39,163
4,37,172
4,37,164
4,37,157
1,36,161
9,32,164
0,40,157
4,35,162
-3,44,161
4,17,162
4,30,167
8,24,161
2,30,162
3,24,170
10,21,173
-7,27,167
-3,13,170
-16,12,169
-3,6,173
1,1,173
-3,-3,180
6,-3,168
-8,-11,182
0,-10,179
1,-13,175
-1,-29,163
-1,-18,173
4,-30,181
-4,-25,181
0,-37,172
3,-41,168
-4,-37,179
-6,-39,180
-1,-46,178
-14,-55,179
-7,-50,184
-4,-55,179
-12,-68,186
-15,-49,178
-10,-69,180
-1,-77,178
-13,-74,178
-6,-72,175
-13,-72,173
-20,-79,178
-23,-92,178
-26,-96,179
-20,-102,173
-23,-102,173
-26,-118,174
-30,-130,170
-36,-136,172
-38,-136,160
-38,-134,155
-37,-158,161
-48,-151,150
-52,-165,151
-53,-169,145
-56,-178,144
-61,-186,137
-58,-177,138
-62,-187,138
-53,-199,129
-44,-206,125
-53,-212,109
-59,-208,113
-48,-217,114
-59,-229,108
-50,-230,107
-58,-232,105
-52,-231,111
-46,-240,95
-61,-231,101
-53,-245,83
-56,-241,94
-53,-260,76
-66,-241,75
-64,-261,68
-61,-256,72
-60,-258,69
-62,-265,62
-64,-249,65
-58,-265,50
-58,-273,64
-69,-267,53
-72,-268,71
-69,-264,51
-64,-267,49
-72,-250,38
-78,-269,46
-79,-258,45
-88,-256,46
-83,-261,37
-85,-256,25
-100,-261,20
-104,-265,19
-108,-263,19
-105,-269,10
-111,-278,-4
-111,-265,-11
-124,-269,-22
-127,-264,-51
-116,-258,-66
-112,-269,-80
-113,-265,-81
-106,-268,-105
-100,-272,-108
-106,-265,-131
-88,-269,-151
-56,-274,-154
-38,-265,-167
-41,-263,-181
-30,-269,-192
6,-267,-185
12,-265,-193
10,-259,-192
20,-261,-197
39,-269,-197
42,-264,-192
53,-263,-186
58,-258,-184
71,-246,-175
66,-251,-187
77,-250,-184
88,-249,-170
88,-261,-178
89,-258,-164
98,-259,-180
99,-248,-160
98,-261,-158
92,-258,-167
98,-264,-147
106,-260,-157
112,-259,-151
101,-258,-157
111,-258,-153
112,-259,-156
112,-264,-154
111,-265,-145
106,-260,-160
113,-253,-160
111,-250,-150
105,-274,-154
100,-261,-163
98,-267,-163
79,-268,-164
76,-267,-173
65,-263,-179
54,-272,-175
23,-272,-170
14,-265,-181
4,-260,-181
2,-273,-179
-21,-268,-176
-33,-268,-162
-44,-274,-166
-50,-273,-153
-72,-278,-138
-77,-278,-133
-78,-272,-125
-90,-267,-106
-102,-287,-82
-101,-278,-76
-102,-282,-75
-102,-284,-60
-96,-286,-52
-98,-297,-44
-94,-296,-40
-99,-283,-23
-90,-289,-13
-84,-283,-9
-78,-289,3
-75,-286,4
-62,-288,19
-65,-286,26
-62,-273,23
-48,-288,33
-31,-280,43
-16,-291,38
-21,-280,40
-13,-277,49
8,-274,49
10,-287,41
16,-288,54
16,-278,52
48,-275,45
58,-286,40
58,-286,35
65,-268,38
85,-279,15
96,-283,16
95,-277,17
104,-270,2
129,-279,-17
122,-261,-13
121,-263,-28
131,-264,-32
127,-269,-44
146,-254,-70
147,-255,-86
142,-253,-112
130,-245,-143
135,-237,-160
123,-240,-164
118,-248,-179
100,-246,-192
119,-234,-190
92,-235,-200
94,-243,-193
108,-240,-203
105,-239,-192
113,-235,-191
117,-236,-185
111,-240,-186
118,-240,-164
125,-243,-172
127,-241,-161
128,-243,-167
122,-239,-163
140,-243,-150
141,-249,-147
145,-245,-124
158,-241,-115
159,-250,-90
151,-244,-70
158,-249,-29
157,-250,-9
144,-231,5
150,-253,16
129,-251,41
125,-248,54
107,-241,56
100,-246,65
82,-243,76
69,-234,89
69,-244,82
64,-244,99
44,-236,96
27,-239,94
16,-237,100
3,-234,111
-12,-237,112
-21,-227,114
-29,-232,109
-25,-234,103
-44,-236,113
-56,-221,101
-64,-229,99
-73,-231,101
-79,-220,88
-92,-220,83
-100,-221,75
-107,-221,82
-118,-232,66
-111,-225,69
-128,-225,59
-121,-212,57
-107,-218,70
-123,-217,64
-125,-212,71
-122,-206,72
-122,-216,75
-111,-217,81
-119,-201,87
-118,-212,83
-104,-205,98
-118,-199,98
-90,-213,101
-88,-196,106
-99,-184,112
-87,-184,117
-89,-182,121
-87,-187,117
-92,-169,131
-79,-187,136
-79,-159,133
-76,-158,142
-78,-158,147
-73,-145,142
-78,-153,154
-69,-140,151
-72,-129,150
-70,-126,150
-66,-125,156
-69,-117,158
-67,-91,162
-71,-97,156
-56,-92,158
-73,-97,158
-77,-75,162
-69,-74,163
-64,-72,163
-58,-63,162
-71,-69,156
-70,-53,169
-66,-49,161
-73,-46,154
-60,-48,169
-56,-49,166
-66,-34,158
-53,-22,162
-61,-21,151
-61,-24,166
-59,-21,161
-60,-15,160
-56,-6,163
-77,0,150
-62,-2,150
-70,0,157
-81,11,149
-76,13,149
-71,13,147
-72,25,148
-81,21,147
-78,13,149
-73,11,142
-70,15,150
-69,34,154
-66,13,147
-64,16,147
-67,17,157
-61,29,144
-61,18,149
-66,31,137
-62,27,145
-55,37,153
-62,35,143
-59,39,151
-66,24,144
-56,49,137
-62,48,141
-64,56,125
-59,67,132
-60,58,121
-65,75,117
-70,78,114
-66,79,115
-65,86,105
-62,91,105
-72,101,100
-75,108,93
-59,115,77
-66,122,75
-67,126,62
-64,125,63
-66,132,56
-54,132,46
-69,137,37
-60,146,31
-56,140,25
-60,154,14
-56,160,8
-56,158,13
-64,165,-5
-58,164,-16
-64,163,-22
-55,164,-35
-67,167,-43
-60,159,-64
-59,168,-72
-66,160,-89
-82,162,-95
-67,154,-95
-56,155,-99
-61,153,-111
-71,155,-120
-66,140,-115
-55,151,-117
-71,150,-125
-61,143,-135
-65,141,-136
-73,137,-132
-65,144,-145
-62,136,-143
-70,146,-143
-71,135,-142
-73,148,-151
-67,136,-148
-66,143,-149
-67,141,-153
-66,130,-154
-53,136,-155
-61,127,-151
-65,134,-153
-61,143,-154
-64,135,-154
-67,141,-157
-69,132,-154
-69,135,-142
-62,139,-148
-65,141,-148
-71,140,-151
-65,144,-153
-93,137,-120
-98,127,-111
-96,136,-86
-102,127,-89
-106,131,-66
-101,144,-52
-108,136,-40
-108,134,-19
-104,144,-7
-105,132,3
-89,131,4
-94,131,23
-72,136,38
-61,130,51
-58,129,50
-39,130,51
-29,126,66
-20,145,75
8,132,75
13,130,84
30,130,72
42,143,77
67,126,64
78,130,60
105,140,44
105,137,37
110,145,34
107,137,34
115,135,37
107,137,22
112,140,22
125,139,26
130,136,0
127,135,3
122,145,5
130,131,-7
129,127,-3
136,130,-15
141,137,-10
133,139,-11
139,145,-27
129,140,-44
136,127,-41
138,136,-50
140,141,-64
144,137,-63
147,144,-69
133,136,-74
131,135,-72
134,143,-84
127,143,-87
113,149,-76
134,137,-87
127,145,-80
125,146,-83
125,141,-76
125,136,-74
130,146,-74
124,140,-63
122,145,-65
133,136,-64
136,135,-56
135,131,-50
134,145,-41
129,150,-37
130,136,-23
130,136,-16
121,141,-4
107,137,13
112,127,22
101,146,33
98,140,22
88,132,51
75,141,62
61,140,65
50,139,64
26,139,62
24,146,64
7,136,66
7,141,76
-19,131,71
-43,131,69
-50,131,66
-65,124,45
-78,125,37
-81,110,34
-94,121,33
-98,132,20
-106,129,0
-108,129,-2
-121,141,-16
-124,135,-20
-113,126,-38
-121,136,-47
-116,131,-47
-119,130,-56
-113,134,-69
-107,135,-70
-112,130,-68
-107,143,-82
-110,127,-94
-95,130,-103
-98,137,-101
-96,141,-109
-85,140,-120
-98,135,-118
-95,127,-135
-77,139,-133
-70,131,-162
-62,136,-164
-60,129,-160
-58,129,-167
-46,134,-176
-39,132,-178
-31,136,-184
-9,129,-186
1,135,-192
18,132,-202
6,132,-194
18,127,-187
36,126,-188
47,127,-185
58,131,-186
64,145,-185
65,134,-169
65,146,-179
69,137,-173
67,144,-167
87,144,-160
88,145,-161
90,148,-151
88,145,-151
99,136,-143
105,137,-137
106,141,-131
105,140,-125
111,149,-107
111,146,-114
110,140,-108
122,145,-106
116,151,-112
119,140,-113
111,141,-117
117,143,-101
112,150,-115
110,150,-108
118,139,-107
115,148,-103
124,155,-99
118,146,-98
115,145,-99
111,149,-93
121,146,-83
119,148,-82
115,140,-82
124,135,-75
125,154,-78
121,146,-66
123,144,-83
118,154,-71
128,146,-69
123,149,-66
118,151,-62
131,150,-56
131,153,-63
124,143,-68
127,143,-72
119,153,-70
123,146,-71
127,145,-63
129,143,-65
127,148,-68
118,146,-81
127,150,-80
130,149,-93
123,144,-95
119,135,-118
122,148,-125
106,144,-145
83,148,-158
53,144,-167
42,143,-168
36,139,-179
25,143,-175
15,148,-170
3,143,-168
-10,135,-163
3,148,-163
-9,134,-160
-8,148,-166
-27,145,-161
-21,141,-155
-23,155,-154
-18,148,-170
-32,153,-158
-19,159,-143
-15,148,-149
-15,148,-144
-15,153,-149
-14,159,-133
-12,156,-145
-18,145,-130
-14,169,-138
-19,162,-121
-10,165,-115
-20,165,-113
-19,159,-114
-12,159,-109
-12,156,-93
-12,169,-95
-18,170,-84
-21,167,-86
-25,175,-70
-9,172,-71
-20,178,-56
-18,178,-51
-26,169,-40
-29,177,-38
-21,177,-33
-29,174,-23
-19,167,-11
-14,169,-7
-23,165,-8
-24,162,-2
-24,164,4
-31,156,9
-32,150,15
-26,167,16
-26,164,43
-26,151,50
-29,149,35
-23,150,37
-9,136,62
-26,134,59
-18,145,56
-13,135,65
-18,127,65
-13,125,82
-21,136,76
-27,127,87
-24,126,74
-15,122,77
-30,115,72
-32,115,82
-29,131,90
-23,115,89
-24,126,93
-26,118,95
-26,113,86
-20,107,94
-25,110,99
-32,99,101
-31,101,105
-33,103,109
-30,99,111
-30,94,106
-21,91,114
-30,97,125
-15,79,125
-24,88,121
-29,86,121
-38,73,121
-31,70,136
-36,70,133
-49,64,130
-49,49,127
-54,62,135
-56,54,135
-55,53,138
-77,32,153
-67,30,153
-71,24,139
-81,13,147
-94,2,145
-101,-15,145
-113,-20,148
-104,-25,143
-118,-35,148
-107,-39,139
-119,-36,137
-121,-50,136
-125,-53,136
-108,-50,141
-124,-54,149
-124,-64,142
-107,-64,142
-113,-73,150
-116,-83,143
-121,-83,141
-122,-87,125
-121,-88,141
-115,-102,149
-122,-97,135
-130,-98,145
-122,-107,137
-119,-102,142
-111,-96,148
-100,-120,149
-113,-111,153
-93,-122,142
-106,-129,138
-96,-113,148
-106,-131,145
-104,-129,148
-107,-130,142
-107,-122,139
-117,-127,137
-107,-130,132
-104,-126,138
-112,-130,132
-111,-134,129
-124,-125,142
-111,-139,131
-107,-140,127
-111,-131,124
-106,-144,141
-108,-136,143
-105,-137,144
-115,-143,132
-106,-134,145
-100,-148,154
-73,-135,154
-65,-136,162
-44,-135,178
-25,-137,175
-6,-127,182
-1,-137,178
1,-135,175
29,-139,167
36,-139,179
36,-134,169
54,-132,166
84,-134,155
99,-136,157
106,-141,150
112,-130,137
169,-139,107
179,-129,95
186,-131,76
199,-140,58
230,-126,35
225,-129,11
233,-135,5
244,-139,-26
236,-130,-58
233,-127,-80
244,-134,-81
233,-127,-101
217,-136,-136
214,-130,-151
210,-134,-164
205,-141,-176
181,-136,-198
184,-141,-217
156,-135,-245
139,-137,-254
115,-143,-268
102,-140,-278
88,-135,-278
66,-137,-280
43,-131,-286
26,-149,-282
10,-148,-292
3,-132,-292
-14,-144,-284
-33,-149,-284
-32,-163,-276
-42,-150,-285
-76,-148,-264
-81,-143,-256
-99,-156,-251
-112,-150,-254
-128,-144,-236
-138,-141,-224
-138,-144,-222
-158,-145,-213
-165,-145,-192
-175,-160,-185
-174,-146,-176
-186,-146,-169
-185,-150,-139
-190,-148,-130
-190,-153,-118
-202,-153,-115
-210,-141,-90
-204,-160,-89
-213,-164,-62
-204,-155,-70
-207,-150,-51
-209,-165,-37
-204,-158,-34
-211,-163,-22
-197,-165,-8
-201,-149,4
-198,-151,4
-205,-154,-2
-197,-150,1
-201,-151,2
-203,-146,4
-207,-160,1
-202,-153,-3
-203,-156,-2
-204,-158,-17
-204,-148,-17
-209,-153,-44
-213,-141,-54
-211,-145,-58
-215,-149,-64
-211,-140,-106
-198,-139,-114
-207,-140,-125
-204,-137,-135
-203,-136,-141
-194,-148,-147
-190,-143,-154
-196,-139,-176
-175,-145,-204
-152,-136,-224
-129,-145,-242
-112,-137,-249
-81,-143,-271
-67,-129,-274
-42,-140,-288
-38,-129,-284
-13,-135,-290
14,-134,-291
32,-130,-290
38,-134,-291
88,-127,-285
113,-134,-265
162,-131,-241
194,-130,-209
232,-126,-138
240,-125,-94
242,-126,-71
243,-107,-51
222,-131,21
211,-115,44
188,-131,78
176,-113,95
157,-116,121
146,-122,125
128,-116,150
127,-117,147
92,-113,172
61,-112,168
50,-124,172
39,-115,175
2,-113,181
-14,-116,179
-42,-112,182
-50,-106,162
-66,-120,161
-76,-117,158
-84,-124,153
-92,-129,145
-116,-113,129
-127,-122,132
-136,-115,125
-142,-111,119
-155,-124,107
-163,-127,92
-180,-120,77
-175,-127,80
-182,-122,75
-176,-124,66
-187,-122,63
-173,-122,77
-185,-125,63
-186,-118,64
-179,-129,64
-185,-112,68
-186,-118,64
-175,-120,60
-184,-121,66
-187,-125,56
-175,-120,63
-174,-124,66
-178,-122,72
-175,-122,70
-174,-126,83
-175,-110,84
-180,-120,77
-168,-112,94
-171,-108,90
-179,-118,86
-168,-112,87
-161,-105,80
-170,-102,94
-171,-108,102
-168,-102,84
-165,-94,99
-178,-87,84
-168,-79,94
-175,-89,92
-171,-83,90
-180,-79,80
-174,-75,95
-168,-56,94
-173,-56,94
-174,-43,95
-162,-30,93
-164,-37,95
-158,-21,101
-144,-16,99
-150,-5,98
-144,-1,118
-139,-1,118
-125,10,119
-123,15,114
-116,20,121
-88,21,118
-72,32,136
-46,40,153
-52,36,142
-46,45,150
-43,50,143
-33,53,150
-21,50,148
-7,60,148
2,53,145
4,58,148
-2,58,143
4,50,143
-13,67,149
-10,59,135
-1,56,139
2,58,136
7,53,148
18,62,139
23,54,142
31,53,143
38,55,143
36,35,143
53,40,141
42,39,137
56,29,144
67,40,145
65,40,150
66,31,151
78,18,139
78,29,147
81,24,144
75,20,141
84,25,143
81,29,142
92,12,143
93,18,144
115,6,144
106,17,143
102,8,135
104,22,141
98,3,149
112,6,135
117,3,137
112,1,147
111,2,150
112,1,144
111,-5,136
107,-1,142
99,-10,136
100,-1,149
90,1,147
83,-3,149
93,-3,149
83,1,151
88,1,161
101,-2,145
101,-7,150
101,-10,153
95,-6,144
93,-6,142
111,-5,141
118,-5,143
105,-8,149
102,-13,137
115,1,135
104,-5,143
102,-6,144
100,1,147
102,-6,147
100,-6,144
90,-6,156
79,-2,148
72,-2,155
58,0,162
33,0,160
24,-2,169
-19,5,148
-25,11,156
-42,3,156
-52,8,154
-84,15,141
-108,15,121
-118,7,114
-140,20,88
-161,26,58
-169,22,52
-169,20,45
-184,25,31
-191,7,16
-193,10,4
-193,25,-9
-196,25,-31
-196,17,-38
-190,21,-49
-196,27,-59
-194,29,-60
-190,41,-80
-188,35,-86
-182,41,-89
-179,20,-86
-182,31,-94
-190,21,-103
-185,24,-108
-187,31,-108
-191,17,-114
-185,26,-111
-176,20,-109
-188,25,-117
-191,27,-109
-194,21,-106
-190,26,-106
-186,22,-114
-185,18,-120
-176,10,-119
-187,31,-125
-184,25,-126
-181,12,-143
-167,17,-143
-173,11,-151
-174,0,-164
-168,13,-166
-168,6,-168
-165,-1,-168
-165,11,-178
-158,13,-185
-151,11,-180
-157,5,-188
-141,11,-192
-155,12,-191
-153,16,-194
-133,12,-196
-134,6,-204
-133,0,-217
-130,2,-229
-133,-2,-229
-133,-7,-217
-119,-1,-223
-113,2,-229
-115,1,-230
-115,3,-230
-106,0,-231
-113,10,-239
-112,-1,-237
-113,7,-243
-104,-5,-236
-115,1,-245
-108,-5,-243
-108,0,-236
-105,-6,-228
-125,-2,-236
-110,1,-218
-130,0,-234
-130,5,-217
-127,-3,-223
-142,5,-205
-148,8,-192
-147,-2,-186
-157,2,-184
-164,7,-169
-167,7,-162
-169,10,-136
-179,7,-148
-181,25,-141
-182,6,-127
-194,18,-108
-194,26,-99
-187,31,-89
-198,25,-76
-185,39,-46
-181,32,-33
-186,40,-14
-176,37,-4
-168,36,10
-178,36,27
-171,37,28
-163,41,46
-144,46,63
-128,45,66
-133,35,71
-121,53,90
-102,46,106
-99,45,114
-84,32,119
-65,32,124
-43,45,143
-24,45,136
-10,44,149
13,51,149
44,39,154
52,31,147
69,36,135
70,43,138
96,43,131
112,46,115
125,53,100
152,40,100
170,46,72
178,41,60
199,46,41
193,40,23
209,31,-5
210,37,-9
210,45,-26
217,50,-35
214,36,-56
209,49,-77
203,43,-86
199,51,-89
196,43,-133
190,49,-144
188,50,-164
175,56,-180
155,55,-203
139,44,-211
127,49,-218
117,56,-228
85,51,-249
75,45,-253
66,41,-249
53,37,-265
31,35,-262
16,37,-255
-2,30,-262
-4,22,-272
-19,32,-262
-36,25,-251
-29,27,-253
-32,31,-264
-55,25,-255
-65,27,-255
-64,29,-259
-76,31,-249
-102,16,-237
-108,17,-227
-121,15,-222
-117,18,-225
-128,22,-222
-130,12,-193
-140,10,-198
-139,16,-194
-150,2,-196
-148,-3,-187
-144,8,-199
-146,11,-185
-150,0,-191
-159,5,-188
-141,16,-187
-146,3,-199
-136,3,-216
-111,5,-224
-115,3,-230
-113,10,-248
-81,8,-245
-61,1,-261
-61,6,-261
-41,10,-274
-2,10,-262
8,3,-261
32,11,-273
46,12,-274
94,22,-255
110,-1,-256
139,21,-230
176,12,-200
208,25,-124
221,34,-84
217,27,-26
203,43,31
150,40,100
118,32,114
111,37,124
102,46,139
87,40,136
84,37,148
72,40,141
76,44,142
79,40,150
79,32,145
70,32,141
83,31,142
89,45,138
85,29,135
90,31,132
84,35,141
77,32,136
87,37,143
79,30,141
85,34,142
75,30,143
70,40,143
70,37,148
76,39,142
67,43,141
70,40,136
83,34,137
79,43,129
90,49,123
85,49,137
85,56,130
79,63,126
77,58,131
77,45,133
71,59,127
76,62,132
61,72,118
60,65,119
65,73,121
59,74,115
44,67,118
48,70,124
23,69,127
37,74,132
32,64,125
18,64,137
21,68,133
6,77,137
-1,69,135
-4,60,136
0,68,133
-4,75,148
-31,53,136
-30,59,137
-36,63,138
-33,60,136
-43,63,129
-50,60,133
-44,59,135
-55,65,133
-46,53,126
-62,50,133
-53,55,129
-59,46,135
-62,55,133
-58,48,133
-62,60,124
-60,53,131
-64,49,135
-66,44,139
-62,48,136
-76,46,127
-75,48,126
-72,45,131
-79,50,133
-83,51,127
-94,37,121
-96,37,121
-85,34,125
-95,34,120
-106,40,117
-115,34,113
-121,27,95
-131,29,103
-162,27,66
-165,34,63
-181,27,43
-168,31,34
-188,25,-2
-198,22,-11
-199,29,-25
-196,12,-45
-198,10,-88
-203,12,-88
-196,12,-117
-182,11,-139
-171,5,-167
-159,5,-188
-147,-2,-205
-136,-6,-225
-106,-15,-248
-93,-11,-264
-70,-12,-270
-77,-12,-274
-37,-21,-278
-29,-20,-272
-20,-29,-285
-10,-18,-285
14,-20,-284
1,-13,-292
20,-13,-278
27,-11,-295
47,-16,-280
49,-16,-280
54,-21,-276
66,-21,-292
67,-22,-277
89,-17,-282
96,-25,-282
106,-25,-282
121,-27,-255
122,-18,-264
123,-32,-255
127,-21,-261
144,-18,-240
141,-13,-247
140,-25,-246
135,-20,-243
148,-21,-245
156,-24,-240
156,-31,-249
161,-24,-237
152,-27,-248
148,-21,-233
133,-22,-253
131,-26,-247
125,-37,-260
119,-26,-266
108,-30,-265
95,-26,-276
44,-13,-292
19,-10,-284
-3,-8,-285
-16,-17,-272
-44,-13,-271
-59,-8,-264
-70,-2,-255
-89,7,-246
-128,12,-212
-155,7,-205
-161,21,-175
-168,24,-170
-173,16,-142
-179,27,-141
-187,41,-115
-181,30,-93
-190,31,-56
-190,31,-39
-190,31,-25
-192,31,-8
-185,44,13
-175,39,29
-167,37,40
-156,36,51
-147,30,69
-144,36,77
-134,34,80
-129,31,106
-94,27,112
-94,35,112
-92,35,141
-75,32,136
-49,21,154
-38,22,148
-29,22,155
2,25,164
54,21,154
60,20,162
71,18,158
78,18,156
75,22,157
76,13,154
64,13,147
66,21,158
70,12,145
70,20,143
69,21,161
65,22,150
66,18,147
67,22,148
69,26,163
61,18,151
67,22,162
67,20,157
62,10,157
55,17,162
58,15,162
53,22,164
55,30,162
62,27,164
43,25,157
47,24,163
48,7,167
32,18,170
25,8,168
29,12,164
36,12,169
19,20,174
9,7,181
-3,-6,175
4,-10,176
-3,-11,175
1,-21,178
-8,-34,178
-12,-32,181
-27,-34,182
-16,-50,181
-27,-51,190
-25,-59,182
-37,-62,178
-31,-70,181
-30,-79,173
-36,-81,167
-29,-73,181
-24,-91,174
-24,-86,181
-16,-91,179
-23,-102,178
-23,-115,178
-7,-121,172
-9,-111,176
0,-124,188
23,-127,190
15,-122,180
27,-132,178
35,-132,182
27,-132,166
36,-131,179
46,-134,164
54,-127,175
54,-132,170
55,-131,172
59,-120,170
47,-132,166
48,-126,167
52,-130,166
56,-125,173
64,-117,161
60,-121,169
56,-125,166
58,-129,162
59,-127,170
58,-124,174
54,-120,173
42,-117,173
42,-115,158
49,-125,166
42,-122,175
47,-122,163
38,-129,164
48,-121,164
29,-126,169
35,-125,175
39,-130,168
33,-121,172
29,-118,172
30,-127,173
23,-130,180
23,-127,173
25,-132,168
35,-132,168
25,-127,178
19,-136,162
29,-136,160
30,-127,166
32,-125,163
29,-129,164
30,-145,161
27,-137,166
30,-130,166
18,-137,173
25,-132,170
26,-136,172
27,-127,161
30,-140,163
29,-139,169
35,-140,166
29,-144,169
27,-137,161
31,-141,162
33,-144,153
27,-135,168
37,-148,168
31,-149,160
38,-146,160
38,-144,160
27,-143,163
38,-146,162
39,-153,168
41,-141,157
46,-139,164
47,-148,151
49,-148,163
59,-145,154
62,-146,153
52,-143,156
73,-140,154
56,-143,154
71,-145,154
77,-141,148
85,-140,139
96,-131,138
121,-129,136
135,-136,126
141,-125,115
152,-131,109
171,-134,109
185,-127,77
198,-131,69
211,-132,44
238,-120,-51
234,-126,-66
231,-127,-87
236,-122,-92
222,-134,-138
209,-120,-166
184,-121,-193
165,-120,-225
90,-120,-271
79,-131,-272
62,-126,-291
31,-131,-286
-8,-120,-280
-29,-131,-277
-47,-132,-276
-52,-135,-271
-87,-129,-270
-89,-139,-267
-96,-131,-260
-100,-120,-252
-123,-124,-236
-138,-136,-229
-147,-129,-224
-150,-136,-224
-157,-126,-222
-155,-124,-212
-159,-131,-198
-164,-121,-200
-164,-116,-186
-176,-129,-188
-169,-139,-176
-176,-116,-186
-174,-136,-184
-187,-130,-175
-186,-124,-169
-180,-115,-175
-181,-124,-179
-174,-121,-174
-182,-120,-182
-179,-126,-181
-176,-121,-181
-184,-126,-188
-171,-116,-188
-169,-116,-198
-162,-126,-191
-169,-111,-191
-168,-122,-194
-163,-120,-199
-156,-125,-209
-163,-127,-206
-159,-113,-205
-146,-127,-202
-152,-124,-217
-159,-126,-210
-156,-130,-211
-144,-127,-209
-148,-122,-213
-161,-130,-213
-153,-117,-223
-147,-126,-215
-146,-122,-213
-146,-122,-216
-148,-125,-211
-146,-120,-221
-134,-125,-235
-118,-126,-241
-122,-127,-252
-107,-120,-252
-89,-126,-255
-76,-122,-266
-71,-127,-276
-59,-115,-271
-23,-135,-283
-12,-129,-284
20,-153,-288
46,-139,-284
108,-146,-260
144,-140,-233
176,-139,-217
197,-132,-187
217,-126,-143
230,-136,-114
221,-143,-103
225,-131,-83
227,-136,-11
211,-132,32
201,-126,64
182,-122,89
164,-124,109
146,-125,123
129,-125,132
127,-127,132
73,-120,151
58,-113,179
29,-113,164
1,-107,173
-48,-126,174
-60,-103,157
-83,-115,147
-102,-112,144
-128,-106,114
-135,-121,98
-161,-120,87
-156,-117,82
-174,-118,71
-182,-127,70
-182,-117,60
-187,-120,51
-201,-116,28
-194,-127,17
-211,-132,13
-201,-126,-7
-207,-135,-44
-216,-132,-68
-207,-127,-87
-205,-136,-109
-208,-136,-136
-199,-140,-132
-196,-144,-162
-191,-139,-157
-167,-146,-188
-161,-143,-206
-145,-149,-227
-133,-156,-229
-122,-158,-240
-112,-153,-247
-99,-149,-243
-88,-168,-256
-66,-155,-256
-64,-163,-273
-47,-175,-259
-46,-167,-267
-14,-172,-262
-12,-169,-272
-14,-164,-270
-2,-169,-274
-2,-182,-274
4,-179,-267
-12,-184,-270
1,-165,-283
10,-173,-271
1,-175,-271
8,-170,-268
16,-167,-279
25,-175,-266
21,-172,-265
26,-187,-260
31,-187,-267
42,-173,-264
46,-187,-267
43,-172,-258
48,-189,-260
54,-175,-266
61,-186,-256
82,-187,-265
77,-192,-255
89,-184,-251
88,-183,-240
92,-197,-243
93,-186,-247
118,-189,-239
119,-198,-225
113,-197,-231
125,-189,-224
136,-206,-230
125,-182,-222
123,-197,-210
135,-179,-224
123,-202,-210
139,-193,-211
123,-202,-219
136,-193,-216
135,-197,-215
146,-188,-211
135,-197,-219
135,-202,-212
142,-187,-217
134,-201,-213
136,-180,-221
139,-188,-225
138,-179,-222
116,-187,-231
112,-193,-240
111,-182,-248
78,-170,-268
72,-167,-267
53,-156,-272
31,-159,-284
-18,-148,-273
-59,-145,-273
-70,-151,-260
-93,-150,-254
-123,-146,-234
-139,-137,-218
-146,-143,-209
-168,-137,-202
-182,-130,-161
-202,-135,-149
-202,-112,-130
-210,-129,-117
-203,-124,-95
-214,-115,-75
-216,-117,-56
-205,-111,-33
-203,-111,-7
-210,-111,11
-208,-118,23
-203,-108,19
-197,-102,46
-192,-112,41
-191,-106,54
-178,-107,68
-164,-106,105
-136,-120,120
-115,-105,127
-113,-101,143
-85,-105,161
-77,-98,162
-60,-106,160
-41,-91,169
16,-101,174
18,-102,182
41,-96,181
52,-92,170
76,-99,173
85,-99,163
92,-98,164
113,-101,141
122,-97,144
138,-98,141
135,-96,141
135,-88,136
144,-99,127
145,-106,131
145,-106,121
146,-89,132
146,-110,130
150,-101,131
152,-93,126
151,-97,125
140,-101,131
142,-106,141
140,-101,131
125,-98,124
128,-96,138
116,-106,141
122,-110,149
111,-98,138
115,-110,156
118,-113,145
117,-110,144
108,-106,153
110,-107,147
102,-105,147
99,-106,155
94,-106,153
90,-97,158
90,-99,154
96,-113,155
85,-105,166
88,-102,158
84,-98,155
92,-108,162
104,-98,162
101,-113,155
102,-107,144
95,-107,158
99,-98,164
88,-107,161
77,-106,148
89,-111,157
88,-120,163
72,-113,169
78,-115,156
78,-105,163
66,-97,163
75,-111,160
81,-112,151
65,-108,174
76,-122,175
60,-108,160
61,-115,175
50,-108,169
54,-102,170
56,-117,170
47,-99,170
48,-106,172
39,-105,175
44,-107,168
32,-102,168
33,-103,174
33,-108,176
30,-99,185
30,-99,166
21,-106,167
30,-87,185
30,-89,175
23,-97,180
18,-94,175
16,-98,181
15,-99,173
6,-99,178
6,-97,173
8,-97,182
7,-86,181
6,-79,185
0,-93,181
-3,-89,175
-13,-82,178
-21,-83,169
-12,-78,167
-26,-75,179
-30,-64,175
-31,-58,169
-31,-53,179
-49,-54,173
-61,-54,173
-58,-55,164
-61,-49,170
-59,-44,163
-69,-39,168
-75,-37,162
-77,-32,167
-71,-44,166
-76,-26,163
-75,-27,160
-75,-30,160
-66,-31,161
-69,-26,154
-76,-18,154
-75,-12,162
-76,-18,151
-79,-10,157
-77,-20,164
-75,-12,148
-76,-8,151
-76,-1,144
-82,-7,143
-76,3,156
-67,-7,148
-61,13,154
-71,-1,161
-61,3,158
-56,11,154
-49,1,151
-60,5,157
-47,16,161
-41,15,148
-56,11,161
-50,12,160
-52,13,149
-48,15,157
-41,15,153
-39,18,161
-47,18,166
-44,11,161
-55,12,157
-35,21,154
-43,17,150
-55,12,155
-37,11,158
-49,11,151
-48,12,164
-49,8,149
-54,6,156
-47,3,156
-43,-5,160
-44,-8,158
-48,-15,157
-60,0,169
-44,-21,168
-52,-26,168
-49,-34,175
-50,-43,172
-50,-50,176
-47,-62,170
-48,-68,176
-36,-78,172
-31,-86,172
-43,-88,169
-39,-107,161
-42,-112,158
-43,-116,160
-53,-121,167
-29,-131,160
-39,-137,175
-32,-150,156
-33,-151,157
-33,-167,157
-35,-168,151
-38,-172,150
-44,-170,142
-52,-193,139
-44,-191,137
-69,-188,130
-79,-194,119
-100,-201,101
-105,-224,80
-110,-213,80
-106,-220,71
-117,-226,41
-121,-240,45
-128,-243,16
-127,-234,10
-125,-248,2
-125,-250,-4
-122,-256,-13
-124,-259,-13
-122,-256,-17
-118,-260,-35
-127,-256,-34
-119,-267,-53
-113,-263,-71
-110,-264,-87
-121,-265,-90
-105,-267,-108
-100,-261,-125
-89,-270,-131
-98,-274,-144
-82,-263,-143
-61,-259,-158
-42,-264,-168
-37,-264,-173
-38,-273,-174
-30,-269,-175
-20,-267,-178
-3,-267,-180
-9,-283,-186
4,-268,-169
13,-274,-173
3,-282,-173
21,-268,-179
41,-286,-169
54,-274,-166
64,-277,-170
65,-278,-155
79,-288,-136
85,-279,-127
96,-286,-138
101,-286,-124
101,-278,-119
100,-277,-103
101,-268,-107
95,-274,-99
110,-289,-94
107,-272,-87
98,-279,-80
99,-291,-86
100,-267,-65
102,-279,-63
106,-283,-66
110,-279,-63
110,-282,-68
106,-280,-74
111,-278,-54
101,-283,-62
107,-284,-63
115,-277,-70
112,-282,-63
107,-289,-72
105,-284,-89
96,-280,-100
95,-284,-92
100,-279,-103
89,-288,-119
75,-288,-121
56,-279,-139
53,-275,-141
29,-283,-162
20,-287,-163
7,-273,-167
14,-280,-172
-7,-280,-157
-19,-268,-172
-24,-280,-164
-32,-279,-161
-56,-274,-144
-62,-288,-150
-82,-283,-129
-83,-282,-118
-102,-277,-108
-99,-283,-90
-102,-284,-89
-95,-274,-65
-98,-279,-56
-110,-282,-44
-105,-277,-34
-107,-282,-41
-99,-270,-14
-85,-282,-10
-90,-287,-3
-77,-270,11
-76,-277,25
-72,-283,26
-56,-282,32
-50,-288,23
-41,-286,47
-29,-286,47
-25,-279,46
-19,-275,52
3,-279,58
21,-273,52
23,-282,63
31,-278,59
44,-272,46
52,-269,49
71,-277,27
88,-269,32
83,-279,22
90,-277,15
107,-277,8
107,-277,-1
116,-268,-19
124,-272,-22
128,-273,-33
121,-270,-45
131,-279,-58
127,-272,-65
129,-269,-80
119,-256,-77
125,-260,-98
121,-270,-102
125,-265,-119
112,-272,-118
122,-261,-135
119,-261,-142
104,-268,-145
100,-256,-158
106,-258,-160
99,-255,-179
93,-259,-175
92,-258,-176
77,-258,-188
76,-259,-190
56,-259,-202
71,-256,-194
55,-243,-188
54,-251,-185
52,-261,-192
54,-264,-199
65,-258,-186
64,-256,-192
78,-259,-182
71,-256,-192
77,-253,-181
71,-249,-190
77,-260,-188
78,-246,-194
93,-249,-185
96,-248,-186
89,-245,-181
98,-246,-173
112,-256,-170
122,-259,-154
125,-253,-145
141,-251,-113
162,-243,-54
155,-250,-9
152,-250,21
133,-245,38
125,-235,52
117,-234,70
93,-226,84
75,-222,95
37,-226,108
16,-240,119
9,-225,117
15,-218,123
3,-216,130
-3,-206,123
-4,-212,121
-2,-210,124
-2,-207,126
-3,-208,132
-10,-213,137
-3,-206,135
-8,-180,137
-15,-193,147
-15,-186,144
0,-182,141
-13,-175,144
-20,-170,158
-2,-174,148
3,-165,161
-2,-154,181
-3,-143,158
3,-130,161
9,-121,172
14,-98,169
20,-102,175
20,-105,168
16,-101,167
9,-88,167
9,-75,172
18,-69,175
16,-60,157
27,-51,170
35,-51,168
31,-53,172
35,-49,170
35,-34,170
36,-43,164
41,-32,162
41,-37,167
27,-29,163
25,-26,166
26,-22,169
24,-25,164
42,-8,168
39,-3,168
35,-6,166
44,-1,170
39,3,168
46,10,157
46,10,167
52,6,158
49,3,163
49,-3,156
41,15,155
33,15,160
35,8,163
38,12,157
43,10,157
41,12,157
33,12,157
33,5,162
16,12,148
10,18,170
-15,16,151
-38,27,148
-66,24,144
-100,34,123
-141,34,87
-155,40,59
-164,43,43
-170,34,20
-185,39,-29
-184,53,-50
-186,40,-64
-188,32,-83
-174,45,-109
-175,44,-120
-170,44,-147
-162,45,-164
-153,34,-166
-156,36,-154
-151,34,-166
-140,37,-176
-156,34,-182
-148,24,-192
-136,31,-197
-138,30,-207
-121,15,-215
-119,21,-223
-104,25,-231
-105,16,-230
-82,15,-241
-75,25,-243
-87,25,-251
-77,15,-253
-65,7,-260
-61,6,-264
-55,7,-258
-56,8,-254
-43,0,-262
-64,-3,-273
-43,0,-267
-42,3,-266
-27,-6,-271
-32,-11,-271
-26,-5,-272
-23,3,-271
-27,-6,-271
-18,-11,-276
-16,-7,-284
-13,1,-276
-9,-2,-272
-18,-3,-283
-14,-5,-277
-2,-2,-282
-2,0,-274
-16,0,-279
-12,-7,-274
-16,-5,-270
-21,2,-274
-23,-6,-271
-21,-7,-267
-23,-6,-283
-16,-5,-274
-26,-10,-274
-21,-5,-277
-20,-1,-273
-16,-2,-265
-30,-1,-273
-27,-3,-271
-35,8,-273
-36,0,-270
-43,-7,-270
-38,0,-265
-49,6,-261
-55,0,-270
-52,8,-268
-65,10,-265
-71,11,-256
-90,6,-237
-105,18,-230
-110,11,-225
-116,20,-239
-145,20,-203
-150,15,-191
-156,39,-170
-159,32,-145
-178,26,-142
-176,35,-126
-179,37,-105
-175,41,-92
-178,36,-80
-178,29,-75
-171,43,-69
-180,46,-49
-178,59,1
-171,53,4
-164,48,19
-142,58,38
-116,60,74
-84,65,90
-67,55,112
-53,68,112
-12,60,133
-7,55,141
3,64,139
19,58,141
41,58,143
72,53,131
79,55,129
96,43,117
141,44,99
159,37,76
175,46,65
176,37,47
204,46,27
197,44,3
216,36,1
207,46,-20
215,35,-57
227,25,-64
216,36,-87
215,37,-90
201,20,-124
207,24,-149
181,30,-167
171,27,-176
158,29,-202
148,24,-223
147,17,-222
134,11,-228
118,25,-246
116,20,-248
92,22,-258
72,17,-265
49,18,-266
18,21,-278
-2,17,-284
-21,10,-272
-58,12,-262
-85,11,-252
-112,1,-237
-130,0,-215
-151,-3,-185
-179,-12,-138
-193,-15,-107
-204,-11,-75
-198,-12,-28
-188,-10,0
-186,-15,19
-184,-10,45
-163,-3,63
-167,-20,76
-162,-10,69
-156,-18,82
-135,-15,105
-127,-3,106
-117,-13,118
-118,-15,121
-105,-13,123
-83,-21,130
-92,-5,131
-94,-5,138
-83,-6,149
-77,-2,148
-81,-6,137
-59,-1,144
-55,2,145
-52,6,142
-46,0,153
-52,13,151
-32,13,144
-39,24,149
-44,18,151
-26,15,153
-35,29,147
-24,30,143
-18,29,151
-21,30,150
-12,25,148
-15,26,149
-19,22,150
-15,36,156
-10,18,149
-16,12,141
-15,16,156
-13,16,144
-25,29,156
-30,24,151
-33,10,150
-41,15,153
-70,12,141
-85,11,125
-99,12,133
-116,7,109
-129,3,82
-158,-1,72
-174,5,57
-174,2,45
-180,11,5
-188,2,-2
-193,7,-9
-193,5,-26
-207,6,-72
-198,5,-95
-199,1,-92
-184,10,-102
-187,3,-135
-184,10,-138
-173,6,-166
-157,5,-179
-151,6,-185
-146,1,-206
-129,-3,-209
-131,-1,-223
-105,6,-240
-96,2,-246
-71,1,-247
-72,12,-260
-46,15,-260
-33,12,-267
-18,29,-271
-14,32,-260
24,20,-262
31,25,-260
56,41,-261
52,39,-252
65,37,-251
76,51,-247
66,56,-242
71,59,-240
87,68,-229
90,72,-223
101,78,-212
100,82,-211
104,103,-200
110,94,-185
118,98,-191
108,103,-186
105,107,-187
76,115,-187
58,108,-205
41,98,-203
13,92,-213
0,106,-217
6,102,-199
-4,118,-212
3,112,-204
2,124,-196
0,118,-198
6,107,-190
-1,120,-197
4,116,-196
-1,120,-187
-1,120,-197
-8,130,-185
-10,122,-194
-15,120,-182
-20,115,-185
-21,139,-162
-9,146,-155
-31,149,-155
-23,137,-154
-26,149,-126
-35,145,-127
-32,148,-125
-32,153,-118
-27,160,-111
-27,155,-111
-19,159,-95
-33,167,-98
-39,165,-68
-42,170,-80
-32,158,-68
-54,165,-60
-50,156,-45
-53,156,-40
-58,154,-33
-54,148,-25
-67,146,-9
-61,155,-5
-60,149,-2
-70,139,4
-75,139,19
-79,139,23
-72,136,31
-67,139,43
-73,117,44
-82,118,57
-81,122,53
-85,107,65
-93,102,82
-95,94,80
-89,96,86
-101,86,88
-105,74,92
-108,73,102
-107,64,103
-105,56,82
-122,46,103
-124,39,111
-118,37,107
-118,37,112
-115,24,123
-119,21,120
-122,11,120
-125,10,121
-117,11,123
-121,-2,124
-125,-7,133
-122,-13,135
-111,-27,141
-119,-16,135
-121,-22,141
-107,-39,135
-106,-43,145
-110,-49,147
-118,-45,150
-111,-53,155
-111,-60,157
-115,-54,149
-127,-62,154
-121,-75,145
-119,-77,137
-123,-88,138
-106,-81,148
-115,-87,149
-124,-97,142
-118,-98,141
-118,-103,148
-115,-105,149
-122,-115,130
-122,-125,130
-118,-134,145
-111,-131,138
-118,-144,131
-121,-144,136
-99,-139,131
-108,-141,145
-104,-146,138
-99,-149,143
-107,-140,142
-110,-143,144
-111,-149,131
-113,-146,136
-107,-150,130
-128,-156,133
-110,-145,125
-118,-144,114
-142,-146,131
-134,-155,127
-136,-150,115
-128,-154,107
-136,-148,118
-146,-143,108
-157,-141,90
-164,-149,81
-163,-155,77
-170,-145,63
-182,-150,49
-186,-151,33
-196,-156,31
-196,-151,11
-202,-150,-32
-209,-158,-49
-203,-146,-78
-196,-162,-93
-196,-159,-133
-182,-160,-158
-174,-149,-184
-158,-160,-199
-88,-148,-256
-73,-153,-280
-43,-162,-277
-30,-165,-283
-7,-159,-296
15,-150,-290
38,-156,-279
49,-158,-273
79,-154,-277
79,-162,-274
84,-164,-267
106,-159,-262
130,-169,-246
148,-160,-233
164,-156,-224
175,-150,-218
187,-150,-192
190,-145,-190
204,-148,-182
198,-134,-176
208,-144,-157
225,-144,-141
222,-141,-131
226,-140,-120
230,-141,-112
233,-135,-96
245,-140,-94
233,-135,-103
228,-145,-82
227,-134,-76
234,-136,-66
239,-141,-59
232,-134,-31
238,-135,-29
236,-135,-27
230,-124,-9
234,-131,-9
237,-121,-11
232,-131,-21
228,-137,-22
237,-151,-19
231,-148,-29
228,-140,-32
228,-140,-49
234,-136,-54
227,-134,-59
237,-139,-66
243,-148,-80
238,-148,-87
234,-139,-90
238,-145,-87
233,-145,-101
227,-146,-109
230,-144,-119
221,-150,-132
219,-143,-147
204,-148,-182
199,-148,-190
191,-146,-188
179,-149,-200
169,-154,-207
169,-149,-222
157,-154,-239
133,-162,-260
100,-150,-264
84,-156,-274
50,-154,-274
49,-143,-285
2,-162,-277
-21,-164,-286
-33,-162,-277
-43,-167,-274
-79,-162,-272
-88,-168,-264
-99,-162,-253
-110,-163,-235
-156,-168,-202
-169,-164,-188
-174,-162,-181
-194,-173,-168
-207,-175,-127
-204,-168,-96
-213,-172,-66
-198,-164,-43
-202,-168,-15
-203,-162,4
-188,-164,19
-191,-162,38
-184,-179,62
-173,-165,65
-162,-162,78
-151,-158,87
-135,-169,119
-125,-159,126
-95,-160,135
-75,-154,155
-33,-154,150
-16,-169,167
9,-156,164
25,-158,168
64,-158,158
81,-148,156
89,-159,148
107,-155,144
145,-164,124
152,-154,114
165,-158,99
179,-146,93
209,-145,29
219,-150,15
232,-141,-16
234,-149,-47
225,-134,-119
213,-139,-153
207,-130,-175
196,-126,-188
174,-126,-224
163,-120,-235
146,-132,-249
127,-122,-268
96,-118,-274
88,-120,-285
70,-126,-291
62,-111,-294
33,-129,-294
24,-118,-294
14,-124,-291
2,-116,-298
-26,-116,-289
-25,-125,-300
-41,-121,-289
-46,-121,-296
-46,-108,-294
-60,-116,-286
-65,-103,-294
-76,-122,-285
-81,-117,-271
-79,-106,-279
-87,-113,-270
-98,-115,-273
-102,-110,-266
-101,-113,-270
-107,-112,-276
-101,-118,-277
-99,-113,-267
-84,-121,-277
-94,-108,-270
-79,-108,-282
-76,-117,-278
-60,-118,-291
-26,-106,-289
18,-102,-300
72,-108,-289
83,-105,-292
99,-98,-286
106,-96,-286
171,-103,-229
210,-106,-186
228,-102,-149
234,-88,-136
247,-96,-112
243,-94,-103
250,-97,-75
248,-77,-51
231,-87,13
225,-83,31
213,-91,45
225,-83,59
209,-77,72
198,-78,93
199,-64,94
182,-74,106
155,-73,141
128,-63,155
111,-73,155
79,-63,174
2,-65,186
-46,-70,174
-83,-87,163
-104,-91,155
-141,-79,132
-145,-96,112
-155,-91,105
-161,-97,103
-165,-97,96
-171,-98,105
-167,-88,98
-175,-84,99
-163,-89,94
-170,-94,103
-152,-96,105
-157,-96,102
-162,-93,119
-156,-102,113
-153,-92,118
-151,-97,106
-153,-102,113
-151,-105,115
-153,-110,120
-148,-105,120
-147,-96,119
-146,-99,113
-151,-92,120
-152,-88,109
-156,-105,115
-157,-101,107
-163,-87,106
-158,-102,111
-159,-96,117
-158,-87,111
-163,-82,108
-156,-92,113
-159,-98,98
-168,-89,101
-176,-81,100
-171,-81,90
-171,-70,90
-184,-68,93
-159,-70,93
-184,-63,88
-171,-60,90
-167,-58,93
-167,-50,88
-176,-48,90
-165,-24,92
-159,-32,102
-164,-15,95
-161,-16,82
-175,-6,82
-165,1,84
-159,-5,88
-162,-7,88
-147,7,95
-153,13,87
-153,18,82
-151,24,80
-162,32,86
-140,27,90
-141,36,89
-145,30,98
-140,35,98
-125,30,100
-133,43,102
-123,35,107
-108,50,109
-116,45,109
-110,44,113
-106,60,109
-96,50,105
-94,55,109
-95,46,120
-92,48,107
-83,49,120
-92,53,121
-89,60,119
-85,54,118
-82,53,124
-84,58,119
-89,53,114
-81,54,120
-77,48,119
-81,54,113
-88,64,127
-77,55,114
-85,51,115
-79,55,119
-87,53,119
-83,59,127
-73,49,123
-87,50,133
-84,50,119
-79,55,126
-87,53,124
-78,62,118
-79,53,126
-92,50,126
-78,64,125
-76,56,118
-73,51,127
-79,55,129
-73,59,123
-83,77,123
-81,59,118
-75,65,119
-82,65,124
-75,60,131
-76,67,120
-76,69,111
-76,56,123
-78,56,118
-78,64,118
-77,58,114
-82,60,129
-73,64,111
-76,56,120
-67,63,133
-67,63,114
-73,64,118
-70,63,109
-72,60,124
-83,59,115
-78,56,118
-81,69,120
-88,67,127
-92,60,126
-71,62,125
-85,64,118
-90,62,120
-84,53,119
-85,59,120
-84,65,121
-87,58,121
-79,55,126
-84,65,117
-78,56,118
-73,62,120
-82,58,117
-79,58,119
-85,67,120
-76,62,120
-76,51,115
-90,62,111
-79,55,119
-84,60,124
-82,70,121
-79,60,119
-87,48,114
-83,56,113
-89,63,117
-81,62,120
-87,58,112
-87,58,114
-73,54,108
-81,54,127
-82,58,114
-83,62,113
-78,54,106
-77,63,109
-71,62,118
-83,56,118
-81,51,113
-88,51,111
-89,65,117
-81,54,111
-88,67,115
-79,55,107
-83,46,118
-90,62,115
-75,68,121
-79,55,117
-84,58,105
-93,62,115
-98,62,127
-85,56,103
-79,60,109
-88,62,113
-77,58,121
-88,59,118
-90,59,113
-79,48,119
-81,62,115
-99,68,124
-90,62,118
-85,51,123
-89,68,112
-81,56,113
-90,62,125
-83,62,113
-92,73,112
-90,59,118
-85,56,118
-84,63,114
-90,59,115
-92,58,112
-87,55,119
-93,59,115
-93,54,115
-94,60,107
-88,54,111
-88,59,118
-96,63,119
-94,58,112
-85,49,108
-89,58,114
-89,60,124
-85,54,118
-90,69,108
-99,60,114
-89,65,105
-94,60,114
-85,64,103
-94,55,124
-98,56,120
-92,58,112
-85,69,103
-88,56,106
-94,58,117
-82,55,112
-94,50,126
-94,50,114
-83,62,118
-83,59,111
-85,56,113
-89,60,105
-94,50,107
-94,58,107
-85,59,120
-92,55,117
-93,67,111
-83,62,118
-96,60,100
-83,62,118
-89,58,117
-90,56,106
-89,63,114
-78,67,108
-88,64,106
-88,56,115
-84,63,119
-95,69,115
-93,62,113
-84,65,117
-90,64,111
-92,65,119
-92,65,124
-92,63,107
-83,67,118
-87,58,119
-89,58,114
-93,59,123
-83,64,103
-95,54,113
-93,56,113
-98,67,111
-94,60,114
-92,70,114
-93,54,113
-95,51,120
-93,69,103
-89,60,109
-88,59,115
-92,58,105
-88,51,113
-79,60,105
-98,51,111
-79,65,100
-98,62,111
-100,56,113
-83,62,113
-89,58,112
-99,68,109
-92,65,112
-88,56,108
-84,63,109
-96,50,107
-95,59,108
-92,50,112
-94,55,107
-90,51,123
-95,56,108
-93,64,115
-100,59,108
-96,60,117
-92,68,109
-87,60,117
-82,53,112
-81,54,115
-96,60,112
-89,58,114
-92,55,114
-93,62,106
